fund_code,department_code,account_code,ordinance_amount,recommended_amount,fund_name,department_name,account_name,delta_amount,pct_change
002C,41,0140,0.0,0.0,Housing Opportunities for People with AIDS,Chicago Department of Public Health,PROFESSIONAL AND TECHNICAL SERVICES,0.0,0.0
003C,5,0140,0.0,0.0,Coronavirus Relief Fund,Office of Budget and Management,PROFESSIONAL AND TECHNICAL SERVICES,0.0,0.0
005C,41,0135,4248000.0,4248000.0,Community Development Block Grant - CARES ACT,Chicago Department of Public Health,For Delegate Agencies,0.0,0.0
005C,50,0135,1100000.0,1100000.0,Community Development Block Grant - CARES ACT,Department of Family and Support Services,For Delegate Agencies,0.0,0.0
005C,54,0140,0.0,0.0,Community Development Block Grant - CARES ACT,Department of Planning and Development,PROFESSIONAL AND TECHNICAL SERVICES,0.0,0.0
0075,5,0005,1211383.0,1211383.0,Grants Management Fund,Office of Budget and Management,Salaries and Wages - on Payroll,0.0,0.0
0075,5,0006,400031.0,400031.0,Grants Management Fund,Office of Budget and Management,Salary Provision,0.0,0.0
0075,5,0015,18069.0,18069.0,Grants Management Fund,Office of Budget and Management,Schedule Salary Adjustments,0.0,0.0
0075,5,0039,26876.0,26876.0,Grants Management Fund,Office of Budget and Management,For the Employment of Students as Trainees,0.0,0.0
0075,5,0044,815291.0,815291.0,Grants Management Fund,Office of Budget and Management,Fringe Benefits,0.0,0.0
0075,5,0140,507000.0,507000.0,Grants Management Fund,Office of Budget and Management,For Professional and Technical Services and Other Third Party Benefit Agreements,0.0,0.0
0075,5,0166,5000.0,5000.0,Grants Management Fund,Office of Budget and Management,"Dues, Subscriptions and Memberships",0.0,0.0
0075,5,0190,2250.0,2250.0,Grants Management Fund,Office of Budget and Management,Telephone - Centrex Billings,0.0,0.0
0075,5,0245,15000.0,15000.0,Grants Management Fund,Office of Budget and Management,Reimbursement to Travelers,0.0,0.0
0075,5,0350,5000.0,5000.0,Grants Management Fund,Office of Budget and Management,Stationery and Office Supplies,0.0,0.0
0075,27,0005,1308112.0,1308112.0,Grants Management Fund,Department of Finance,Salaries and Wages - on Payroll,0.0,0.0
0075,27,0006,0.0,0.0,Grants Management Fund,Department of Finance,SALARY PROVISION,0.0,0.0
0075,27,0015,11930.0,11930.0,Grants Management Fund,Department of Finance,Schedule Salary Adjustments,0.0,0.0
0075,27,0044,886835.0,886835.0,Grants Management Fund,Department of Finance,Fringe Benefits,0.0,0.0
0075,27,0140,185737.0,185737.0,Grants Management Fund,Department of Finance,For Professional and Technical Services and Other Third Party Benefit Agreements,0.0,0.0
0075,27,0142,158895.0,158895.0,Grants Management Fund,Department of Finance,Accounting and Auditing,0.0,0.0
0075,27,0149,37500.0,37500.0,Grants Management Fund,Department of Finance,For Software Maintenance and Licensing,0.0,0.0
0075,33,0005,563040.0,563040.0,Grants Management Fund,Department of Human Resources,Salaries and Wages - on Payroll,0.0,0.0
0075,33,0006,31556.0,31556.0,Grants Management Fund,Department of Human Resources,Salary Provision,0.0,0.0
0075,33,0015,3494.0,3494.0,Grants Management Fund,Department of Human Resources,Schedule Salary Adjustments,0.0,0.0
0075,33,0044,388323.0,388323.0,Grants Management Fund,Department of Human Resources,Fringe Benefits,0.0,0.0
008C,50,0135,0.0,0.0,Community Services Block Grant (CSBG) - CARES Act,Department of Family and Support Services,DELEGATE AGENCIES,0.0,0.0
009C,50,0135,700000.0,0.0,Emergency Solutions,Department of Family and Support Services,For Delegate Agencies,700000.0,0.0
0100,1,0005,11370347.0,11370347.0,Corporate Fund,Office of the Mayor,Salaries and Wages - on Payroll,0.0,0.0
0100,1,0039,249060.0,249060.0,Corporate Fund,Office of the Mayor,For the Employment of Students as Trainees,0.0,0.0
0100,1,0126,1600.0,1600.0,Corporate Fund,Office of the Mayor,Office Conveniences,0.0,0.0
0100,1,0130,5500.0,5500.0,Corporate Fund,Office of the Mayor,Postage,0.0,0.0
0100,1,0140,20000.0,20000.0,Corporate Fund,Office of the Mayor,For Professional and Technical Services and Other Third Party Benefit Agreements,0.0,0.0
0100,1,0149,2500.0,2500.0,Corporate Fund,Office of the Mayor,For Software Maintenance and Licensing,0.0,0.0
0100,1,0150,1600.0,1600.0,Corporate Fund,Office of the Mayor,Publications and Reproduction - Outside Services.  To Be Expended with the Prior Approval of Graphics Services,0.0,0.0
0100,1,0157,46000.0,46000.0,Corporate Fund,Office of the Mayor,Rental of Equipment and Services,0.0,0.0
0100,1,0159,52000.0,52000.0,Corporate Fund,Office of the Mayor,Lease Purchase Agreements for Equipment and Machinery,0.0,0.0
0100,1,0162,6984.0,6984.0,Corporate Fund,Office of the Mayor,Repair/Maintenance of Equipment,0.0,0.0
0100,1,0166,248023.0,248023.0,Corporate Fund,Office of the Mayor,"Dues, Subscriptions and Memberships",0.0,0.0
0100,1,0169,6000.0,6000.0,Corporate Fund,Office of the Mayor,Technical Meeting Costs,0.0,0.0
0100,1,0229,1000.0,1000.0,Corporate Fund,Office of the Mayor,Transportation and Expense Allowance,0.0,0.0
0100,1,0245,100000.0,100000.0,Corporate Fund,Office of the Mayor,Reimbursement to Travelers,0.0,0.0
0100,1,0270,3000.0,3000.0,Corporate Fund,Office of the Mayor,Local Transportation,0.0,0.0
0100,1,0350,30000.0,30000.0,Corporate Fund,Office of the Mayor,Stationery and Office Supplies,0.0,0.0
0100,1,9121,200000.0,200000.0,Corporate Fund,Office of the Mayor,For Payment of Costs Associated with Lobbyist Activities on Behalf of the City of Chicago,0.0,0.0
0100,3,0005,8138933.0,8138933.0,Corporate Fund,Office of Inspector General,Salaries and Wages - on Payroll,0.0,0.0
0100,3,0015,157957.0,157957.0,Corporate Fund,Office of Inspector General,Schedule Salary Adjustments,0.0,0.0
0100,3,0020,3000.0,3000.0,Corporate Fund,Office of Inspector General,Overtime,0.0,0.0
0100,3,0130,2083.0,2083.0,Corporate Fund,Office of Inspector General,Postage,0.0,0.0
0100,3,0138,121349.0,121349.0,Corporate Fund,Office of Inspector General,For Professional Services for Information Technology Maintenance,0.0,0.0
0100,3,0140,348253.0,348253.0,Corporate Fund,Office of Inspector General,For Professional and Technical Services and Other Third Party Benefit Agreements,0.0,0.0
0100,3,0143,52500.0,52500.0,Corporate Fund,Office of Inspector General,Court Reporting,0.0,0.0
0100,3,0149,928276.0,928276.0,Corporate Fund,Office of Inspector General,For Software Maintenance and Licensing,0.0,0.0
0100,3,0150,6000.0,6000.0,Corporate Fund,Office of Inspector General,Publications and Reproduction - Outside Services.  To Be Expended with the Prior Approval of Graphics Services,0.0,0.0
0100,3,0152,5000.0,5000.0,Corporate Fund,Office of Inspector General,Advertising,0.0,0.0
0100,3,0157,48779.0,48779.0,Corporate Fund,Office of Inspector General,Rental of Equipment and Services,0.0,0.0
0100,3,0159,129501.0,129501.0,Corporate Fund,Office of Inspector General,Lease Purchase Agreements for Equipment and Machinery,0.0,0.0
0100,3,0162,1000.0,1000.0,Corporate Fund,Office of Inspector General,Repair/Maintenance of Equipment,0.0,0.0
0100,3,0166,16197.0,16197.0,Corporate Fund,Office of Inspector General,"Dues, Subscriptions and Memberships",0.0,0.0
0100,3,0169,145600.0,145600.0,Corporate Fund,Office of Inspector General,Technical Meeting Costs,0.0,0.0
0100,3,0181,29929.0,29929.0,Corporate Fund,Office of Inspector General,Mobile Communication Services,0.0,0.0
0100,3,0189,64969.0,64969.0,Corporate Fund,Office of Inspector General,Telephone - Non-Centrex Billings,0.0,0.0
0100,3,0245,12310.0,12310.0,Corporate Fund,Office of Inspector General,Reimbursement to Travelers,0.0,0.0
0100,3,0270,31277.0,31277.0,Corporate Fund,Office of Inspector General,Local Transportation,0.0,0.0
0100,3,0320,2506.0,2506.0,Corporate Fund,Office of Inspector General,Gasoline,0.0,0.0
0100,3,0340,5423.0,5423.0,Corporate Fund,Office of Inspector General,Material and Supplies,0.0,0.0
0100,3,0348,1273.0,1273.0,Corporate Fund,Office of Inspector General,Books and Related Material,0.0,0.0
0100,3,0350,27844.0,27844.0,Corporate Fund,Office of Inspector General,Stationery and Office Supplies,0.0,0.0
0100,3,0446,88477.0,88477.0,Corporate Fund,Office of Inspector General,For the Purchase of IT and Data Communication Hardware,0.0,0.0
0100,3,0700,97060.0,97060.0,Corporate Fund,Office of Inspector General,Contingencies,0.0,0.0
0100,3,9438,2000.0,2000.0,Corporate Fund,Office of Inspector General,For Services Provided by the Department of Fleet and Facilities Management,0.0,0.0
0100,5,0005,3759517.0,3759517.0,Corporate Fund,Office of Budget and Management,Salaries and Wages - on Payroll,0.0,0.0
0100,5,0015,87935.0,87935.0,Corporate Fund,Office of Budget and Management,Schedule Salary Adjustments,0.0,0.0
0100,5,0039,37500.0,37500.0,Corporate Fund,Office of Budget and Management,For the Employment of Students as Trainees,0.0,0.0
0100,5,0130,1500.0,1500.0,Corporate Fund,Office of Budget and Management,Postage,0.0,0.0
0100,5,0140,24500.0,24500.0,Corporate Fund,Office of Budget and Management,For Professional and Technical Services and Other Third Party Benefit Agreements,0.0,0.0
0100,5,0152,1000.0,1000.0,Corporate Fund,Office of Budget and Management,Advertising,0.0,0.0
0100,5,0157,8000.0,8000.0,Corporate Fund,Office of Budget and Management,Rental of Equipment and Services,0.0,0.0
0100,5,0166,2000.0,2000.0,Corporate Fund,Office of Budget and Management,"Dues, Subscriptions and Memberships",0.0,0.0
0100,5,0169,1000.0,1000.0,Corporate Fund,Office of Budget and Management,Technical Meeting Costs,0.0,0.0
0100,5,0229,9500.0,9500.0,Corporate Fund,Office of Budget and Management,Transportation and Expense Allowance,0.0,0.0
0100,5,0270,500.0,500.0,Corporate Fund,Office of Budget and Management,Local Transportation,0.0,0.0
0100,5,0348,200.0,200.0,Corporate Fund,Office of Budget and Management,Books and Related Material,0.0,0.0
0100,5,0350,5400.0,5400.0,Corporate Fund,Office of Budget and Management,Stationery and Office Supplies,0.0,0.0
0100,6,0005,11462481.0,10913577.0,Corporate Fund,Department of Technology and Innovation,Salaries and Wages - on Payroll,548904.0,5.029551722592877
0100,6,0015,38245.0,38245.0,Corporate Fund,Department of Technology and Innovation,Schedule Salary Adjustments,0.0,0.0
0100,6,0138,4641709.0,4641709.0,Corporate Fund,Department of Technology and Innovation,For Professional Services for Information Technology Maintenance,0.0,0.0
0100,6,0140,1453850.0,1453850.0,Corporate Fund,Department of Technology and Innovation,For Professional and Technical Services and Other Third Party Benefit Agreements,0.0,0.0
0100,6,0149,14321643.0,14321643.0,Corporate Fund,Department of Technology and Innovation,For Software Maintenance and Licensing,0.0,0.0
0100,6,0162,1919995.0,1919995.0,Corporate Fund,Department of Technology and Innovation,Repair/Maintenance of Equipment,0.0,0.0
0100,6,0166,540542.0,540542.0,Corporate Fund,Department of Technology and Innovation,"Dues, Subscriptions and Memberships",0.0,0.0
0100,6,0169,61672.0,61672.0,Corporate Fund,Department of Technology and Innovation,Technical Meeting Costs,0.0,0.0
0100,6,0181,1380668.0,1380668.0,Corporate Fund,Department of Technology and Innovation,Mobile Communication Services,0.0,0.0
0100,6,0188,860906.0,860906.0,Corporate Fund,Department of Technology and Innovation,Vehicle Tracking Service,0.0,0.0
0100,6,0189,109397.0,109397.0,Corporate Fund,Department of Technology and Innovation,Telephone - Non-Centrex Billings,0.0,0.0
0100,6,0190,1864730.0,1864730.0,Corporate Fund,Department of Technology and Innovation,Telephone - Centrex Billings,0.0,0.0
0100,6,0196,1010516.0,1010516.0,Corporate Fund,Department of Technology and Innovation,Data Circuits,0.0,0.0
0100,6,0197,200843.0,200843.0,Corporate Fund,Department of Technology and Innovation,Telephone - Maintenance and Repair of Equipment and Voicemail,0.0,0.0
0100,6,0340,10000.0,10000.0,Corporate Fund,Department of Technology and Innovation,Material and Supplies,0.0,0.0
0100,6,0348,5000.0,5000.0,Corporate Fund,Department of Technology and Innovation,Books and Related Material,0.0,0.0
0100,6,0350,15000.0,15000.0,Corporate Fund,Department of Technology and Innovation,Stationery and Office Supplies,0.0,0.0
0100,15,0000,821208.0,821208.0,Corporate Fund,City Council,Personnel Services,0.0,0.0
0100,15,0005,7742238.0,7672230.0,Corporate Fund,City Council,Salaries and Wages - on Payroll,70008.0,0.9124856788704196
0100,15,0017,15000000.0,10636200.0,Corporate Fund,City Council,Wage Allowance for Aldermanic Ward Staff (up to Four Full-Time Salaried Employees Per Alderman),4363800.0,41.02781068426694
0100,15,0039,276500.0,276500.0,Corporate Fund,City Council,For the Employment of Students as Trainees,0.0,0.0
0100,15,0100,74700.0,74700.0,Corporate Fund,City Council,Contractual Services,0.0,0.0
0100,15,0126,1000.0,1000.0,Corporate Fund,City Council,Office Conveniences,0.0,0.0
0100,15,0130,3000.0,3000.0,Corporate Fund,City Council,Postage,0.0,0.0
0100,15,0140,61520.0,61520.0,Corporate Fund,City Council,For Professional and Technical Services and Other Third Party Benefit Agreements,0.0,0.0
0100,15,0143,60000.0,60000.0,Corporate Fund,City Council,Court Reporting,0.0,0.0
0100,15,0157,65000.0,65000.0,Corporate Fund,City Council,Rental of Equipment and Services,0.0,0.0
0100,15,0165,1500.0,1500.0,Corporate Fund,City Council,Graphic Design Services,0.0,0.0
0100,15,0166,3000.0,3000.0,Corporate Fund,City Council,"Dues, Subscriptions and Memberships",0.0,0.0
0100,15,0169,1500.0,1500.0,Corporate Fund,City Council,Technical Meeting Costs,0.0,0.0
0100,15,0229,4000.0,4000.0,Corporate Fund,City Council,Transportation and Expense Allowance,0.0,0.0
0100,15,0300,15300.0,15300.0,Corporate Fund,City Council,Commodities and Materials,0.0,0.0
0100,15,0340,7000.0,7000.0,Corporate Fund,City Council,Material and Supplies,0.0,0.0
0100,15,0348,3000.0,3000.0,Corporate Fund,City Council,Books and Related Material,0.0,0.0
0100,15,0350,35000.0,35000.0,Corporate Fund,City Council,Stationery and Office Supplies,0.0,0.0
0100,15,0400,9500.0,9500.0,Corporate Fund,City Council,Equipment,0.0,0.0
0100,15,0700,32644.0,32644.0,Corporate Fund,City Council,Contingencies,0.0,0.0
0100,15,0982,1000.0,1000.0,Corporate Fund,City Council,For Expense in Connection with Recognition and Awards to Citizens of Chicago for Acts of Heroism. To Be Expended on Order of the City Council,0.0,0.0
0100,15,9005,50000.0,50000.0,Corporate Fund,City Council,For the Payment of Legal Fees Pursuant to Sec. 2-152-170 of the Municipal Code. To Be Expended at the direction of the Committee on Finance,0.0,0.0
0100,15,9006,50000.0,50000.0,Corporate Fund,City Council,For Legal Assistance to the City Council. To Be Expended at the Direction of the Chairman of the Committee on Finance,0.0,0.0
0100,15,9008,6100000.0,6100000.0,Corporate Fund,City Council,Aldermanic Expense Allowance for Ordinary and Necessary Expenses Incurred in Connection with the Performance of an Alderman's Official Duties. Warrant...,0.0,0.0
0100,15,9010,35500.0,35500.0,Corporate Fund,City Council,For Legal  Technical  Medical and Professional Services  Appraisals  Consultants  Printers  Court Reporters  and Other Incidental Contractual Services...,0.0,0.0
0100,15,9072,4000.0,4000.0,Corporate Fund,City Council,Contingent and Other Expenses for Corporate Purposes Not Otherwise Provided For. To Be Expended Under the Direction of the President Pro Tempore ...,0.0,0.0
0100,15,9231,0.0,5000000.0,Corporate Fund,City Council,HUMAN INFRASTRUCTURE MENU,-5000000.0,-100.0
0100,21,0005,2072847.0,2072847.0,Corporate Fund,Department of Housing,Salaries and Wages - on Payroll,0.0,0.0
0100,21,0015,37445.0,37445.0,Corporate Fund,Department of Housing,Schedule Salary Adjustments,0.0,0.0
0100,21,0039,218000.0,218000.0,Corporate Fund,Department of Housing,For the Employment of Students as Trainees,0.0,0.0
0100,21,0135,6774231.0,6774231.0,Corporate Fund,Department of Housing,For Delegate Agencies,0.0,0.0
0100,21,0140,556000.0,556000.0,Corporate Fund,Department of Housing,For Professional and Technical Services and Other Third Party Benefit Agreements,0.0,0.0
0100,21,0141,15000.0,15000.0,Corporate Fund,Department of Housing,Appraisals,0.0,0.0
0100,21,0149,328750.0,328750.0,Corporate Fund,Department of Housing,For Software Maintenance and Licensing,0.0,0.0
0100,21,0152,9000.0,9000.0,Corporate Fund,Department of Housing,Advertising,0.0,0.0
0100,21,0169,0.0,0.0,Corporate Fund,Department of Housing,TECHNICAL MEETING COSTS,0.0,0.0
0100,21,0229,1000.0,1000.0,Corporate Fund,Department of Housing,Transportation and Expense Allowance,0.0,0.0
0100,21,0245,9000.0,9000.0,Corporate Fund,Department of Housing,Reimbursement to Travelers,0.0,0.0
0100,21,0420,65000.0,65000.0,Corporate Fund,Department of Housing,Furniture and Fixtures,0.0,0.0
0100,21,0446,0.0,0.0,Corporate Fund,Department of Housing,PURCHASE - IT HARDWARE,0.0,0.0
0100,21,9103,0.0,0.0,Corporate Fund,Department of Housing,REHABILITATION LOANS GT,0.0,0.0
0100,21,9110,75000.0,75000.0,Corporate Fund,Department of Housing,"Property Management, Maintenance and Security",0.0,0.0
0100,21,9211,75000.0,75000.0,Corporate Fund,Department of Housing,Single-Family Troubled Building Initiative,0.0,0.0
0100,21,9212,175000.0,175000.0,Corporate Fund,Department of Housing,Multi-Family Troubled Building Initiative,0.0,0.0
0100,21,9224,700000.0,700000.0,Corporate Fund,Department of Housing,Micro Market Recovery Program,0.0,0.0
0100,21,9438,24000.0,24000.0,Corporate Fund,Department of Housing,For Services Provided by the Department of Fleet and Facilities Management,0.0,0.0
0100,25,0005,2768232.0,2692524.0,Corporate Fund,Office of City Clerk,Salaries and Wages - on Payroll,75708.0,2.811785521688943
0100,25,0015,31729.0,31729.0,Corporate Fund,Office of City Clerk,Schedule Salary Adjustments,0.0,0.0
0100,25,0020,95000.0,95000.0,Corporate Fund,Office of City Clerk,Overtime,0.0,0.0
0100,25,0130,68330.0,68330.0,Corporate Fund,Office of City Clerk,Postage,0.0,0.0
0100,25,0135,525000.0,525000.0,Corporate Fund,Office of City Clerk,For Delegate Agencies,0.0,0.0
0100,25,0140,590071.0,367821.0,Corporate Fund,Office of City Clerk,For Professional and Technical Services and Other Third Party Benefit Agreements,222250.0,60.42341247508979
0100,25,0149,1801768.0,1801768.0,Corporate Fund,Office of City Clerk,For Software Maintenance and Licensing,0.0,0.0
0100,25,0150,7000.0,7000.0,Corporate Fund,Office of City Clerk,Publications and Reproduction - Outside Services.  To Be Expended with the Prior Approval of Graphics Services,0.0,0.0
0100,25,0152,100000.0,100000.0,Corporate Fund,Office of City Clerk,Advertising,0.0,0.0
0100,25,0157,34530.0,34530.0,Corporate Fund,Office of City Clerk,Rental of Equipment and Services,0.0,0.0
0100,25,0159,98500.0,98500.0,Corporate Fund,Office of City Clerk,Lease Purchase Agreements for Equipment and Machinery,0.0,0.0
0100,25,0162,30114.0,30114.0,Corporate Fund,Office of City Clerk,Repair/Maintenance of Equipment,0.0,0.0
0100,25,0166,14500.0,14500.0,Corporate Fund,Office of City Clerk,"Dues, Subscriptions and Memberships",0.0,0.0
0100,25,0171,128250.0,128250.0,Corporate Fund,Office of City Clerk,Miscellaneous Supplies,0.0,0.0
0100,25,0340,3000.0,3000.0,Corporate Fund,Office of City Clerk,Material and Supplies,0.0,0.0
0100,25,0350,103500.0,103500.0,Corporate Fund,Office of City Clerk,Stationery and Office Supplies,0.0,0.0
0100,27,0005,26060302.0,26158786.0,Corporate Fund,Department of Finance,Salaries and Wages - on Payroll,-98484.0,-0.3764853613619531
0100,27,0012,69154.0,69154.0,Corporate Fund,Department of Finance,Contract Wage Increment - Prevailing Rate,0.0,0.0
0100,27,0015,265937.0,265937.0,Corporate Fund,Department of Finance,Schedule Salary Adjustments,0.0,0.0
0100,27,0020,270500.0,270500.0,Corporate Fund,Department of Finance,Overtime,0.0,0.0
0100,27,0039,17000.0,17000.0,Corporate Fund,Department of Finance,For the Employment of Students as Trainees,0.0,0.0
0100,27,0091,84050.0,84050.0,Corporate Fund,Department of Finance,Uniform Allowance,0.0,0.0
0100,27,0130,171600.0,171600.0,Corporate Fund,Department of Finance,Postage,0.0,0.0
0100,27,0138,22100000.0,22100000.0,Corporate Fund,Department of Finance,For Professional Services for Information Technology Maintenance,0.0,0.0
0100,27,0140,6343446.0,6343446.0,Corporate Fund,Department of Finance,For Professional and Technical Services and Other Third Party Benefit Agreements,0.0,0.0
0100,27,0142,628425.0,628425.0,Corporate Fund,Department of Finance,Accounting and Auditing,0.0,0.0
0100,27,0149,302170.0,302170.0,Corporate Fund,Department of Finance,For Software Maintenance and Licensing,0.0,0.0
0100,27,0150,30000.0,30000.0,Corporate Fund,Department of Finance,Publications and Reproduction - Outside Services.  To Be Expended with the Prior Approval of Graphics Services,0.0,0.0
0100,27,0152,212500.0,212500.0,Corporate Fund,Department of Finance,Advertising,0.0,0.0
0100,27,0156,15574.0,15574.0,Corporate Fund,Department of Finance,Lock Box Rental,0.0,0.0
0100,27,0157,5040.0,5040.0,Corporate Fund,Department of Finance,Rental of Equipment and Services,0.0,0.0
0100,27,0159,80900.0,80900.0,Corporate Fund,Department of Finance,Lease Purchase Agreements for Equipment and Machinery,0.0,0.0
0100,27,0162,1263747.0,1263747.0,Corporate Fund,Department of Finance,Repair/Maintenance of Equipment,0.0,0.0
0100,27,0166,13862.0,13862.0,Corporate Fund,Department of Finance,"Dues, Subscriptions and Memberships",0.0,0.0
0100,27,0169,45779.0,45779.0,Corporate Fund,Department of Finance,Technical Meeting Costs,0.0,0.0
0100,27,0171,4000.0,4000.0,Corporate Fund,Department of Finance,Miscellaneous Supplies,0.0,0.0
0100,27,0178,3500.0,3500.0,Corporate Fund,Department of Finance,Freight and Express Charges,0.0,0.0
0100,27,0179,15000.0,15000.0,Corporate Fund,Department of Finance,Messenger Service,0.0,0.0
0100,27,0228,1000.0,1000.0,Corporate Fund,Department of Finance,Out of Town Travel for Auditors Only,0.0,0.0
0100,27,0229,2000.0,2000.0,Corporate Fund,Department of Finance,Transportation and Expense Allowance,0.0,0.0
0100,27,0245,28700.0,21700.0,Corporate Fund,Department of Finance,Reimbursement to Travelers,7000.0,32.25806451612903
0100,27,0270,250.0,250.0,Corporate Fund,Department of Finance,Local Transportation,0.0,0.0
0100,27,0319,6083.0,6083.0,Corporate Fund,Department of Finance,Clothing,0.0,0.0
0100,27,0339,26180.0,26180.0,Corporate Fund,Department of Finance,Revenue Stamps,0.0,0.0
0100,27,0340,161350.0,161350.0,Corporate Fund,Department of Finance,Material and Supplies,0.0,0.0
0100,27,0348,1315.0,1315.0,Corporate Fund,Department of Finance,Books and Related Material,0.0,0.0
0100,27,0350,95000.0,95000.0,Corporate Fund,Department of Finance,Stationery and Office Supplies,0.0,0.0
0100,27,0421,45000.0,45000.0,Corporate Fund,Department of Finance,Machinery and Equipment,0.0,0.0
0100,27,9067,400.0,400.0,Corporate Fund,Department of Finance,For Physical Exams,0.0,0.0
0100,27,9438,40000.0,40000.0,Corporate Fund,Department of Finance,For Services Provided by the Department of Fleet and Facilities Management,0.0,0.0
0100,28,0005,1888509.0,1795713.0,Corporate Fund,City Treasurer's Office,Salaries and Wages - on Payroll,92796.0,5.167640931485154
0100,28,0015,28399.0,28399.0,Corporate Fund,City Treasurer's Office,Schedule Salary Adjustments,0.0,0.0
0100,28,0039,15000.0,15000.0,Corporate Fund,City Treasurer's Office,For the Employment of Students as Trainees,0.0,0.0
0100,28,0130,131.0,131.0,Corporate Fund,City Treasurer's Office,Postage,0.0,0.0
0100,28,0138,120037.0,120037.0,Corporate Fund,City Treasurer's Office,For Professional Services for Information Technology Maintenance,0.0,0.0
0100,28,0140,526801.0,327801.0,Corporate Fund,City Treasurer's Office,For Professional and Technical Services and Other Third Party Benefit Agreements,199000.0,60.70756343025189
0100,28,0142,92000.0,92000.0,Corporate Fund,City Treasurer's Office,Accounting and Auditing,0.0,0.0
0100,28,0149,31721.0,31721.0,Corporate Fund,City Treasurer's Office,For Software Maintenance and Licensing,0.0,0.0
0100,28,0150,3000.0,3000.0,Corporate Fund,City Treasurer's Office,Publications and Reproduction - Outside Services.  To Be Expended with the Prior Approval of Graphics Services,0.0,0.0
0100,28,0157,51000.0,51000.0,Corporate Fund,City Treasurer's Office,Rental of Equipment and Services,0.0,0.0
0100,28,0159,26346.0,26346.0,Corporate Fund,City Treasurer's Office,Lease Purchase Agreements for Equipment and Machinery,0.0,0.0
0100,28,0166,333090.0,333090.0,Corporate Fund,City Treasurer's Office,"Dues, Subscriptions and Memberships",0.0,0.0
0100,28,0169,40000.0,40000.0,Corporate Fund,City Treasurer's Office,Technical Meeting Costs,0.0,0.0
0100,28,0179,500.0,500.0,Corporate Fund,City Treasurer's Office,Messenger Service,0.0,0.0
0100,28,0245,20000.0,20000.0,Corporate Fund,City Treasurer's Office,Reimbursement to Travelers,0.0,0.0
0100,28,0270,1500.0,1500.0,Corporate Fund,City Treasurer's Office,Local Transportation,0.0,0.0
0100,28,0350,6500.0,6500.0,Corporate Fund,City Treasurer's Office,Stationery and Office Supplies,0.0,0.0
0100,28,9438,10000.0,10000.0,Corporate Fund,City Treasurer's Office,For Services Provided by the Department of Fleet and Facilities Management,0.0,0.0
0100,30,0005,3354303.0,3354303.0,Corporate Fund,Department of Administrative Hearings,Salaries and Wages - on Payroll,0.0,0.0
0100,30,0015,34855.0,34855.0,Corporate Fund,Department of Administrative Hearings,Schedule Salary Adjustments,0.0,0.0
0100,30,0020,2700.0,2700.0,Corporate Fund,Department of Administrative Hearings,Overtime,0.0,0.0
0100,30,0039,40457.0,40457.0,Corporate Fund,Department of Administrative Hearings,For the Employment of Students as Trainees,0.0,0.0
0100,30,0130,69622.0,69622.0,Corporate Fund,Department of Administrative Hearings,Postage,0.0,0.0
0100,30,0138,1110490.0,1110490.0,Corporate Fund,Department of Administrative Hearings,For Professional Services for Information Technology Maintenance,0.0,0.0
0100,30,0140,3993922.0,3993922.0,Corporate Fund,Department of Administrative Hearings,For Professional and Technical Services and Other Third Party Benefit Agreements,0.0,0.0
0100,30,0143,51829.0,51829.0,Corporate Fund,Department of Administrative Hearings,Court Reporting,0.0,0.0
0100,30,0159,51284.0,51284.0,Corporate Fund,Department of Administrative Hearings,Lease Purchase Agreements for Equipment and Machinery,0.0,0.0
0100,30,0162,600.0,600.0,Corporate Fund,Department of Administrative Hearings,Repair/Maintenance of Equipment,0.0,0.0
0100,30,0166,2350.0,2350.0,Corporate Fund,Department of Administrative Hearings,"Dues, Subscriptions and Memberships",0.0,0.0
0100,30,0169,470.0,470.0,Corporate Fund,Department of Administrative Hearings,Technical Meeting Costs,0.0,0.0
0100,30,0179,2850.0,2850.0,Corporate Fund,Department of Administrative Hearings,Messenger Service,0.0,0.0
0100,30,0229,1750.0,1750.0,Corporate Fund,Department of Administrative Hearings,Transportation and Expense Allowance,0.0,0.0
0100,30,0340,16320.0,16320.0,Corporate Fund,Department of Administrative Hearings,Material and Supplies,0.0,0.0
0100,30,0348,1000.0,1000.0,Corporate Fund,Department of Administrative Hearings,Books and Related Material,0.0,0.0
0100,30,0350,12440.0,12440.0,Corporate Fund,Department of Administrative Hearings,Stationery and Office Supplies,0.0,0.0
0100,30,9438,21850.0,21850.0,Corporate Fund,Department of Administrative Hearings,For Services Provided by the Department of Fleet and Facilities Management,0.0,0.0
0100,31,0005,33418528.0,33616696.0,Corporate Fund,Department of Law,Salaries and Wages - on Payroll,-198168.0,-0.5894927925100075
0100,31,0015,154940.0,154940.0,Corporate Fund,Department of Law,Schedule Salary Adjustments,0.0,0.0
0100,31,0020,5000.0,5000.0,Corporate Fund,Department of Law,Overtime,0.0,0.0
0100,31,0130,117420.0,117420.0,Corporate Fund,Department of Law,Postage,0.0,0.0
0100,31,0138,414373.0,414373.0,Corporate Fund,Department of Law,For Professional Services for Information Technology Maintenance,0.0,0.0
0100,31,0140,1051658.0,1051658.0,Corporate Fund,Department of Law,For Professional and Technical Services and Other Third Party Benefit Agreements,0.0,0.0
0100,31,0141,10000.0,10000.0,Corporate Fund,Department of Law,Appraisals,0.0,0.0
0100,31,0143,750478.0,750478.0,Corporate Fund,Department of Law,Court Reporting,0.0,0.0
0100,31,0145,62437.0,62437.0,Corporate Fund,Department of Law,Legal Expenses,0.0,0.0
0100,31,0149,561680.0,561680.0,Corporate Fund,Department of Law,For Software Maintenance and Licensing,0.0,0.0
0100,31,0150,14000.0,14000.0,Corporate Fund,Department of Law,Publications and Reproduction - Outside Services.  To Be Expended with the Prior Approval of Graphics Services,0.0,0.0
0100,31,0157,49883.0,49883.0,Corporate Fund,Department of Law,Rental of Equipment and Services,0.0,0.0
0100,31,0159,96934.0,96934.0,Corporate Fund,Department of Law,Lease Purchase Agreements for Equipment and Machinery,0.0,0.0
0100,31,0162,1202.0,1202.0,Corporate Fund,Department of Law,Repair/Maintenance of Equipment,0.0,0.0
0100,31,0166,129429.0,129429.0,Corporate Fund,Department of Law,"Dues, Subscriptions and Memberships",0.0,0.0
0100,31,0169,46540.0,46540.0,Corporate Fund,Department of Law,Technical Meeting Costs,0.0,0.0
0100,31,0178,7378.0,7378.0,Corporate Fund,Department of Law,Freight and Express Charges,0.0,0.0
0100,31,0229,4010.0,4010.0,Corporate Fund,Department of Law,Transportation and Expense Allowance,0.0,0.0
0100,31,0245,35000.0,35000.0,Corporate Fund,Department of Law,Reimbursement to Travelers,0.0,0.0
0100,31,0270,31750.0,31750.0,Corporate Fund,Department of Law,Local Transportation,0.0,0.0
0100,31,0348,1800.0,1800.0,Corporate Fund,Department of Law,Books and Related Material,0.0,0.0
0100,31,0350,54078.0,54078.0,Corporate Fund,Department of Law,Stationery and Office Supplies,0.0,0.0
0100,31,9438,11000.0,11000.0,Corporate Fund,Department of Law,For Services Provided by the Department of Fleet and Facilities Management,0.0,0.0
0100,33,0005,10129803.0,10129803.0,Corporate Fund,Department of Human Resources,Salaries and Wages - on Payroll,0.0,0.0
0100,33,0015,144798.0,144798.0,Corporate Fund,Department of Human Resources,Schedule Salary Adjustments,0.0,0.0
0100,33,0039,118272.0,118272.0,Corporate Fund,Department of Human Resources,For the Employment of Students as Trainees,0.0,0.0
0100,33,0050,21000.0,21000.0,Corporate Fund,Department of Human Resources,Stipends,0.0,0.0
0100,33,0130,13300.0,13300.0,Corporate Fund,Department of Human Resources,Postage,0.0,0.0
0100,33,0140,446548.0,446548.0,Corporate Fund,Department of Human Resources,For Professional and Technical Services and Other Third Party Benefit Agreements,0.0,0.0
0100,33,0143,55993.0,55993.0,Corporate Fund,Department of Human Resources,Court Reporting,0.0,0.0
0100,33,0149,45366.0,45366.0,Corporate Fund,Department of Human Resources,For Software Maintenance and Licensing,0.0,0.0
0100,33,0152,160500.0,160500.0,Corporate Fund,Department of Human Resources,Advertising,0.0,0.0
0100,33,0159,62113.0,62113.0,Corporate Fund,Department of Human Resources,Lease Purchase Agreements for Equipment and Machinery,0.0,0.0
0100,33,0162,8300.0,8300.0,Corporate Fund,Department of Human Resources,Repair/Maintenance of Equipment,0.0,0.0
0100,33,0166,42175.0,42175.0,Corporate Fund,Department of Human Resources,"Dues, Subscriptions and Memberships",0.0,0.0
0100,33,0169,86350.0,86350.0,Corporate Fund,Department of Human Resources,Technical Meeting Costs,0.0,0.0
0100,33,0178,500.0,500.0,Corporate Fund,Department of Human Resources,Freight and Express Charges,0.0,0.0
0100,33,0270,2560.0,2560.0,Corporate Fund,Department of Human Resources,Local Transportation,0.0,0.0
0100,33,0340,27055.0,27055.0,Corporate Fund,Department of Human Resources,Material and Supplies,0.0,0.0
0100,33,0350,15500.0,15500.0,Corporate Fund,Department of Human Resources,Stationery and Office Supplies,0.0,0.0
0100,33,9438,10000.0,10000.0,Corporate Fund,Department of Human Resources,For Services Provided by the Department of Fleet and Facilities Management,0.0,0.0
0100,35,0005,9763734.0,9763734.0,Corporate Fund,Department of Procurement Services,Salaries and Wages - on Payroll,0.0,0.0
0100,35,0012,3600.0,3600.0,Corporate Fund,Department of Procurement Services,Contract Wage Increment - Prevailing Rate,0.0,0.0
0100,35,0015,194631.0,194631.0,Corporate Fund,Department of Procurement Services,Schedule Salary Adjustments,0.0,0.0
0100,35,0039,15800.0,15800.0,Corporate Fund,Department of Procurement Services,For the Employment of Students as Trainees,0.0,0.0
0100,35,0130,5721.0,5721.0,Corporate Fund,Department of Procurement Services,Postage,0.0,0.0
0100,35,0138,205760.0,205760.0,Corporate Fund,Department of Procurement Services,For Professional Services for Information Technology Maintenance,0.0,0.0
0100,35,0140,1292200.0,1292200.0,Corporate Fund,Department of Procurement Services,For Professional and Technical Services and Other Third Party Benefit Agreements,0.0,0.0
0100,35,0149,19565.0,19565.0,Corporate Fund,Department of Procurement Services,For Software Maintenance and Licensing,0.0,0.0
0100,35,0152,66000.0,66000.0,Corporate Fund,Department of Procurement Services,Advertising,0.0,0.0
0100,35,0157,38497.0,38497.0,Corporate Fund,Department of Procurement Services,Rental of Equipment and Services,0.0,0.0
0100,35,0159,20300.0,20300.0,Corporate Fund,Department of Procurement Services,Lease Purchase Agreements for Equipment and Machinery,0.0,0.0
0100,35,0160,23280.0,23280.0,Corporate Fund,Department of Procurement Services,Repair or Maintenance of Property,0.0,0.0
0100,35,0162,22056.0,22056.0,Corporate Fund,Department of Procurement Services,Repair/Maintenance of Equipment,0.0,0.0
0100,35,0166,21565.0,21565.0,Corporate Fund,Department of Procurement Services,"Dues, Subscriptions and Memberships",0.0,0.0
0100,35,0168,3600.0,3600.0,Corporate Fund,Department of Procurement Services,Educational Development through Cooperative Education Program and Apprenticeship Program,0.0,0.0
0100,35,0171,26500.0,26500.0,Corporate Fund,Department of Procurement Services,Miscellaneous Supplies,0.0,0.0
0100,35,0178,500.0,500.0,Corporate Fund,Department of Procurement Services,Freight and Express Charges,0.0,0.0
0100,35,0229,200.0,200.0,Corporate Fund,Department of Procurement Services,Transportation and Expense Allowance,0.0,0.0
0100,35,0245,25000.0,25000.0,Corporate Fund,Department of Procurement Services,Reimbursement to Travelers,0.0,0.0
0100,35,0270,290.0,290.0,Corporate Fund,Department of Procurement Services,Local Transportation,0.0,0.0
0100,35,0340,3750.0,3750.0,Corporate Fund,Department of Procurement Services,Material and Supplies,0.0,0.0
0100,35,0350,22873.0,22873.0,Corporate Fund,Department of Procurement Services,Stationery and Office Supplies,0.0,0.0
0100,35,0446,11400.0,11400.0,Corporate Fund,Department of Procurement Services,For the Purchase of IT and Data Communication Hardware,0.0,0.0
0100,35,9438,25000.0,25000.0,Corporate Fund,Department of Procurement Services,For Services Provided by the Department of Fleet and Facilities Management,0.0,0.0
0100,38,0005,40932314.0,40932314.0,Corporate Fund,Department of Fleet and Facility Management,Salaries and Wages - on Payroll,0.0,0.0
0100,38,0012,530395.0,530395.0,Corporate Fund,Department of Fleet and Facility Management,Contract Wage Increment - Prevailing Rate,0.0,0.0
0100,38,0015,56641.0,56641.0,Corporate Fund,Department of Fleet and Facility Management,Schedule Salary Adjustments,0.0,0.0
0100,38,0020,2437755.0,2437755.0,Corporate Fund,Department of Fleet and Facility Management,Overtime,0.0,0.0
0100,38,0039,10000.0,10000.0,Corporate Fund,Department of Fleet and Facility Management,For the Employment of Students as Trainees,0.0,0.0
0100,38,0091,62800.0,62800.0,Corporate Fund,Department of Fleet and Facility Management,Uniform Allowance,0.0,0.0
0100,38,0125,30740210.0,30740210.0,Corporate Fund,Department of Fleet and Facility Management,Office and Building Services,0.0,0.0
0100,38,0130,30000.0,30000.0,Corporate Fund,Department of Fleet and Facility Management,Postage,0.0,0.0
0100,38,0138,0.0,0.0,Corporate Fund,Department of Fleet and Facility Management,IT MAINTENANCE,0.0,0.0
0100,38,0140,10627158.0,10627158.0,Corporate Fund,Department of Fleet and Facility Management,For Professional and Technical Services and Other Third Party Benefit Agreements,0.0,0.0
0100,38,0141,50000.0,50000.0,Corporate Fund,Department of Fleet and Facility Management,Appraisals,0.0,0.0
0100,38,0148,47025.0,47025.0,Corporate Fund,Department of Fleet and Facility Management,Testing and Inspecting,0.0,0.0
0100,38,0149,430000.0,430000.0,Corporate Fund,Department of Fleet and Facility Management,For Software Maintenance and Licensing,0.0,0.0
0100,38,0152,3700.0,3700.0,Corporate Fund,Department of Fleet and Facility Management,Advertising,0.0,0.0
0100,38,0155,15944567.0,15944567.0,Corporate Fund,Department of Fleet and Facility Management,Rental of Property,0.0,0.0
0100,38,0157,1585040.0,1585040.0,Corporate Fund,Department of Fleet and Facility Management,Rental of Equipment and Services,0.0,0.0
0100,38,0159,3302328.0,3302328.0,Corporate Fund,Department of Fleet and Facility Management,Lease Purchase Agreements for Equipment and Machinery,0.0,0.0
0100,38,0160,3733000.0,3733000.0,Corporate Fund,Department of Fleet and Facility Management,Repair or Maintenance of Property,0.0,0.0
0100,38,0161,5000000.0,5000000.0,Corporate Fund,Department of Fleet and Facility Management,"Operation, Repair or Maintenance of Facilities",0.0,0.0
0100,38,0162,4043260.0,4043260.0,Corporate Fund,Department of Fleet and Facility Management,Repair/Maintenance of Equipment,0.0,0.0
0100,38,0166,5500.0,5500.0,Corporate Fund,Department of Fleet and Facility Management,"Dues, Subscriptions and Memberships",0.0,0.0
0100,38,0169,39952.0,39952.0,Corporate Fund,Department of Fleet and Facility Management,Technical Meeting Costs,0.0,0.0
0100,38,0176,14975775.0,14975775.0,Corporate Fund,Department of Fleet and Facility Management,Maintenance and Operation of City Owned Vehicles,0.0,0.0
0100,38,0179,2500.0,2500.0,Corporate Fund,Department of Fleet and Facility Management,Messenger Service,0.0,0.0
0100,38,0181,0.0,0.0,Corporate Fund,Department of Fleet and Facility Management,MOBILE COMMUNICATION SERVICES,0.0,0.0
0100,38,0185,7400.0,7400.0,Corporate Fund,Department of Fleet and Facility Management,Waste Disposal Services,0.0,0.0
0100,38,0188,0.0,0.0,Corporate Fund,Department of Fleet and Facility Management,VEHICLE TRACKING SERVICE,0.0,0.0
0100,38,0189,0.0,0.0,Corporate Fund,Department of Fleet and Facility Management,TELEPHONE - NON-CENTREX BILLINGS,0.0,0.0
0100,38,0190,0.0,0.0,Corporate Fund,Department of Fleet and Facility Management,TELEPHONE - CENTREX BILLINGS,0.0,0.0
0100,38,0196,0.0,0.0,Corporate Fund,Department of Fleet and Facility Management,DATA CIRCUITS,0.0,0.0
0100,38,0197,0.0,0.0,Corporate Fund,Department of Fleet and Facility Management,TELEPHONE - MAINTENANCE,0.0,0.0
0100,38,0245,10000.0,10000.0,Corporate Fund,Department of Fleet and Facility Management,Reimbursement to Travelers,0.0,0.0
0100,38,0313,1384300.0,1384300.0,Corporate Fund,Department of Fleet and Facility Management,Cleaning and Sanitation Supplies,0.0,0.0
0100,38,0315,4806865.0,4806865.0,Corporate Fund,Department of Fleet and Facility Management,Motor Vehicle Diesel Fuel,0.0,0.0
0100,38,0319,88250.0,88250.0,Corporate Fund,Department of Fleet and Facility Management,Clothing,0.0,0.0
0100,38,0320,18001549.0,18001549.0,Corporate Fund,Department of Fleet and Facility Management,Gasoline,0.0,0.0
0100,38,0322,8070288.0,8070288.0,Corporate Fund,Department of Fleet and Facility Management,Natural Gas,0.0,0.0
0100,38,0325,289132.0,289132.0,Corporate Fund,Department of Fleet and Facility Management,Alternative Fuel,0.0,0.0
0100,38,0331,17364836.0,17364836.0,Corporate Fund,Department of Fleet and Facility Management,Electricity,0.0,0.0
0100,38,0338,105000.0,105000.0,Corporate Fund,Department of Fleet and Facility Management,"License Sticker, Tag and Plates",0.0,0.0
0100,38,0340,5625000.0,5625000.0,Corporate Fund,Department of Fleet and Facility Management,Material and Supplies,0.0,0.0
0100,38,0342,4230.0,4230.0,Corporate Fund,Department of Fleet and Facility Management,"Drugs, Medicine and Chemical Materials",0.0,0.0
0100,38,0345,39000.0,39000.0,Corporate Fund,Department of Fleet and Facility Management,Apparatus and Instruments,0.0,0.0
0100,38,0348,0.0,0.0,Corporate Fund,Department of Fleet and Facility Management,BOOKS AND RELATED MATERIAL,0.0,0.0
0100,38,0350,525000.0,525000.0,Corporate Fund,Department of Fleet and Facility Management,Stationery and Office Supplies,0.0,0.0
0100,38,0360,24062624.0,24062624.0,Corporate Fund,Department of Fleet and Facility Management,Repair Parts and Material,0.0,0.0
0100,38,0446,35000.0,35000.0,Corporate Fund,Department of Fleet and Facility Management,For the Purchase of IT and Data Communication Hardware,0.0,0.0
0100,38,9067,7470.0,7470.0,Corporate Fund,Department of Fleet and Facility Management,For Physical Exams,0.0,0.0
0100,38,9160,487133.0,487133.0,Corporate Fund,Department of Fleet and Facility Management,For Expenses Related to Services Provided by PBC,0.0,0.0
0100,39,0005,7314131.0,7314131.0,Corporate Fund,Board of Election Commissioners,Salaries and Wages - on Payroll,0.0,0.0
0100,39,0020,1198809.0,1198809.0,Corporate Fund,Board of Election Commissioners,Overtime,0.0,0.0
0100,39,0055,1378080.0,1378080.0,Corporate Fund,Board of Election Commissioners,Extra Hire,0.0,0.0
0100,39,0125,500000.0,500000.0,Corporate Fund,Board of Election Commissioners,Office and Building Services,0.0,0.0
0100,39,0130,317412.0,317412.0,Corporate Fund,Board of Election Commissioners,Postage,0.0,0.0
0100,39,0138,2041207.0,2041207.0,Corporate Fund,Board of Election Commissioners,For Professional Services for Information Technology Maintenance,0.0,0.0
0100,39,0140,5704726.0,5704726.0,Corporate Fund,Board of Election Commissioners,For Professional and Technical Services and Other Third Party Benefit Agreements,0.0,0.0
0100,39,0143,198000.0,198000.0,Corporate Fund,Board of Election Commissioners,Court Reporting,0.0,0.0
0100,39,0145,2882992.0,2882992.0,Corporate Fund,Board of Election Commissioners,Legal Expenses,0.0,0.0
0100,39,0149,2345145.0,2345145.0,Corporate Fund,Board of Election Commissioners,For Software Maintenance and Licensing,0.0,0.0
0100,39,0150,181000.0,181000.0,Corporate Fund,Board of Election Commissioners,Publications and Reproduction - Outside Services.  To Be Expended with the Prior Approval of Graphics Services,0.0,0.0
0100,39,0152,291000.0,291000.0,Corporate Fund,Board of Election Commissioners,Advertising,0.0,0.0
0100,39,0154,1967823.0,1967823.0,Corporate Fund,Board of Election Commissioners,"For the Rental and Maintenance of Data Processing, Office Automation and Data Communications Hardware",0.0,0.0
0100,39,0155,1494524.0,1494524.0,Corporate Fund,Board of Election Commissioners,Rental of Property,0.0,0.0
0100,39,0157,51000.0,51000.0,Corporate Fund,Board of Election Commissioners,Rental of Equipment and Services,0.0,0.0
0100,39,0159,748363.0,748363.0,Corporate Fund,Board of Election Commissioners,Lease Purchase Agreements for Equipment and Machinery,0.0,0.0
0100,39,0162,222184.0,222184.0,Corporate Fund,Board of Election Commissioners,Repair/Maintenance of Equipment,0.0,0.0
0100,39,0166,33614.0,33614.0,Corporate Fund,Board of Election Commissioners,"Dues, Subscriptions and Memberships",0.0,0.0
0100,39,0169,44460.0,44460.0,Corporate Fund,Board of Election Commissioners,Technical Meeting Costs,0.0,0.0
0100,39,0172,2410.0,2410.0,Corporate Fund,Board of Election Commissioners,For the Cost of Insurance Premiums and Expenses,0.0,0.0
0100,39,0178,15376.0,15376.0,Corporate Fund,Board of Election Commissioners,Freight and Express Charges,0.0,0.0
0100,39,0181,1688985.0,1688985.0,Corporate Fund,Board of Election Commissioners,Mobile Communication Services,0.0,0.0
0100,39,0190,2563249.0,2563249.0,Corporate Fund,Board of Election Commissioners,Telephone - Centrex Billings,0.0,0.0
0100,39,0229,6350.0,6350.0,Corporate Fund,Board of Election Commissioners,Transportation and Expense Allowance,0.0,0.0
0100,39,0245,4550.0,4550.0,Corporate Fund,Board of Election Commissioners,Reimbursement to Travelers,0.0,0.0
0100,39,0270,4360.0,4360.0,Corporate Fund,Board of Election Commissioners,Local Transportation,0.0,0.0
0100,39,0340,775180.0,775180.0,Corporate Fund,Board of Election Commissioners,Material and Supplies,0.0,0.0
0100,39,0350,507491.0,507491.0,Corporate Fund,Board of Election Commissioners,Stationery and Office Supplies,0.0,0.0
0100,41,0005,25999773.0,25999773.0,Corporate Fund,Chicago Department of Public Health,Salaries and Wages - on Payroll,0.0,0.0
0100,41,0015,286344.0,286344.0,Corporate Fund,Chicago Department of Public Health,Schedule Salary Adjustments,0.0,0.0
0100,41,0020,148336.0,148336.0,Corporate Fund,Chicago Department of Public Health,Overtime,0.0,0.0
0100,41,0050,43700.0,43700.0,Corporate Fund,Chicago Department of Public Health,Stipends,0.0,0.0
0100,41,0091,18500.0,18500.0,Corporate Fund,Chicago Department of Public Health,Uniform Allowance,0.0,0.0
0100,41,0125,292090.0,292090.0,Corporate Fund,Chicago Department of Public Health,Office and Building Services,0.0,0.0
0100,41,0130,28000.0,28000.0,Corporate Fund,Chicago Department of Public Health,Postage,0.0,0.0
0100,41,0135,21689245.0,21689245.0,Corporate Fund,Chicago Department of Public Health,For Delegate Agencies,0.0,0.0
0100,41,0140,7434310.0,7434310.0,Corporate Fund,Chicago Department of Public Health,For Professional and Technical Services and Other Third Party Benefit Agreements,0.0,0.0
0100,41,0148,2000.0,2000.0,Corporate Fund,Chicago Department of Public Health,Testing and Inspecting,0.0,0.0
0100,41,0149,98377.0,98377.0,Corporate Fund,Chicago Department of Public Health,For Software Maintenance and Licensing,0.0,0.0
0100,41,0150,70000.0,70000.0,Corporate Fund,Chicago Department of Public Health,Publications and Reproduction - Outside Services.  To Be Expended with the Prior Approval of Graphics Services,0.0,0.0
0100,41,0159,106788.0,106788.0,Corporate Fund,Chicago Department of Public Health,Lease Purchase Agreements for Equipment and Machinery,0.0,0.0
0100,41,0162,17300.0,17300.0,Corporate Fund,Chicago Department of Public Health,Repair/Maintenance of Equipment,0.0,0.0
0100,41,0166,101358.0,101358.0,Corporate Fund,Chicago Department of Public Health,"Dues, Subscriptions and Memberships",0.0,0.0
0100,41,0169,42497.0,42497.0,Corporate Fund,Chicago Department of Public Health,Technical Meeting Costs,0.0,0.0
0100,41,0179,5000.0,5000.0,Corporate Fund,Chicago Department of Public Health,Messenger Service,0.0,0.0
0100,41,0181,308812.0,308812.0,Corporate Fund,Chicago Department of Public Health,Mobile Communication Services,0.0,0.0
0100,41,0229,11000.0,11000.0,Corporate Fund,Chicago Department of Public Health,Transportation and Expense Allowance,0.0,0.0
0100,41,0245,15000.0,15000.0,Corporate Fund,Chicago Department of Public Health,Reimbursement to Travelers,0.0,0.0
0100,41,0270,3150.0,3150.0,Corporate Fund,Chicago Department of Public Health,Local Transportation,0.0,0.0
0100,41,0330,1220.0,1220.0,Corporate Fund,Chicago Department of Public Health,Food,0.0,0.0
0100,41,0340,49088.0,49088.0,Corporate Fund,Chicago Department of Public Health,Material and Supplies,0.0,0.0
0100,41,0342,957645.0,957645.0,Corporate Fund,Chicago Department of Public Health,"Drugs, Medicine and Chemical Materials",0.0,0.0
0100,41,0350,35000.0,35000.0,Corporate Fund,Chicago Department of Public Health,Stationery and Office Supplies,0.0,0.0
0100,41,0424,530000.0,530000.0,Corporate Fund,Chicago Department of Public Health,Furniture and Furnishings,0.0,0.0
0100,41,0446,146015.0,146015.0,Corporate Fund,Chicago Department of Public Health,For the Purchase of IT and Data Communication Hardware,0.0,0.0
0100,41,9254,14460000.0,14460000.0,Corporate Fund,Chicago Department of Public Health,Violence Reduction Program,0.0,0.0
0100,41,9283,1000000.0,1000000.0,Corporate Fund,Chicago Department of Public Health,CARE Pilot Program,0.0,0.0
0100,41,9296,2820458.0,2820458.0,Corporate Fund,Chicago Department of Public Health,Reproductive Health Initiative,0.0,0.0
0100,41,9438,82500.0,82500.0,Corporate Fund,Chicago Department of Public Health,For Services Provided by the Department of Fleet and Facilities Management,0.0,0.0
0100,45,0005,1227415.0,1227415.0,Corporate Fund,Chicago Commission on Human Relations,Salaries and Wages - on Payroll,0.0,0.0
0100,45,0015,22166.0,22166.0,Corporate Fund,Chicago Commission on Human Relations,Schedule Salary Adjustments,0.0,0.0
0100,45,0020,1429.0,1429.0,Corporate Fund,Chicago Commission on Human Relations,Overtime,0.0,0.0
0100,45,0039,23068.0,23068.0,Corporate Fund,Chicago Commission on Human Relations,For the Employment of Students as Trainees,0.0,0.0
0100,45,0130,3000.0,3000.0,Corporate Fund,Chicago Commission on Human Relations,Postage,0.0,0.0
0100,45,0139,0.0,0.0,Corporate Fund,Chicago Commission on Human Relations,IT DEVELOPMENT,0.0,0.0
0100,45,0140,46245.0,46245.0,Corporate Fund,Chicago Commission on Human Relations,For Professional and Technical Services and Other Third Party Benefit Agreements,0.0,0.0
0100,45,0143,4400.0,4400.0,Corporate Fund,Chicago Commission on Human Relations,Court Reporting,0.0,0.0
0100,45,0149,2247.0,2247.0,Corporate Fund,Chicago Commission on Human Relations,For Software Maintenance and Licensing,0.0,0.0
0100,45,0152,4400.0,4400.0,Corporate Fund,Chicago Commission on Human Relations,Advertising,0.0,0.0
0100,45,0159,3777.0,3777.0,Corporate Fund,Chicago Commission on Human Relations,Lease Purchase Agreements for Equipment and Machinery,0.0,0.0
0100,45,0166,18710.0,18710.0,Corporate Fund,Chicago Commission on Human Relations,"Dues, Subscriptions and Memberships",0.0,0.0
0100,45,0169,6435.0,6435.0,Corporate Fund,Chicago Commission on Human Relations,Technical Meeting Costs,0.0,0.0
0100,45,0229,0.0,0.0,Corporate Fund,Chicago Commission on Human Relations,TRANSPORTATION AND EXPENSE ALLOWANCE,0.0,0.0
0100,45,0245,3000.0,3000.0,Corporate Fund,Chicago Commission on Human Relations,Reimbursement to Travelers,0.0,0.0
0100,45,0270,6100.0,6100.0,Corporate Fund,Chicago Commission on Human Relations,Local Transportation,0.0,0.0
0100,45,0350,3600.0,3600.0,Corporate Fund,Chicago Commission on Human Relations,Stationery and Office Supplies,0.0,0.0
0100,45,0424,0.0,0.0,Corporate Fund,Chicago Commission on Human Relations,FURNITURE AND FURNISHINGS,0.0,0.0
0100,45,9438,3000.0,3000.0,Corporate Fund,Chicago Commission on Human Relations,For Services Provided by the Department of Fleet and Facilities Management,0.0,0.0
0100,48,0005,2271711.0,2271711.0,Corporate Fund,Mayor's Office for People with Disabilities,Salaries and Wages - on Payroll,0.0,0.0
0100,48,0015,38834.0,38834.0,Corporate Fund,Mayor's Office for People with Disabilities,Schedule Salary Adjustments,0.0,0.0
0100,48,0039,41750.0,41750.0,Corporate Fund,Mayor's Office for People with Disabilities,For the Employment of Students as Trainees,0.0,0.0
0100,48,0130,1800.0,1800.0,Corporate Fund,Mayor's Office for People with Disabilities,Postage,0.0,0.0
0100,48,0135,650000.0,650000.0,Corporate Fund,Mayor's Office for People with Disabilities,For Delegate Agencies,0.0,0.0
0100,48,0140,362312.0,362312.0,Corporate Fund,Mayor's Office for People with Disabilities,For Professional and Technical Services and Other Third Party Benefit Agreements,0.0,0.0
0100,48,0149,7551.0,7551.0,Corporate Fund,Mayor's Office for People with Disabilities,For Software Maintenance and Licensing,0.0,0.0
0100,48,0159,10915.0,10915.0,Corporate Fund,Mayor's Office for People with Disabilities,Lease Purchase Agreements for Equipment and Machinery,0.0,0.0
0100,48,0169,4979.0,4979.0,Corporate Fund,Mayor's Office for People with Disabilities,Technical Meeting Costs,0.0,0.0
0100,48,0245,7000.0,7000.0,Corporate Fund,Mayor's Office for People with Disabilities,Reimbursement to Travelers,0.0,0.0
0100,48,0270,7201.0,7201.0,Corporate Fund,Mayor's Office for People with Disabilities,Local Transportation,0.0,0.0
0100,48,0340,10699.0,10699.0,Corporate Fund,Mayor's Office for People with Disabilities,Material and Supplies,0.0,0.0
0100,48,0350,12387.0,12387.0,Corporate Fund,Mayor's Office for People with Disabilities,Stationery and Office Supplies,0.0,0.0
0100,48,0446,54170.0,54170.0,Corporate Fund,Mayor's Office for People with Disabilities,For the Purchase of IT and Data Communication Hardware,0.0,0.0
0100,48,9438,15000.0,15000.0,Corporate Fund,Mayor's Office for People with Disabilities,For Services Provided by the Department of Fleet and Facilities Management,0.0,0.0
0100,50,0005,11948114.0,11706698.0,Corporate Fund,Department of Family and Support Services,Salaries and Wages - on Payroll,241416.0,2.062204047631535
0100,50,0015,197488.0,197488.0,Corporate Fund,Department of Family and Support Services,Schedule Salary Adjustments,0.0,0.0
0100,50,0125,4790.0,4790.0,Corporate Fund,Department of Family and Support Services,Office and Building Services,0.0,0.0
0100,50,0130,13000.0,13000.0,Corporate Fund,Department of Family and Support Services,Postage,0.0,0.0
0100,50,0135,1350000.0,1350000.0,Corporate Fund,Department of Family and Support Services,For Delegate Agencies,0.0,0.0
0100,50,0138,480800.0,480800.0,Corporate Fund,Department of Family and Support Services,For Professional Services for Information Technology Maintenance,0.0,0.0
0100,50,0140,607000.0,607000.0,Corporate Fund,Department of Family and Support Services,For Professional and Technical Services and Other Third Party Benefit Agreements,0.0,0.0
0100,50,0149,25000.0,25000.0,Corporate Fund,Department of Family and Support Services,For Software Maintenance and Licensing,0.0,0.0
0100,50,0152,4800.0,4800.0,Corporate Fund,Department of Family and Support Services,Advertising,0.0,0.0
0100,50,0159,162394.0,162394.0,Corporate Fund,Department of Family and Support Services,Lease Purchase Agreements for Equipment and Machinery,0.0,0.0
0100,50,0166,14049.0,14049.0,Corporate Fund,Department of Family and Support Services,"Dues, Subscriptions and Memberships",0.0,0.0
0100,50,0169,40000.0,40000.0,Corporate Fund,Department of Family and Support Services,Technical Meeting Costs,0.0,0.0
0100,50,0229,565.0,565.0,Corporate Fund,Department of Family and Support Services,Transportation and Expense Allowance,0.0,0.0
0100,50,0245,7500.0,7500.0,Corporate Fund,Department of Family and Support Services,Reimbursement to Travelers,0.0,0.0
0100,50,0270,300.0,300.0,Corporate Fund,Department of Family and Support Services,Local Transportation,0.0,0.0
0100,50,0340,10500.0,10500.0,Corporate Fund,Department of Family and Support Services,Material and Supplies,0.0,0.0
0100,50,0350,13400.0,13400.0,Corporate Fund,Department of Family and Support Services,Stationery and Office Supplies,0.0,0.0
0100,50,9143,2234410.0,2234410.0,Corporate Fund,Department of Family and Support Services,Workforce Services for Target Populations,0.0,0.0
0100,50,9204,7414700.0,7414700.0,Corporate Fund,Department of Family and Support Services,Youth Mentoring Programs,0.0,0.0
0100,50,9220,1373452.0,1373452.0,Corporate Fund,Department of Family and Support Services,Chicago Youth Services Corp,0.0,0.0
0100,50,9241,1000000.0,1000000.0,Corporate Fund,Department of Family and Support Services,Criminal Justice Initiatives,0.0,0.0
0100,50,9253,13033000.0,13033000.0,Corporate Fund,Department of Family and Support Services,Early Childhood Education Program,0.0,0.0
0100,50,9254,6594025.0,6594025.0,Corporate Fund,Department of Family and Support Services,Violence Reduction Program,0.0,0.0
0100,50,9255,1540979.0,1540979.0,Corporate Fund,Department of Family and Support Services,Homeless Services for Youth,0.0,0.0
0100,50,9259,24058112.0,24058112.0,Corporate Fund,Department of Family and Support Services,Summer Programs,0.0,0.0
0100,50,9260,15969124.0,15969124.0,Corporate Fund,Department of Family and Support Services,After School Programs,0.0,0.0
0100,50,9261,1050000.0,1050000.0,Corporate Fund,Department of Family and Support Services,Children's Advocacy Center,0.0,0.0
0100,50,9262,850000.0,850000.0,Corporate Fund,Department of Family and Support Services,Earned Income Tax Credit,0.0,0.0
0100,50,9263,21549069.0,21549069.0,Corporate Fund,Department of Family and Support Services,Homeless Services,0.0,0.0
0100,50,9267,6000000.0,6000000.0,Corporate Fund,Department of Family and Support Services,Flexible Housing Pool,0.0,0.0
0100,50,9291,1550000.0,1550000.0,Corporate Fund,Department of Family and Support Services,Legal Protection Fund,0.0,0.0
0100,50,9299,1000000.0,1000000.0,Corporate Fund,Department of Family and Support Services,Gender Based Violence Services,0.0,0.0
0100,50,9438,154105.0,154105.0,Corporate Fund,Department of Family and Support Services,For Services Provided by the Department of Fleet and Facilities Management,0.0,0.0
0100,51,0005,20530140.0,20530140.0,Corporate Fund,Office of Public Safety Administration,Salaries and Wages - on Payroll,0.0,0.0
0100,51,0012,7120.0,7120.0,Corporate Fund,Office of Public Safety Administration,Contract Wage Increment - Prevailing Rate,0.0,0.0
0100,51,0015,184009.0,184009.0,Corporate Fund,Office of Public Safety Administration,Schedule Salary Adjustments,0.0,0.0
0100,51,0020,355000.0,355000.0,Corporate Fund,Office of Public Safety Administration,Overtime,0.0,0.0
0100,51,0091,10000.0,10000.0,Corporate Fund,Office of Public Safety Administration,Uniform Allowance,0.0,0.0
0100,51,0130,255436.0,255436.0,Corporate Fund,Office of Public Safety Administration,Postage,0.0,0.0
0100,51,0138,4121243.0,4121243.0,Corporate Fund,Office of Public Safety Administration,For Professional Services for Information Technology Maintenance,0.0,0.0
0100,51,0140,6161484.0,6161484.0,Corporate Fund,Office of Public Safety Administration,For Professional and Technical Services and Other Third Party Benefit Agreements,0.0,0.0
0100,51,0149,6458328.0,6458328.0,Corporate Fund,Office of Public Safety Administration,For Software Maintenance and Licensing,0.0,0.0
0100,51,0152,2400.0,2400.0,Corporate Fund,Office of Public Safety Administration,Advertising,0.0,0.0
0100,51,0157,9684407.0,9684407.0,Corporate Fund,Office of Public Safety Administration,Rental of Equipment and Services,0.0,0.0
0100,51,0159,83415.0,83415.0,Corporate Fund,Office of Public Safety Administration,Lease Purchase Agreements for Equipment and Machinery,0.0,0.0
0100,51,0161,170000.0,170000.0,Corporate Fund,Office of Public Safety Administration,"Operation, Repair or Maintenance of Facilities",0.0,0.0
0100,51,0162,251538.0,251538.0,Corporate Fund,Office of Public Safety Administration,Repair/Maintenance of Equipment,0.0,0.0
0100,51,0166,23022.0,23022.0,Corporate Fund,Office of Public Safety Administration,"Dues, Subscriptions and Memberships",0.0,0.0
0100,51,0169,58550.0,58550.0,Corporate Fund,Office of Public Safety Administration,Technical Meeting Costs,0.0,0.0
0100,51,0178,14000.0,14000.0,Corporate Fund,Office of Public Safety Administration,Freight and Express Charges,0.0,0.0
0100,51,0181,3240000.0,3240000.0,Corporate Fund,Office of Public Safety Administration,Mobile Communication Services,0.0,0.0
0100,51,0186,400.0,400.0,Corporate Fund,Office of Public Safety Administration,Pagers,0.0,0.0
0100,51,0189,690800.0,690800.0,Corporate Fund,Office of Public Safety Administration,Telephone - Non-Centrex Billings,0.0,0.0
0100,51,0190,92000.0,92000.0,Corporate Fund,Office of Public Safety Administration,Telephone - Centrex Billings,0.0,0.0
0100,51,0196,1632000.0,1632000.0,Corporate Fund,Office of Public Safety Administration,Data Circuits,0.0,0.0
0100,51,0197,27000.0,27000.0,Corporate Fund,Office of Public Safety Administration,Telephone - Maintenance and Repair of Equipment and Voicemail,0.0,0.0
0100,51,0245,42000.0,42000.0,Corporate Fund,Office of Public Safety Administration,Reimbursement to Travelers,0.0,0.0
0100,51,0320,60000.0,60000.0,Corporate Fund,Office of Public Safety Administration,Gasoline,0.0,0.0
0100,51,0330,59580.0,59580.0,Corporate Fund,Office of Public Safety Administration,Food,0.0,0.0
0100,51,0338,3524.0,3524.0,Corporate Fund,Office of Public Safety Administration,"License Sticker, Tag and Plates",0.0,0.0
0100,51,0340,2236785.0,2236785.0,Corporate Fund,Office of Public Safety Administration,Material and Supplies,0.0,0.0
0100,51,0342,25600.0,25600.0,Corporate Fund,Office of Public Safety Administration,"Drugs, Medicine and Chemical Materials",0.0,0.0
0100,51,0348,500.0,500.0,Corporate Fund,Office of Public Safety Administration,Books and Related Material,0.0,0.0
0100,51,0350,573890.0,573890.0,Corporate Fund,Office of Public Safety Administration,Stationery and Office Supplies,0.0,0.0
0100,51,0360,326500.0,326500.0,Corporate Fund,Office of Public Safety Administration,Repair Parts and Material,0.0,0.0
0100,51,0422,2000.0,2000.0,Corporate Fund,Office of Public Safety Administration,Office Machines,0.0,0.0
0100,51,0424,200000.0,200000.0,Corporate Fund,Office of Public Safety Administration,Furniture and Furnishings,0.0,0.0
0100,51,9067,2486176.0,2486176.0,Corporate Fund,Office of Public Safety Administration,For Physical Exams,0.0,0.0
0100,51,9295,3739930.0,3739930.0,Corporate Fund,Office of Public Safety Administration,Consent Decree,0.0,0.0
0100,51,9438,20000.0,20000.0,Corporate Fund,Office of Public Safety Administration,For Services Provided by the Department of Fleet and Facilities Management,0.0,0.0
0100,54,0005,11056049.0,11056049.0,Corporate Fund,Department of Planning and Development,Salaries and Wages - on Payroll,0.0,0.0
0100,54,0015,209079.0,209079.0,Corporate Fund,Department of Planning and Development,Schedule Salary Adjustments,0.0,0.0
0100,54,0039,218000.0,218000.0,Corporate Fund,Department of Planning and Development,For the Employment of Students as Trainees,0.0,0.0
0100,54,0050,62400.0,62400.0,Corporate Fund,Department of Planning and Development,Stipends,0.0,0.0
0100,54,0130,18174.0,18174.0,Corporate Fund,Department of Planning and Development,Postage,0.0,0.0
0100,54,0135,856223.0,856223.0,Corporate Fund,Department of Planning and Development,For Delegate Agencies,0.0,0.0
0100,54,0139,250000.0,250000.0,Corporate Fund,Department of Planning and Development,For Professional Services for Information Technology Development,0.0,0.0
0100,54,0140,3779107.0,3779107.0,Corporate Fund,Department of Planning and Development,For Professional and Technical Services and Other Third Party Benefit Agreements,0.0,0.0
0100,54,0141,60000.0,60000.0,Corporate Fund,Department of Planning and Development,Appraisals,0.0,0.0
0100,54,0142,63173.0,63173.0,Corporate Fund,Department of Planning and Development,Accounting and Auditing,0.0,0.0
0100,54,0143,69000.0,69000.0,Corporate Fund,Department of Planning and Development,Court Reporting,0.0,0.0
0100,54,0149,70905.0,70905.0,Corporate Fund,Department of Planning and Development,For Software Maintenance and Licensing,0.0,0.0
0100,54,0152,34945.0,34945.0,Corporate Fund,Department of Planning and Development,Advertising,0.0,0.0
0100,54,0159,45242.0,45242.0,Corporate Fund,Department of Planning and Development,Lease Purchase Agreements for Equipment and Machinery,0.0,0.0
0100,54,0162,10000.0,10000.0,Corporate Fund,Department of Planning and Development,Repair/Maintenance of Equipment,0.0,0.0
0100,54,0166,3700.0,3700.0,Corporate Fund,Department of Planning and Development,"Dues, Subscriptions and Memberships",0.0,0.0
0100,54,0169,79760.0,79760.0,Corporate Fund,Department of Planning and Development,Technical Meeting Costs,0.0,0.0
0100,54,0179,500.0,500.0,Corporate Fund,Department of Planning and Development,Messenger Service,0.0,0.0
0100,54,0229,1000.0,1000.0,Corporate Fund,Department of Planning and Development,Transportation and Expense Allowance,0.0,0.0
0100,54,0245,9000.0,9000.0,Corporate Fund,Department of Planning and Development,Reimbursement to Travelers,0.0,0.0
0100,54,0340,1000.0,1000.0,Corporate Fund,Department of Planning and Development,Material and Supplies,0.0,0.0
0100,54,0348,0.0,0.0,Corporate Fund,Department of Planning and Development,BOOKS AND RELATED MATERIAL,0.0,0.0
0100,54,0350,38356.0,38356.0,Corporate Fund,Department of Planning and Development,Stationery and Office Supplies,0.0,0.0
0100,54,0420,100000.0,100000.0,Corporate Fund,Department of Planning and Development,Furniture and Fixtures,0.0,0.0
0100,54,0446,45126.0,45126.0,Corporate Fund,Department of Planning and Development,For the Purchase of IT and Data Communication Hardware,0.0,0.0
0100,54,9438,45000.0,45000.0,Corporate Fund,Department of Planning and Development,For Services Provided by the Department of Fleet and Facilities Management,0.0,0.0
0100,55,0005,192252.0,192252.0,Corporate Fund,Chicago Police Board,Salaries and Wages - on Payroll,0.0,0.0
0100,55,0015,0.0,0.0,Corporate Fund,Chicago Police Board,SCHEDULE SALARY ADJUSTMENTS,0.0,0.0
0100,55,0050,111000.0,111000.0,Corporate Fund,Chicago Police Board,Stipends,0.0,0.0
0100,55,0140,193875.0,193875.0,Corporate Fund,Chicago Police Board,For Professional and Technical Services and Other Third Party Benefit Agreements,0.0,0.0
0100,55,0143,96000.0,96000.0,Corporate Fund,Chicago Police Board,Court Reporting,0.0,0.0
0100,55,0157,686.0,686.0,Corporate Fund,Chicago Police Board,Rental of Equipment and Services,0.0,0.0
0100,55,0165,2000.0,2000.0,Corporate Fund,Chicago Police Board,Graphic Design Services,0.0,0.0
0100,55,0166,500.0,500.0,Corporate Fund,Chicago Police Board,"Dues, Subscriptions and Memberships",0.0,0.0
0100,55,0169,600.0,600.0,Corporate Fund,Chicago Police Board,Technical Meeting Costs,0.0,0.0
0100,55,0245,1650.0,1650.0,Corporate Fund,Chicago Police Board,Reimbursement to Travelers,0.0,0.0
0100,55,0270,150.0,150.0,Corporate Fund,Chicago Police Board,Local Transportation,0.0,0.0
0100,55,0348,100.0,100.0,Corporate Fund,Chicago Police Board,Books and Related Material,0.0,0.0
0100,55,0350,875.0,875.0,Corporate Fund,Chicago Police Board,Stationery and Office Supplies,0.0,0.0
0100,55,9438,1500.0,1500.0,Corporate Fund,Chicago Police Board,For Services Provided by the Department of Fleet and Facilities Management,0.0,0.0
0100,57,0005,1326270601.0,1326325573.0,Corporate Fund,Chicago Police Department,Salaries and Wages - on Payroll,-54972.0,-0.0041446837125864566
0100,57,0015,10428341.0,10428341.0,Corporate Fund,Chicago Police Department,Schedule Salary Adjustments,0.0,0.0
0100,57,0020,100000000.0,100000000.0,Corporate Fund,Chicago Police Department,Overtime,0.0,0.0
0100,57,0021,8200000.0,8200000.0,Corporate Fund,Chicago Police Department,Sworn/Civilian Holiday Premium Pay,0.0,0.0
0100,57,0022,39000000.0,39000000.0,Corporate Fund,Chicago Police Department,Duty Availability,0.0,0.0
0100,57,0024,36000000.0,36000000.0,Corporate Fund,Chicago Police Department,Compensatory Time Payment,0.0,0.0
0100,57,0027,12250000.0,12250000.0,Corporate Fund,Chicago Police Department,Supervisors Quarterly Payment,0.0,0.0
0100,57,0032,7000000.0,7000000.0,Corporate Fund,Chicago Police Department,Reimbursable Overtime,0.0,0.0
0100,57,0039,16435.0,16435.0,Corporate Fund,Chicago Police Department,For the Employment of Students as Trainees,0.0,0.0
0100,57,0060,16100000.0,16100000.0,Corporate Fund,Chicago Police Department,Specialty Pay,0.0,0.0
0100,57,0070,6500000.0,6500000.0,Corporate Fund,Chicago Police Department,Tuition Reimbursement and Educational Programs,0.0,0.0
0100,57,0088,20000000.0,20000000.0,Corporate Fund,Chicago Police Department,Furlough/Supervisors Compensation Time Buy-Back,0.0,0.0
0100,57,0091,21500000.0,21500000.0,Corporate Fund,Chicago Police Department,Uniform Allowance,0.0,0.0
0100,57,0125,620.0,620.0,Corporate Fund,Chicago Police Department,Office and Building Services,0.0,0.0
0100,57,0138,1034.0,1034.0,Corporate Fund,Chicago Police Department,For Professional Services for Information Technology Maintenance,0.0,0.0
0100,57,0140,4478442.0,4478442.0,Corporate Fund,Chicago Police Department,For Professional and Technical Services and Other Third Party Benefit Agreements,0.0,0.0
0100,57,0149,340617.0,340617.0,Corporate Fund,Chicago Police Department,For Software Maintenance and Licensing,0.0,0.0
0100,57,0152,230000.0,230000.0,Corporate Fund,Chicago Police Department,Advertising,0.0,0.0
0100,57,0154,926089.0,926089.0,Corporate Fund,Chicago Police Department,"For the Rental and Maintenance of Data Processing, Office Automation and Data Communications Hardware",0.0,0.0
0100,57,0157,2032674.0,2032674.0,Corporate Fund,Chicago Police Department,Rental of Equipment and Services,0.0,0.0
0100,57,0162,518060.0,518060.0,Corporate Fund,Chicago Police Department,Repair/Maintenance of Equipment,0.0,0.0
0100,57,0166,457534.0,457534.0,Corporate Fund,Chicago Police Department,"Dues, Subscriptions and Memberships",0.0,0.0
0100,57,0169,2745590.0,2745590.0,Corporate Fund,Chicago Police Department,Technical Meeting Costs,0.0,0.0
0100,57,0178,10000.0,10000.0,Corporate Fund,Chicago Police Department,Freight and Express Charges,0.0,0.0
0100,57,0185,124437.0,124437.0,Corporate Fund,Chicago Police Department,Waste Disposal Services,0.0,0.0
0100,57,0245,615494.0,615494.0,Corporate Fund,Chicago Police Department,Reimbursement to Travelers,0.0,0.0
0100,57,0270,1200.0,1200.0,Corporate Fund,Chicago Police Department,Local Transportation,0.0,0.0
0100,57,0313,1000.0,1000.0,Corporate Fund,Chicago Police Department,Cleaning and Sanitation Supplies,0.0,0.0
0100,57,0319,61900.0,61900.0,Corporate Fund,Chicago Police Department,Clothing,0.0,0.0
0100,57,0330,408500.0,408500.0,Corporate Fund,Chicago Police Department,Food,0.0,0.0
0100,57,0338,800.0,800.0,Corporate Fund,Chicago Police Department,"License Sticker, Tag and Plates",0.0,0.0
0100,57,0340,8045481.0,8045481.0,Corporate Fund,Chicago Police Department,Material and Supplies,0.0,0.0
0100,57,0342,33000.0,33000.0,Corporate Fund,Chicago Police Department,"Drugs, Medicine and Chemical Materials",0.0,0.0
0100,57,0345,115032.0,115032.0,Corporate Fund,Chicago Police Department,Apparatus and Instruments,0.0,0.0
0100,57,0348,30022.0,30022.0,Corporate Fund,Chicago Police Department,Books and Related Material,0.0,0.0
0100,57,0360,969714.0,969714.0,Corporate Fund,Chicago Police Department,Repair Parts and Material,0.0,0.0
0100,57,0430,105048.0,105048.0,Corporate Fund,Chicago Police Department,Livestock,0.0,0.0
0100,57,0931,82558000.0,82558000.0,Corporate Fund,Chicago Police Department,"For the Payment of Tort and Non-Tort Judgments, Outside Counsel Expenses and Expert Costs, as Approved by the Corporation Counsel",0.0,0.0
0100,57,0937,22500000.0,22500000.0,Corporate Fund,Chicago Police Department,For Cost and Administration of Hospital and Medical Expenses for Employees Injured on Duty Who Are Not Covered Under Workers' Compensation Act,0.0,0.0
0100,57,9067,292250.0,292250.0,Corporate Fund,Chicago Police Department,For Physical Exams,0.0,0.0
0100,57,9295,7888239.0,7888239.0,Corporate Fund,Chicago Police Department,Consent Decree,0.0,0.0
0100,57,9438,450000.0,450000.0,Corporate Fund,Chicago Police Department,For Services Provided by the Department of Fleet and Facilities Management,0.0,0.0
0100,57,9481,250000.0,250000.0,Corporate Fund,Chicago Police Department,For Services Provided by the Department of Streets and Sanitation,0.0,0.0
0100,58,0005,11315829.0,11453109.0,Corporate Fund,Office of Emergency Management and Communications,Salaries and Wages - on Payroll,-137280.0,-1.1986265039475308
0100,58,0012,2059.0,2059.0,Corporate Fund,Office of Emergency Management and Communications,Contract Wage Increment - Prevailing Rate,0.0,0.0
0100,58,0015,79609.0,79609.0,Corporate Fund,Office of Emergency Management and Communications,Schedule Salary Adjustments,0.0,0.0
0100,58,0020,150000.0,150000.0,Corporate Fund,Office of Emergency Management and Communications,Overtime,0.0,0.0
0100,58,0039,21000.0,21000.0,Corporate Fund,Office of Emergency Management and Communications,For the Employment of Students as Trainees,0.0,0.0
0100,58,0091,13200.0,13200.0,Corporate Fund,Office of Emergency Management and Communications,Uniform Allowance,0.0,0.0
0100,58,0140,15500.0,15500.0,Corporate Fund,Office of Emergency Management and Communications,For Professional and Technical Services and Other Third Party Benefit Agreements,0.0,0.0
0100,58,0152,900.0,900.0,Corporate Fund,Office of Emergency Management and Communications,Advertising,0.0,0.0
0100,58,0153,1050.0,1050.0,Corporate Fund,Office of Emergency Management and Communications,Promotions,0.0,0.0
0100,58,0162,21050.0,21050.0,Corporate Fund,Office of Emergency Management and Communications,Repair/Maintenance of Equipment,0.0,0.0
0100,58,0166,1385.0,1385.0,Corporate Fund,Office of Emergency Management and Communications,"Dues, Subscriptions and Memberships",0.0,0.0
0100,58,0178,300.0,300.0,Corporate Fund,Office of Emergency Management and Communications,Freight and Express Charges,0.0,0.0
0100,58,0245,1555.0,1555.0,Corporate Fund,Office of Emergency Management and Communications,Reimbursement to Travelers,0.0,0.0
0100,58,0270,400.0,400.0,Corporate Fund,Office of Emergency Management and Communications,Local Transportation,0.0,0.0
0100,58,0319,105900.0,105900.0,Corporate Fund,Office of Emergency Management and Communications,Clothing,0.0,0.0
0100,58,0340,32250.0,32250.0,Corporate Fund,Office of Emergency Management and Communications,Material and Supplies,0.0,0.0
0100,58,0348,250.0,250.0,Corporate Fund,Office of Emergency Management and Communications,Books and Related Material,0.0,0.0
0100,58,0350,2400.0,2400.0,Corporate Fund,Office of Emergency Management and Communications,Stationery and Office Supplies,0.0,0.0
0100,58,0423,8000.0,8000.0,Corporate Fund,Office of Emergency Management and Communications,Communication Devices,0.0,0.0
0100,58,9438,40000.0,40000.0,Corporate Fund,Office of Emergency Management and Communications,For Services Provided by the Department of Fleet and Facilities Management,0.0,0.0
0100,59,0005,496114688.0,495830394.0,Corporate Fund,Chicago Fire Department,Salaries and Wages - on Payroll,284294.0,0.05733694493928099
0100,59,0015,4278091.0,4278091.0,Corporate Fund,Chicago Fire Department,Schedule Salary Adjustments,0.0,0.0
0100,59,0020,45000000.0,45000000.0,Corporate Fund,Chicago Fire Department,Overtime,0.0,0.0
0100,59,0021,23045000.0,23045000.0,Corporate Fund,Chicago Fire Department,Sworn/Civilian Holiday Premium Pay,0.0,0.0
0100,59,0022,17993000.0,17993000.0,Corporate Fund,Chicago Fire Department,Duty Availability,0.0,0.0
0100,59,0024,720000.0,720000.0,Corporate Fund,Chicago Fire Department,Compensatory Time Payment,0.0,0.0
0100,59,0028,4650000.0,4650000.0,Corporate Fund,Chicago Fire Department,Cooperative Education Program,0.0,0.0
0100,59,0060,18102553.0,18102553.0,Corporate Fund,Chicago Fire Department,Specialty Pay,0.0,0.0
0100,59,0061,5000000.0,5000000.0,Corporate Fund,Chicago Fire Department,Driver's Differential,0.0,0.0
0100,59,0062,59000.0,59000.0,Corporate Fund,Chicago Fire Department,Required Certifications,0.0,0.0
0100,59,0063,900000.0,900000.0,Corporate Fund,Chicago Fire Department,Fitness Benefit,0.0,0.0
0100,59,0070,490000.0,490000.0,Corporate Fund,Chicago Fire Department,Tuition Reimbursement and Educational Programs,0.0,0.0
0100,59,0088,9000000.0,9000000.0,Corporate Fund,Chicago Fire Department,Furlough/Supervisors Compensation Time Buy-Back,0.0,0.0
0100,59,0091,7102500.0,7102500.0,Corporate Fund,Chicago Fire Department,Uniform Allowance,0.0,0.0
0100,59,0140,7353623.0,7353623.0,Corporate Fund,Chicago Fire Department,For Professional and Technical Services and Other Third Party Benefit Agreements,0.0,0.0
0100,59,0160,12450.0,12450.0,Corporate Fund,Chicago Fire Department,Repair or Maintenance of Property,0.0,0.0
0100,59,0162,811368.0,811368.0,Corporate Fund,Chicago Fire Department,Repair/Maintenance of Equipment,0.0,0.0
0100,59,0166,9735.0,9735.0,Corporate Fund,Chicago Fire Department,"Dues, Subscriptions and Memberships",0.0,0.0
0100,59,0169,67978.0,67978.0,Corporate Fund,Chicago Fire Department,Technical Meeting Costs,0.0,0.0
0100,59,0229,28000.0,28000.0,Corporate Fund,Chicago Fire Department,Transportation and Expense Allowance,0.0,0.0
0100,59,0245,45430.0,45430.0,Corporate Fund,Chicago Fire Department,Reimbursement to Travelers,0.0,0.0
0100,59,0270,1900.0,1900.0,Corporate Fund,Chicago Fire Department,Local Transportation,0.0,0.0
0100,59,0318,3850.0,3850.0,Corporate Fund,Chicago Fire Department,Other Fuel,0.0,0.0
0100,59,0340,1934168.0,1934168.0,Corporate Fund,Chicago Fire Department,Material and Supplies,0.0,0.0
0100,59,0342,1725334.0,1725334.0,Corporate Fund,Chicago Fire Department,"Drugs, Medicine and Chemical Materials",0.0,0.0
0100,59,0345,557624.0,557624.0,Corporate Fund,Chicago Fire Department,Apparatus and Instruments,0.0,0.0
0100,59,0348,11035.0,11035.0,Corporate Fund,Chicago Fire Department,Books and Related Material,0.0,0.0
0100,59,0350,10000.0,10000.0,Corporate Fund,Chicago Fire Department,Stationery and Office Supplies,0.0,0.0
0100,59,0360,302279.0,302279.0,Corporate Fund,Chicago Fire Department,Repair Parts and Material,0.0,0.0
0100,59,0931,12000000.0,12000000.0,Corporate Fund,Chicago Fire Department,"For the Payment of Tort and Non-Tort Judgments, Outside Counsel Expenses and Expert Costs, as Approved by the Corporation Counsel",0.0,0.0
0100,59,0937,6480000.0,6480000.0,Corporate Fund,Chicago Fire Department,For Cost and Administration of Hospital and Medical Expenses for Employees Injured on Duty Who Are Not Covered Under Workers' Compensation Act,0.0,0.0
0100,59,9438,10000.0,10000.0,Corporate Fund,Chicago Fire Department,For Services Provided by the Department of Fleet and Facilities Management,0.0,0.0
0100,60,0005,14268228.0,14268228.0,Corporate Fund,Civilian Office of Police Accountability,Salaries and Wages - on Payroll,0.0,0.0
0100,60,0015,215256.0,215256.0,Corporate Fund,Civilian Office of Police Accountability,Schedule Salary Adjustments,0.0,0.0
0100,60,0020,75000.0,75000.0,Corporate Fund,Civilian Office of Police Accountability,Overtime,0.0,0.0
0100,60,0039,50000.0,50000.0,Corporate Fund,Civilian Office of Police Accountability,For the Employment of Students as Trainees,0.0,0.0
0100,60,0130,7000.0,7000.0,Corporate Fund,Civilian Office of Police Accountability,Postage,0.0,0.0
0100,60,0140,712500.0,712500.0,Corporate Fund,Civilian Office of Police Accountability,For Professional and Technical Services and Other Third Party Benefit Agreements,0.0,0.0
0100,60,0143,10000.0,10000.0,Corporate Fund,Civilian Office of Police Accountability,Court Reporting,0.0,0.0
0100,60,0149,174000.0,174000.0,Corporate Fund,Civilian Office of Police Accountability,For Software Maintenance and Licensing,0.0,0.0
0100,60,0157,80000.0,80000.0,Corporate Fund,Civilian Office of Police Accountability,Rental of Equipment and Services,0.0,0.0
0100,60,0159,15000.0,15000.0,Corporate Fund,Civilian Office of Police Accountability,Lease Purchase Agreements for Equipment and Machinery,0.0,0.0
0100,60,0162,500.0,500.0,Corporate Fund,Civilian Office of Police Accountability,Repair/Maintenance of Equipment,0.0,0.0
0100,60,0166,10500.0,10500.0,Corporate Fund,Civilian Office of Police Accountability,"Dues, Subscriptions and Memberships",0.0,0.0
0100,60,0169,35000.0,35000.0,Corporate Fund,Civilian Office of Police Accountability,Technical Meeting Costs,0.0,0.0
0100,60,0245,10000.0,10000.0,Corporate Fund,Civilian Office of Police Accountability,Reimbursement to Travelers,0.0,0.0
0100,60,0270,5000.0,5000.0,Corporate Fund,Civilian Office of Police Accountability,Local Transportation,0.0,0.0
0100,60,0319,2000.0,2000.0,Corporate Fund,Civilian Office of Police Accountability,Clothing,0.0,0.0
0100,60,0320,0.0,0.0,Corporate Fund,Civilian Office of Police Accountability,GASOLINE,0.0,0.0
0100,60,0340,37000.0,37000.0,Corporate Fund,Civilian Office of Police Accountability,Material and Supplies,0.0,0.0
0100,60,0350,25000.0,25000.0,Corporate Fund,Civilian Office of Police Accountability,Stationery and Office Supplies,0.0,0.0
0100,60,9295,1015000.0,1015000.0,Corporate Fund,Civilian Office of Police Accountability,Consent Decree,0.0,0.0
0100,60,9438,10000.0,10000.0,Corporate Fund,Civilian Office of Police Accountability,For Services Provided by the Department of Fleet and Facilities Management,0.0,0.0
0100,62,0005,2718538.0,2718538.0,Corporate Fund,Community Commission for Public Safety and Accountability,Salaries and Wages - on Payroll,0.0,0.0
0100,62,0015,27872.0,27872.0,Corporate Fund,Community Commission for Public Safety and Accountability,Schedule Salary Adjustments,0.0,0.0
0100,62,0020,5000.0,5000.0,Corporate Fund,Community Commission for Public Safety and Accountability,Overtime,0.0,0.0
0100,62,0050,483000.0,483000.0,Corporate Fund,Community Commission for Public Safety and Accountability,Stipends,0.0,0.0
0100,62,0130,10000.0,10000.0,Corporate Fund,Community Commission for Public Safety and Accountability,Postage,0.0,0.0
0100,62,0139,50000.0,50000.0,Corporate Fund,Community Commission for Public Safety and Accountability,For Professional Services for Information Technology Development,0.0,0.0
0100,62,0140,203000.0,203000.0,Corporate Fund,Community Commission for Public Safety and Accountability,For Professional and Technical Services and Other Third Party Benefit Agreements,0.0,0.0
0100,62,0143,0.0,0.0,Corporate Fund,Community Commission for Public Safety and Accountability,COURT REPORTING,0.0,0.0
0100,62,0149,13500.0,13500.0,Corporate Fund,Community Commission for Public Safety and Accountability,For Software Maintenance and Licensing,0.0,0.0
0100,62,0150,11000.0,11000.0,Corporate Fund,Community Commission for Public Safety and Accountability,Publications and Reproduction - Outside Services.  To Be Expended with the Prior Approval of Graphics Services,0.0,0.0
0100,62,0152,10000.0,10000.0,Corporate Fund,Community Commission for Public Safety and Accountability,Advertising,0.0,0.0
0100,62,0153,5000.0,5000.0,Corporate Fund,Community Commission for Public Safety and Accountability,Promotions,0.0,0.0
0100,62,0155,200000.0,200000.0,Corporate Fund,Community Commission for Public Safety and Accountability,Rental of Property,0.0,0.0
0100,62,0159,35000.0,35000.0,Corporate Fund,Community Commission for Public Safety and Accountability,Lease Purchase Agreements for Equipment and Machinery,0.0,0.0
0100,62,0165,10000.0,10000.0,Corporate Fund,Community Commission for Public Safety and Accountability,Graphic Design Services,0.0,0.0
0100,62,0166,10000.0,10000.0,Corporate Fund,Community Commission for Public Safety and Accountability,"Dues, Subscriptions and Memberships",0.0,0.0
0100,62,0169,102000.0,102000.0,Corporate Fund,Community Commission for Public Safety and Accountability,Technical Meeting Costs,0.0,0.0
0100,62,0179,1000.0,1000.0,Corporate Fund,Community Commission for Public Safety and Accountability,Messenger Service,0.0,0.0
0100,62,0181,5000.0,5000.0,Corporate Fund,Community Commission for Public Safety and Accountability,Mobile Communication Services,0.0,0.0
0100,62,0190,5000.0,5000.0,Corporate Fund,Community Commission for Public Safety and Accountability,Telephone - Centrex Billings,0.0,0.0
0100,62,0197,5000.0,5000.0,Corporate Fund,Community Commission for Public Safety and Accountability,Telephone - Maintenance and Repair of Equipment and Voicemail,0.0,0.0
0100,62,0229,10000.0,10000.0,Corporate Fund,Community Commission for Public Safety and Accountability,Transportation and Expense Allowance,0.0,0.0
0100,62,0245,10000.0,10000.0,Corporate Fund,Community Commission for Public Safety and Accountability,Reimbursement to Travelers,0.0,0.0
0100,62,0312,11000.0,11000.0,Corporate Fund,Community Commission for Public Safety and Accountability,Software Purchases,0.0,0.0
0100,62,0319,3000.0,3000.0,Corporate Fund,Community Commission for Public Safety and Accountability,Clothing,0.0,0.0
0100,62,0340,47500.0,47500.0,Corporate Fund,Community Commission for Public Safety and Accountability,Material and Supplies,0.0,0.0
0100,62,0348,2000.0,2000.0,Corporate Fund,Community Commission for Public Safety and Accountability,Books and Related Material,0.0,0.0
0100,62,9438,10000.0,10000.0,Corporate Fund,Community Commission for Public Safety and Accountability,For Services Provided by the Department of Fleet and Facilities Management,0.0,0.0
0100,67,0005,27137145.0,27137145.0,Corporate Fund,Department of Buildings,Salaries and Wages - on Payroll,0.0,0.0
0100,67,0012,60997.0,60997.0,Corporate Fund,Department of Buildings,Contract Wage Increment - Prevailing Rate,0.0,0.0
0100,67,0015,152149.0,152149.0,Corporate Fund,Department of Buildings,Schedule Salary Adjustments,0.0,0.0
0100,67,0020,1185958.0,1185958.0,Corporate Fund,Department of Buildings,Overtime,0.0,0.0
0100,67,0032,300000.0,300000.0,Corporate Fund,Department of Buildings,Reimbursable Overtime,0.0,0.0
0100,67,0039,160000.0,160000.0,Corporate Fund,Department of Buildings,For the Employment of Students as Trainees,0.0,0.0
0100,67,0130,5000.0,5000.0,Corporate Fund,Department of Buildings,Postage,0.0,0.0
0100,67,0140,2872867.0,2872867.0,Corporate Fund,Department of Buildings,For Professional and Technical Services and Other Third Party Benefit Agreements,0.0,0.0
0100,67,0154,24000.0,24000.0,Corporate Fund,Department of Buildings,"For the Rental and Maintenance of Data Processing, Office Automation and Data Communications Hardware",0.0,0.0
0100,67,0159,400098.0,330098.0,Corporate Fund,Department of Buildings,Lease Purchase Agreements for Equipment and Machinery,70000.0,21.205823725075586
0100,67,0162,17000.0,87000.0,Corporate Fund,Department of Buildings,Repair/Maintenance of Equipment,-70000.0,-80.45977011494253
0100,67,0166,1500.0,1500.0,Corporate Fund,Department of Buildings,"Dues, Subscriptions and Memberships",0.0,0.0
0100,67,0169,10000.0,10000.0,Corporate Fund,Department of Buildings,Technical Meeting Costs,0.0,0.0
0100,67,0178,250.0,250.0,Corporate Fund,Department of Buildings,Freight and Express Charges,0.0,0.0
0100,67,0229,360000.0,360000.0,Corporate Fund,Department of Buildings,Transportation and Expense Allowance,0.0,0.0
0100,67,0270,8750.0,8750.0,Corporate Fund,Department of Buildings,Local Transportation,0.0,0.0
0100,67,0319,39400.0,39400.0,Corporate Fund,Department of Buildings,Clothing,0.0,0.0
0100,67,0350,52000.0,52000.0,Corporate Fund,Department of Buildings,Stationery and Office Supplies,0.0,0.0
0100,67,0989,50000.0,50000.0,Corporate Fund,Department of Buildings,For Refunds for Cancelled Voucher Warrants and Payroll Checks and for Refunding Duplicate Payments and Payments Made in Error,0.0,0.0
0100,67,9438,10000.0,10000.0,Corporate Fund,Department of Buildings,For Services Provided by the Department of Fleet and Facilities Management,0.0,0.0
0100,70,0005,17581117.0,17618209.0,Corporate Fund,Department of Business Affairs and Consumer Protection,Salaries and Wages - on Payroll,-37092.0,-0.2105321829250635
0100,70,0015,271342.0,271342.0,Corporate Fund,Department of Business Affairs and Consumer Protection,Schedule Salary Adjustments,0.0,0.0
0100,70,0020,20893.0,20893.0,Corporate Fund,Department of Business Affairs and Consumer Protection,Overtime,0.0,0.0
0100,70,0039,63414.0,63414.0,Corporate Fund,Department of Business Affairs and Consumer Protection,For the Employment of Students as Trainees,0.0,0.0
0100,70,0124,102912.0,102912.0,Corporate Fund,Department of Business Affairs and Consumer Protection,Investigation Costs,0.0,0.0
0100,70,0130,82921.0,82921.0,Corporate Fund,Department of Business Affairs and Consumer Protection,Postage,0.0,0.0
0100,70,0135,4407039.0,4407039.0,Corporate Fund,Department of Business Affairs and Consumer Protection,For Delegate Agencies,0.0,0.0
0100,70,0138,517682.0,517682.0,Corporate Fund,Department of Business Affairs and Consumer Protection,For Professional Services for Information Technology Maintenance,0.0,0.0
0100,70,0140,200000.0,200000.0,Corporate Fund,Department of Business Affairs and Consumer Protection,For Professional and Technical Services and Other Third Party Benefit Agreements,0.0,0.0
0100,70,0143,6100.0,6100.0,Corporate Fund,Department of Business Affairs and Consumer Protection,Court Reporting,0.0,0.0
0100,70,0148,27112.0,27112.0,Corporate Fund,Department of Business Affairs and Consumer Protection,Testing and Inspecting,0.0,0.0
0100,70,0149,6000.0,6000.0,Corporate Fund,Department of Business Affairs and Consumer Protection,For Software Maintenance and Licensing,0.0,0.0
0100,70,0150,3904.0,3904.0,Corporate Fund,Department of Business Affairs and Consumer Protection,Publications and Reproduction - Outside Services.  To Be Expended with the Prior Approval of Graphics Services,0.0,0.0
0100,70,0152,79891.0,79891.0,Corporate Fund,Department of Business Affairs and Consumer Protection,Advertising,0.0,0.0
0100,70,0157,74555.0,74555.0,Corporate Fund,Department of Business Affairs and Consumer Protection,Rental of Equipment and Services,0.0,0.0
0100,70,0159,129200.0,129200.0,Corporate Fund,Department of Business Affairs and Consumer Protection,Lease Purchase Agreements for Equipment and Machinery,0.0,0.0
0100,70,0162,10000.0,10000.0,Corporate Fund,Department of Business Affairs and Consumer Protection,Repair/Maintenance of Equipment,0.0,0.0
0100,70,0166,16188.0,16188.0,Corporate Fund,Department of Business Affairs and Consumer Protection,"Dues, Subscriptions and Memberships",0.0,0.0
0100,70,0169,2829.0,2829.0,Corporate Fund,Department of Business Affairs and Consumer Protection,Technical Meeting Costs,0.0,0.0
0100,70,0179,950.0,950.0,Corporate Fund,Department of Business Affairs and Consumer Protection,Messenger Service,0.0,0.0
0100,70,0229,15830.0,15830.0,Corporate Fund,Department of Business Affairs and Consumer Protection,Transportation and Expense Allowance,0.0,0.0
0100,70,0245,2936.0,2936.0,Corporate Fund,Department of Business Affairs and Consumer Protection,Reimbursement to Travelers,0.0,0.0
0100,70,0270,450.0,450.0,Corporate Fund,Department of Business Affairs and Consumer Protection,Local Transportation,0.0,0.0
0100,70,0338,10061.0,10061.0,Corporate Fund,Department of Business Affairs and Consumer Protection,"License Sticker, Tag and Plates",0.0,0.0
0100,70,0340,12427.0,12427.0,Corporate Fund,Department of Business Affairs and Consumer Protection,Material and Supplies,0.0,0.0
0100,70,0348,300.0,300.0,Corporate Fund,Department of Business Affairs and Consumer Protection,Books and Related Material,0.0,0.0
0100,70,0350,65803.0,65803.0,Corporate Fund,Department of Business Affairs and Consumer Protection,Stationery and Office Supplies,0.0,0.0
0100,70,0360,1768.0,1768.0,Corporate Fund,Department of Business Affairs and Consumer Protection,Repair Parts and Material,0.0,0.0
0100,70,0540,10000.0,10000.0,Corporate Fund,Department of Business Affairs and Consumer Protection,Construction of Buildings and Other Structures,0.0,0.0
0100,70,9438,85447.0,85447.0,Corporate Fund,Department of Business Affairs and Consumer Protection,For Services Provided by the Department of Fleet and Facilities Management,0.0,0.0
0100,72,0005,1215444.0,1215444.0,Corporate Fund,Department of Environment,Salaries and Wages - on Payroll,0.0,0.0
0100,72,0015,7243.0,7243.0,Corporate Fund,Department of Environment,Schedule Salary Adjustments,0.0,0.0
0100,72,0130,12000.0,12000.0,Corporate Fund,Department of Environment,Postage,0.0,0.0
0100,72,0140,500000.0,500000.0,Corporate Fund,Department of Environment,For Professional and Technical Services and Other Third Party Benefit Agreements,0.0,0.0
0100,72,0166,11215.0,11215.0,Corporate Fund,Department of Environment,"Dues, Subscriptions and Memberships",0.0,0.0
0100,72,0350,1400.0,0.0,Corporate Fund,Department of Environment,Stationery and Office Supplies,1400.0,0.0
0100,72,0446,4500.0,4500.0,Corporate Fund,Department of Environment,For the Purchase of IT and Data Communication Hardware,0.0,0.0
0100,72,9438,50000.0,50000.0,Corporate Fund,Department of Environment,For Services Provided by the Department of Fleet and Facilities Management,0.0,0.0
0100,73,0005,5838011.0,5838011.0,Corporate Fund,Chicago Animal Care and Control,Salaries and Wages - on Payroll,0.0,0.0
0100,73,0015,63469.0,63469.0,Corporate Fund,Chicago Animal Care and Control,Schedule Salary Adjustments,0.0,0.0
0100,73,0020,145000.0,145000.0,Corporate Fund,Chicago Animal Care and Control,Overtime,0.0,0.0
0100,73,0091,32550.0,32550.0,Corporate Fund,Chicago Animal Care and Control,Uniform Allowance,0.0,0.0
0100,73,0130,2500.0,2500.0,Corporate Fund,Chicago Animal Care and Control,Postage,0.0,0.0
0100,73,0135,465000.0,465000.0,Corporate Fund,Chicago Animal Care and Control,For Delegate Agencies,0.0,0.0
0100,73,0140,263140.0,263140.0,Corporate Fund,Chicago Animal Care and Control,For Professional and Technical Services and Other Third Party Benefit Agreements,0.0,0.0
0100,73,0150,1400.0,1400.0,Corporate Fund,Chicago Animal Care and Control,Publications and Reproduction - Outside Services.  To Be Expended with the Prior Approval of Graphics Services,0.0,0.0
0100,73,0152,20000.0,20000.0,Corporate Fund,Chicago Animal Care and Control,Advertising,0.0,0.0
0100,73,0154,2200.0,2200.0,Corporate Fund,Chicago Animal Care and Control,"For the Rental and Maintenance of Data Processing, Office Automation and Data Communications Hardware",0.0,0.0
0100,73,0157,4000.0,4000.0,Corporate Fund,Chicago Animal Care and Control,Rental of Equipment and Services,0.0,0.0
0100,73,0159,36000.0,36000.0,Corporate Fund,Chicago Animal Care and Control,Lease Purchase Agreements for Equipment and Machinery,0.0,0.0
0100,73,0162,5220.0,5220.0,Corporate Fund,Chicago Animal Care and Control,Repair/Maintenance of Equipment,0.0,0.0
0100,73,0168,5350.0,5350.0,Corporate Fund,Chicago Animal Care and Control,Educational Development through Cooperative Education Program and Apprenticeship Program,0.0,0.0
0100,73,0169,1068.0,1068.0,Corporate Fund,Chicago Animal Care and Control,Technical Meeting Costs,0.0,0.0
0100,73,0313,129228.0,129228.0,Corporate Fund,Chicago Animal Care and Control,Cleaning and Sanitation Supplies,0.0,0.0
0100,73,0330,250000.0,250000.0,Corporate Fund,Chicago Animal Care and Control,Food,0.0,0.0
0100,73,0340,20316.0,20316.0,Corporate Fund,Chicago Animal Care and Control,Material and Supplies,0.0,0.0
0100,73,0342,386400.0,386400.0,Corporate Fund,Chicago Animal Care and Control,"Drugs, Medicine and Chemical Materials",0.0,0.0
0100,73,0350,9164.0,9164.0,Corporate Fund,Chicago Animal Care and Control,Stationery and Office Supplies,0.0,0.0
0100,73,0360,2093.0,2093.0,Corporate Fund,Chicago Animal Care and Control,Repair Parts and Material,0.0,0.0
0100,73,0700,10000.0,10000.0,Corporate Fund,Chicago Animal Care and Control,Contingencies,0.0,0.0
0100,73,9438,6000.0,6000.0,Corporate Fund,Chicago Animal Care and Control,For Services Provided by the Department of Fleet and Facilities Management,0.0,0.0
0100,77,0005,112260.0,112260.0,Corporate Fund,License Appeal Commission,Salaries and Wages - on Payroll,0.0,0.0
0100,77,0130,40.0,40.0,Corporate Fund,License Appeal Commission,Postage,0.0,0.0
0100,77,0140,83003.0,83003.0,Corporate Fund,License Appeal Commission,For Professional and Technical Services and Other Third Party Benefit Agreements,0.0,0.0
0100,77,0143,10000.0,10000.0,Corporate Fund,License Appeal Commission,Court Reporting,0.0,0.0
0100,77,0157,0.0,0.0,Corporate Fund,License Appeal Commission,RENTAL EQUIPMENT AND SERVICES,0.0,0.0
0100,77,0159,850.0,850.0,Corporate Fund,License Appeal Commission,Lease Purchase Agreements for Equipment and Machinery,0.0,0.0
0100,77,0162,0.0,0.0,Corporate Fund,License Appeal Commission,REPAIR/MAINT EQUIPMENT,0.0,0.0
0100,77,0350,500.0,500.0,Corporate Fund,License Appeal Commission,Stationery and Office Supplies,0.0,0.0
0100,78,0005,948876.0,948876.0,Corporate Fund,Board of Ethics,Salaries and Wages - on Payroll,0.0,0.0
0100,78,0015,9838.0,9838.0,Corporate Fund,Board of Ethics,Schedule Salary Adjustments,0.0,0.0
0100,78,0039,2000.0,2000.0,Corporate Fund,Board of Ethics,For the Employment of Students as Trainees,0.0,0.0
0100,78,0130,8450.0,8450.0,Corporate Fund,Board of Ethics,Postage,0.0,0.0
0100,78,0140,21000.0,21000.0,Corporate Fund,Board of Ethics,For Professional and Technical Services and Other Third Party Benefit Agreements,0.0,0.0
0100,78,0149,4000.0,4000.0,Corporate Fund,Board of Ethics,For Software Maintenance and Licensing,0.0,0.0
0100,78,0159,7240.0,7240.0,Corporate Fund,Board of Ethics,Lease Purchase Agreements for Equipment and Machinery,0.0,0.0
0100,78,0166,4000.0,4000.0,Corporate Fund,Board of Ethics,"Dues, Subscriptions and Memberships",0.0,0.0
0100,78,0169,1800.0,1800.0,Corporate Fund,Board of Ethics,Technical Meeting Costs,0.0,0.0
0100,78,0178,3644.0,3644.0,Corporate Fund,Board of Ethics,Freight and Express Charges,0.0,0.0
0100,78,0229,167.0,167.0,Corporate Fund,Board of Ethics,Transportation and Expense Allowance,0.0,0.0
0100,78,0245,3500.0,3500.0,Corporate Fund,Board of Ethics,Reimbursement to Travelers,0.0,0.0
0100,78,0270,1500.0,1500.0,Corporate Fund,Board of Ethics,Local Transportation,0.0,0.0
0100,78,0348,594.0,594.0,Corporate Fund,Board of Ethics,Books and Related Material,0.0,0.0
0100,78,0350,3216.0,3216.0,Corporate Fund,Board of Ethics,Stationery and Office Supplies,0.0,0.0
0100,81,0005,43715546.0,40364159.0,Corporate Fund,Department of Streets and Sanitation,Salaries and Wages - on Payroll,3351387.0,8.302878303496922
0100,81,0012,648684.0,683866.0,Corporate Fund,Department of Streets and Sanitation,Contract Wage Increment - Prevailing Rate,-35182.0,-5.144575106819172
0100,81,0015,95744.0,95744.0,Corporate Fund,Department of Streets and Sanitation,Schedule Salary Adjustments,0.0,0.0
0100,81,0020,3754128.0,3754128.0,Corporate Fund,Department of Streets and Sanitation,Overtime,0.0,0.0
0100,81,0039,33180.0,33180.0,Corporate Fund,Department of Streets and Sanitation,For the Employment of Students as Trainees,0.0,0.0
0100,81,0091,299000.0,299000.0,Corporate Fund,Department of Streets and Sanitation,Uniform Allowance,0.0,0.0
0100,81,0126,4000.0,4000.0,Corporate Fund,Department of Streets and Sanitation,Office Conveniences,0.0,0.0
0100,81,0130,4700.0,4700.0,Corporate Fund,Department of Streets and Sanitation,Postage,0.0,0.0
0100,81,0135,1964928.0,1964928.0,Corporate Fund,Department of Streets and Sanitation,For Delegate Agencies,0.0,0.0
0100,81,0140,32849025.0,32849025.0,Corporate Fund,Department of Streets and Sanitation,For Professional and Technical Services and Other Third Party Benefit Agreements,0.0,0.0
0100,81,0150,150000.0,150000.0,Corporate Fund,Department of Streets and Sanitation,Publications and Reproduction - Outside Services.  To Be Expended with the Prior Approval of Graphics Services,0.0,0.0
0100,81,0154,2250.0,2250.0,Corporate Fund,Department of Streets and Sanitation,"For the Rental and Maintenance of Data Processing, Office Automation and Data Communications Hardware",0.0,0.0
0100,81,0157,1978236.0,1978236.0,Corporate Fund,Department of Streets and Sanitation,Rental of Equipment and Services,0.0,0.0
0100,81,0159,80801.0,80801.0,Corporate Fund,Department of Streets and Sanitation,Lease Purchase Agreements for Equipment and Machinery,0.0,0.0
0100,81,0160,520.0,520.0,Corporate Fund,Department of Streets and Sanitation,Repair or Maintenance of Property,0.0,0.0
0100,81,0162,139871.0,139871.0,Corporate Fund,Department of Streets and Sanitation,Repair/Maintenance of Equipment,0.0,0.0
0100,81,0166,4034.0,4034.0,Corporate Fund,Department of Streets and Sanitation,"Dues, Subscriptions and Memberships",0.0,0.0
0100,81,0185,56155062.0,56155062.0,Corporate Fund,Department of Streets and Sanitation,Waste Disposal Services,0.0,0.0
0100,81,0229,1957.0,1957.0,Corporate Fund,Department of Streets and Sanitation,Transportation and Expense Allowance,0.0,0.0
0100,81,0313,21863.0,21863.0,Corporate Fund,Department of Streets and Sanitation,Cleaning and Sanitation Supplies,0.0,0.0
0100,81,0319,116466.0,116466.0,Corporate Fund,Department of Streets and Sanitation,Clothing,0.0,0.0
0100,81,0340,341288.0,341288.0,Corporate Fund,Department of Streets and Sanitation,Material and Supplies,0.0,0.0
0100,81,0341,315057.0,315057.0,Corporate Fund,Department of Streets and Sanitation,Chemicals,0.0,0.0
0100,81,0345,550.0,550.0,Corporate Fund,Department of Streets and Sanitation,Apparatus and Instruments,0.0,0.0
0100,81,0350,12919.0,12919.0,Corporate Fund,Department of Streets and Sanitation,Stationery and Office Supplies,0.0,0.0
0100,81,0360,44300.0,44300.0,Corporate Fund,Department of Streets and Sanitation,Repair Parts and Material,0.0,0.0
0100,81,0361,1450.0,1450.0,Corporate Fund,Department of Streets and Sanitation,Building Materials and Supplies,0.0,0.0
0100,81,0362,424187.0,424187.0,Corporate Fund,Department of Streets and Sanitation,Paints and Painting Supplies,0.0,0.0
0100,81,0401,35738.0,35738.0,Corporate Fund,Department of Streets and Sanitation,Tools Less Than or Equal to $100/Unit,0.0,0.0
0100,81,0440,180250.0,180250.0,Corporate Fund,Department of Streets and Sanitation,Machinery and Equipment,0.0,0.0
0100,81,0446,30379.0,30379.0,Corporate Fund,Department of Streets and Sanitation,For the Purchase of IT and Data Communication Hardware,0.0,0.0
0100,81,9067,25000.0,25000.0,Corporate Fund,Department of Streets and Sanitation,For Physical Exams,0.0,0.0
0100,84,0005,5213381.0,5121545.0,Corporate Fund,Chicago Department of Transportation,Salaries and Wages - on Payroll,91836.0,1.793130783777161
0100,84,0012,53848.0,53848.0,Corporate Fund,Chicago Department of Transportation,Contract Wage Increment - Prevailing Rate,0.0,0.0
0100,84,0015,85145.0,85145.0,Corporate Fund,Chicago Department of Transportation,Schedule Salary Adjustments,0.0,0.0
0100,84,0020,105000.0,105000.0,Corporate Fund,Chicago Department of Transportation,Overtime,0.0,0.0
0100,84,0039,33180.0,33180.0,Corporate Fund,Chicago Department of Transportation,For the Employment of Students as Trainees,0.0,0.0
0100,84,0091,1400.0,1400.0,Corporate Fund,Chicago Department of Transportation,Uniform Allowance,0.0,0.0
0100,84,0130,700.0,700.0,Corporate Fund,Chicago Department of Transportation,Postage,0.0,0.0
0100,84,0138,19000.0,19000.0,Corporate Fund,Chicago Department of Transportation,For Professional Services for Information Technology Maintenance,0.0,0.0
0100,84,0140,3243000.0,3243000.0,Corporate Fund,Chicago Department of Transportation,For Professional and Technical Services and Other Third Party Benefit Agreements,0.0,0.0
0100,84,0144,1251642.0,1251642.0,Corporate Fund,Chicago Department of Transportation,Engineering and Architecture,0.0,0.0
0100,84,0149,957339.0,1457339.0,Corporate Fund,Chicago Department of Transportation,For Software Maintenance and Licensing,-500000.0,-34.30910721527386
0100,84,0150,200.0,200.0,Corporate Fund,Chicago Department of Transportation,Publications and Reproduction - Outside Services.  To Be Expended with the Prior Approval of Graphics Services,0.0,0.0
0100,84,0157,100123.0,100123.0,Corporate Fund,Chicago Department of Transportation,Rental of Equipment and Services,0.0,0.0
0100,84,0159,39171.0,39171.0,Corporate Fund,Chicago Department of Transportation,Lease Purchase Agreements for Equipment and Machinery,0.0,0.0
0100,84,0160,8800.0,8800.0,Corporate Fund,Chicago Department of Transportation,Repair or Maintenance of Property,0.0,0.0
0100,84,0162,16490448.0,16490448.0,Corporate Fund,Chicago Department of Transportation,Repair/Maintenance of Equipment,0.0,0.0
0100,84,0166,205481.0,205481.0,Corporate Fund,Chicago Department of Transportation,"Dues, Subscriptions and Memberships",0.0,0.0
0100,84,0169,17805.0,17805.0,Corporate Fund,Chicago Department of Transportation,Technical Meeting Costs,0.0,0.0
0100,84,0181,10197.0,10197.0,Corporate Fund,Chicago Department of Transportation,Mobile Communication Services,0.0,0.0
0100,84,0185,40365.0,40365.0,Corporate Fund,Chicago Department of Transportation,Waste Disposal Services,0.0,0.0
0100,84,0229,232110.0,232110.0,Corporate Fund,Chicago Department of Transportation,Transportation and Expense Allowance,0.0,0.0
0100,84,0245,7197.0,7197.0,Corporate Fund,Chicago Department of Transportation,Reimbursement to Travelers,0.0,0.0
0100,84,0270,150.0,150.0,Corporate Fund,Chicago Department of Transportation,Local Transportation,0.0,0.0
0100,84,0312,0.0,0.0,Corporate Fund,Chicago Department of Transportation,SOFTWARE PURCHASES,0.0,0.0
0100,84,0313,2000.0,2000.0,Corporate Fund,Chicago Department of Transportation,Cleaning and Sanitation Supplies,0.0,0.0
0100,84,0316,18000.0,18000.0,Corporate Fund,Chicago Department of Transportation,Gas - Bottled and Propane,0.0,0.0
0100,84,0319,11730.0,11730.0,Corporate Fund,Chicago Department of Transportation,Clothing,0.0,0.0
0100,84,0340,52900.0,52900.0,Corporate Fund,Chicago Department of Transportation,Material and Supplies,0.0,0.0
0100,84,0348,5000.0,5000.0,Corporate Fund,Chicago Department of Transportation,Books and Related Material,0.0,0.0
0100,84,0350,13200.0,13200.0,Corporate Fund,Chicago Department of Transportation,Stationery and Office Supplies,0.0,0.0
0100,84,0362,40000.0,40000.0,Corporate Fund,Chicago Department of Transportation,Paints and Painting Supplies,0.0,0.0
0100,84,0440,63000.0,63000.0,Corporate Fund,Chicago Department of Transportation,Machinery and Equipment,0.0,0.0
0100,84,0446,34844.0,34844.0,Corporate Fund,Chicago Department of Transportation,For the Purchase of IT and Data Communication Hardware,0.0,0.0
0100,84,9142,600000.0,600000.0,Corporate Fund,Chicago Department of Transportation,Returning Citizens Initiatives,0.0,0.0
0100,84,9438,10000.0,10000.0,Corporate Fund,Chicago Department of Transportation,For Services Provided by the Department of Fleet and Facilities Management,0.0,0.0
0100,99,0003,105446222.0,108425000.0,Corporate Fund,Finance General,Scheduled Wage Adjustments,-2978778.0,-2.747316578279917
0100,99,0029,82617311.0,82433165.0,Corporate Fund,Finance General,For Health Maintenance Organization Premiums (HMO) Provided to Eligible Employees and Their Families,184146.0,0.22338824428250448
0100,99,0042,298861658.0,298195634.0,Corporate Fund,Finance General,For the Costs of Claims and Administration for Hospital and Medical Care Provided to Eligible Employees  Provided However  That All Payments to the In...,666024.0,0.22335135865872535
0100,99,0043,1177416.0,1177416.0,Corporate Fund,Finance General,For the Health Maintenance Organization Premiums or Cost of Claims and Administration for Hospital and Medical Care Provided to Police and Fire Depart...,0.0,0.0
0100,99,0045,2920489.0,2920489.0,Corporate Fund,Finance General,For the Cost of Claims and Administration or Premiums for Term Life Insurance,0.0,0.0
0100,99,0049,42304500.0,42304500.0,Corporate Fund,Finance General,Claims and Costs of Administration Pursuant to the Workers' Compensation Act,0.0,0.0
0100,99,0051,3748283.0,3748283.0,Corporate Fund,Finance General,Claims Under Unemployment Insurance Act,0.0,0.0
0100,99,0052,5536670.0,5536670.0,Corporate Fund,Finance General,Costs of Claims and Administration for Hospital and Medical Care to Eligible Annuitants and Their Eligible Dependents,0.0,0.0
0100,99,0056,12627214.0,12627214.0,Corporate Fund,Finance General,For the Cost of Claims and Administration or Premiums for a Co-Insured Dental Plan for Employees,0.0,0.0
0100,99,0069,600000.0,600000.0,Corporate Fund,Finance General,PAR Grant Reconciliation,0.0,0.0
0100,99,0070,205000.0,205000.0,Corporate Fund,Finance General,Tuition Reimbursement and Educational Programs,0.0,0.0
0100,99,0085,1677246.0,1677246.0,Corporate Fund,Finance General,City Deferred Compensation Contributions for Union Members,0.0,0.0
0100,99,0095,1200000.0,1200000.0,Corporate Fund,Finance General,For Payment of Allowances of Money to Families or Dependents of Policemen or Firemen Fatally Injured While in the Performance of Their Duties,0.0,0.0
0100,99,0096,4000000.0,4000000.0,Corporate Fund,Finance General,For Paying the Salary of Any Sworn Member of the Police or Fire Department Killed in the Line of Duty for a Period of One Year Commencing From the Dat...,0.0,0.0
0100,99,0135,400000.0,400000.0,Corporate Fund,Finance General,For Delegate Agencies,0.0,0.0
0100,99,0138,73951721.0,73951721.0,Corporate Fund,Finance General,For Professional Services for Information Technology Maintenance,0.0,0.0
0100,99,0139,5512047.0,5512047.0,Corporate Fund,Finance General,For Professional Services for Information Technology Development,0.0,0.0
0100,99,0140,51726873.0,52226873.0,Corporate Fund,Finance General,For Professional and Technical Services and Other Third Party Benefit Agreements,-500000.0,-0.9573615483354709
0100,99,0142,1870200.0,1870200.0,Corporate Fund,Finance General,Accounting and Auditing,0.0,0.0
0100,99,0143,150000.0,150000.0,Corporate Fund,Finance General,Court Reporting,0.0,0.0
0100,99,0145,2300000.0,2300000.0,Corporate Fund,Finance General,Legal Expenses,0.0,0.0
0100,99,0149,124177.0,124177.0,Corporate Fund,Finance General,For Software Maintenance and Licensing,0.0,0.0
0100,99,0170,85000.0,85000.0,Corporate Fund,Finance General,Surety Bond Premiums,0.0,0.0
0100,99,0171,80000.0,80000.0,Corporate Fund,Finance General,Miscellaneous Supplies,0.0,0.0
0100,99,0172,4379893.0,4379893.0,Corporate Fund,Finance General,For the Cost of Insurance Premiums and Expenses,0.0,0.0
0100,99,0245,300000.0,300000.0,Corporate Fund,Finance General,Reimbursement to Travelers,0.0,0.0
0100,99,0340,750000.0,750000.0,Corporate Fund,Finance General,Material and Supplies,0.0,0.0
0100,99,0342,125000.0,125000.0,Corporate Fund,Finance General,"Drugs, Medicine and Chemical Materials",0.0,0.0
0100,99,0420,320000.0,320000.0,Corporate Fund,Finance General,Furniture and Fixtures,0.0,0.0
0100,99,0912,182612000.0,182612000.0,Corporate Fund,Finance General,For Payment of Bonds,0.0,0.0
0100,99,0931,44160000.0,44160000.0,Corporate Fund,Finance General,"For the Payment of Tort and Non-Tort Judgments, Outside Counsel Expenses and Expert Costs, as Approved by the Corporation Counsel",0.0,0.0
0100,99,0934,200000.0,200000.0,Corporate Fund,Finance General,Claims for Damages and Liabilities Against the City When Ordered Paid by the City Council,0.0,0.0
0100,99,0991,16088768.0,16088768.0,Corporate Fund,Finance General,To Provide for Matching and Supplementary Grant Funds Currently in Effect as Well as New Grants,0.0,0.0
0100,99,9027,1189189.0,1189189.0,Corporate Fund,Finance General,For the City Contribution to Social Security Tax,0.0,0.0
0100,99,9067,450000.0,450000.0,Corporate Fund,Finance General,For Physical Exams,0.0,0.0
0100,99,9076,38193322.0,38193322.0,Corporate Fund,Finance General,City's Contribution to Medicare Tax,0.0,0.0
0100,99,9180,1600000.0,1600000.0,Corporate Fund,Finance General,For World Business Chicago Program,0.0,0.0
0100,99,9222,125000000.0,125000000.0,Corporate Fund,Finance General,Emergency Medical Transportation,0.0,0.0
0100,99,9225,0.0,0.0,Corporate Fund,Finance General,ARTS AND CULTURAL INITIATIVES,0.0,0.0
0100,99,9265,10000000.0,10000000.0,Corporate Fund,Finance General,Home Repair Program,0.0,0.0
0100,99,9295,4740000.0,4740000.0,Corporate Fund,Finance General,Consent Decree,0.0,0.0
0100,99,929A,2000000.0,2000000.0,Corporate Fund,Finance General,Casino Community Impact,0.0,0.0
0100,99,9540,1411615.0,1411615.0,Corporate Fund,Finance General,For Payment of General Obligation Certificate,0.0,0.0
0100,99,9635,2923412.0,2923412.0,Corporate Fund,Finance General,To Reimburse Midway Fund for Fire Department Salaries,0.0,0.0
0100,99,9636,1504095.0,1504095.0,Corporate Fund,Finance General,To Reimburse Midway Fund for Fire Department Benefits,0.0,0.0
0100,99,9827,150000000.0,150000000.0,Corporate Fund,Finance General,New Arrivals Services,0.0,0.0
0100,99,9980,358222830.0,356523000.0,Corporate Fund,Finance General,Municipal Fund Pension Allocation,1699830.0,0.4767798991930395
0100,99,9981,25426000.0,25426000.0,Corporate Fund,Finance General,Laborers' Fund Pension Allocation,0.0,0.0
0100,99,9982,104141000.0,104141000.0,Corporate Fund,Finance General,Policemen's Fund Pension Allocation,0.0,0.0
0100,99,9983,54556000.0,54556000.0,Corporate Fund,Finance General,Firemen's Fund Pension Allocation,0.0,0.0
0100,99,9984,142301000.0,142301000.0,Corporate Fund,Finance General,Municipal Fund Advance Pension Payment,0.0,0.0
0100,99,9985,12571000.0,12571000.0,Corporate Fund,Finance General,Laborers' Fund Advance Pension Payment,0.0,0.0
0100,99,9986,78170000.0,78170000.0,Corporate Fund,Finance General,Policemen's Fund Advance Pension Payment,0.0,0.0
0100,99,9987,26464000.0,26464000.0,Corporate Fund,Finance General,Firemen's Fund Advance Pension Payment,0.0,0.0
010C,57,0020,1056000.0,1056000.0,Coronavirus Emergency Supplemental Funding,Chicago Police Department,Overtime,0.0,0.0
010C,57,0140,28000.0,28000.0,Coronavirus Emergency Supplemental Funding,Chicago Police Department,For Professional and Technical Services and Other Third Party Benefit Agreements,0.0,0.0
010C,57,0340,4519000.0,4519000.0,Coronavirus Emergency Supplemental Funding,Chicago Police Department,Material and Supplies,0.0,0.0
010C,57,0421,80000.0,80000.0,Coronavirus Emergency Supplemental Funding,Chicago Police Department,Machinery and Equipment,0.0,0.0
010C,57,0450,55000.0,55000.0,Coronavirus Emergency Supplemental Funding,Chicago Police Department,Vehicles,0.0,0.0
010C,57,0801,299000.0,299000.0,Coronavirus Emergency Supplemental Funding,Chicago Police Department,Indirect Costs,0.0,0.0
012C,50,0135,0.0,0.0,Area Plan on Aging - CARES Act,Department of Family and Support Services,DELEGATE AGENCIES,0.0,0.0
0168,50,0135,35000.0,0.0,Winter Shelter for the Homeless,Department of Family and Support Services,For Delegate Agencies,35000.0,0.0
0191,57,0140,1776000.0,1776000.0,Asset Forfeiture - State,Chicago Police Department,For Professional and Technical Services and Other Third Party Benefit Agreements,0.0,0.0
0200,3,0005,1213850.0,1213850.0,Water Fund,Office of Inspector General,Salaries and Wages - on Payroll,0.0,0.0
0200,3,0015,46761.0,46761.0,Water Fund,Office of Inspector General,Schedule Salary Adjustments,0.0,0.0
0200,3,0130,251.0,251.0,Water Fund,Office of Inspector General,Postage,0.0,0.0
0200,3,0140,1268.0,1268.0,Water Fund,Office of Inspector General,For Professional and Technical Services and Other Third Party Benefit Agreements,0.0,0.0
0200,3,0143,9808.0,9808.0,Water Fund,Office of Inspector General,Court Reporting,0.0,0.0
0200,3,0149,43980.0,43980.0,Water Fund,Office of Inspector General,For Software Maintenance and Licensing,0.0,0.0
0200,3,0157,7307.0,7307.0,Water Fund,Office of Inspector General,Rental of Equipment and Services,0.0,0.0
0200,3,0159,1295.0,1295.0,Water Fund,Office of Inspector General,Lease Purchase Agreements for Equipment and Machinery,0.0,0.0
0200,3,0162,1632.0,1632.0,Water Fund,Office of Inspector General,Repair/Maintenance of Equipment,0.0,0.0
0200,3,0166,3179.0,3179.0,Water Fund,Office of Inspector General,"Dues, Subscriptions and Memberships",0.0,0.0
0200,3,0169,19200.0,19200.0,Water Fund,Office of Inspector General,Technical Meeting Costs,0.0,0.0
0200,3,0181,3900.0,3900.0,Water Fund,Office of Inspector General,Mobile Communication Services,0.0,0.0
0200,3,0189,8103.0,8103.0,Water Fund,Office of Inspector General,Telephone - Non-Centrex Billings,0.0,0.0
0200,3,0245,1124.0,1124.0,Water Fund,Office of Inspector General,Reimbursement to Travelers,0.0,0.0
0200,3,0270,692.0,692.0,Water Fund,Office of Inspector General,Local Transportation,0.0,0.0
0200,3,0320,386.0,386.0,Water Fund,Office of Inspector General,Gasoline,0.0,0.0
0200,3,0340,820.0,820.0,Water Fund,Office of Inspector General,Material and Supplies,0.0,0.0
0200,3,0348,288.0,288.0,Water Fund,Office of Inspector General,Books and Related Material,0.0,0.0
0200,3,0350,3865.0,3865.0,Water Fund,Office of Inspector General,Stationery and Office Supplies,0.0,0.0
0200,3,0700,1215.0,1215.0,Water Fund,Office of Inspector General,Contingencies,0.0,0.0
0200,5,0005,262750.0,262750.0,Water Fund,Office of Budget and Management,Salaries and Wages - on Payroll,0.0,0.0
0200,5,0015,14567.0,14567.0,Water Fund,Office of Budget and Management,Schedule Salary Adjustments,0.0,0.0
0200,5,0140,1000.0,1000.0,Water Fund,Office of Budget and Management,For Professional and Technical Services and Other Third Party Benefit Agreements,0.0,0.0
0200,6,0138,1674961.0,1674961.0,Water Fund,Department of Technology and Innovation,For Professional Services for Information Technology Maintenance,0.0,0.0
0200,6,0139,618000.0,618000.0,Water Fund,Department of Technology and Innovation,For Professional Services for Information Technology Development,0.0,0.0
0200,6,0140,5805732.0,5805732.0,Water Fund,Department of Technology and Innovation,For Professional and Technical Services and Other Third Party Benefit Agreements,0.0,0.0
0200,6,0149,647542.0,647542.0,Water Fund,Department of Technology and Innovation,For Software Maintenance and Licensing,0.0,0.0
0200,6,0162,106561.0,106561.0,Water Fund,Department of Technology and Innovation,Repair/Maintenance of Equipment,0.0,0.0
0200,6,0166,1874.0,1874.0,Water Fund,Department of Technology and Innovation,"Dues, Subscriptions and Memberships",0.0,0.0
0200,6,0181,174288.0,174288.0,Water Fund,Department of Technology and Innovation,Mobile Communication Services,0.0,0.0
0200,6,0188,262255.0,262255.0,Water Fund,Department of Technology and Innovation,Vehicle Tracking Service,0.0,0.0
0200,6,0189,19966.0,19966.0,Water Fund,Department of Technology and Innovation,Telephone - Non-Centrex Billings,0.0,0.0
0200,6,0190,201447.0,201447.0,Water Fund,Department of Technology and Innovation,Telephone - Centrex Billings,0.0,0.0
0200,6,0196,506330.0,506330.0,Water Fund,Department of Technology and Innovation,Data Circuits,0.0,0.0
0200,6,0197,30925.0,30925.0,Water Fund,Department of Technology and Innovation,Telephone - Maintenance and Repair of Equipment and Voicemail,0.0,0.0
0200,27,0005,2789195.0,2789195.0,Water Fund,Department of Finance,Salaries and Wages - on Payroll,0.0,0.0
0200,27,0015,28846.0,28846.0,Water Fund,Department of Finance,Schedule Salary Adjustments,0.0,0.0
0200,27,0125,750.0,750.0,Water Fund,Department of Finance,Office and Building Services,0.0,0.0
0200,27,0130,1706479.0,1706479.0,Water Fund,Department of Finance,Postage,0.0,0.0
0200,27,0140,6181626.0,6181626.0,Water Fund,Department of Finance,For Professional and Technical Services and Other Third Party Benefit Agreements,0.0,0.0
0200,27,0149,10640.0,10640.0,Water Fund,Department of Finance,For Software Maintenance and Licensing,0.0,0.0
0200,27,0154,20000.0,20000.0,Water Fund,Department of Finance,"For the Rental and Maintenance of Data Processing, Office Automation and Data Communications Hardware",0.0,0.0
0200,27,0156,1577.0,1577.0,Water Fund,Department of Finance,Lock Box Rental,0.0,0.0
0200,27,0159,18542.0,18542.0,Water Fund,Department of Finance,Lease Purchase Agreements for Equipment and Machinery,0.0,0.0
0200,27,0166,432.0,432.0,Water Fund,Department of Finance,"Dues, Subscriptions and Memberships",0.0,0.0
0200,27,0340,3400.0,3400.0,Water Fund,Department of Finance,Material and Supplies,0.0,0.0
0200,27,0350,15000.0,15000.0,Water Fund,Department of Finance,Stationery and Office Supplies,0.0,0.0
0200,27,9438,15000.0,15000.0,Water Fund,Department of Finance,For Services Provided by the Department of Fleet and Facilities Management,0.0,0.0
0200,28,0005,313885.0,313885.0,Water Fund,City Treasurer's Office,Salaries and Wages - on Payroll,0.0,0.0
0200,28,0138,92767.0,92767.0,Water Fund,City Treasurer's Office,For Professional Services for Information Technology Maintenance,0.0,0.0
0200,28,0140,118729.0,118729.0,Water Fund,City Treasurer's Office,For Professional and Technical Services and Other Third Party Benefit Agreements,0.0,0.0
0200,31,0005,1702377.0,1702377.0,Water Fund,Department of Law,Salaries and Wages - on Payroll,0.0,0.0
0200,31,0015,1004.0,1004.0,Water Fund,Department of Law,Schedule Salary Adjustments,0.0,0.0
0200,31,0020,470.0,470.0,Water Fund,Department of Law,Overtime,0.0,0.0
0200,31,0130,4900.0,4900.0,Water Fund,Department of Law,Postage,0.0,0.0
0200,31,0138,3200.0,3200.0,Water Fund,Department of Law,For Professional Services for Information Technology Maintenance,0.0,0.0
0200,31,0140,48517.0,48517.0,Water Fund,Department of Law,For Professional and Technical Services and Other Third Party Benefit Agreements,0.0,0.0
0200,31,0141,2500.0,2500.0,Water Fund,Department of Law,Appraisals,0.0,0.0
0200,31,0143,49458.0,49458.0,Water Fund,Department of Law,Court Reporting,0.0,0.0
0200,31,0145,12813.0,12813.0,Water Fund,Department of Law,Legal Expenses,0.0,0.0
0200,31,0149,30600.0,30600.0,Water Fund,Department of Law,For Software Maintenance and Licensing,0.0,0.0
0200,31,0150,1000.0,1000.0,Water Fund,Department of Law,Publications and Reproduction - Outside Services.  To Be Expended with the Prior Approval of Graphics Services,0.0,0.0
0200,31,0157,772.0,772.0,Water Fund,Department of Law,Rental of Equipment and Services,0.0,0.0
0200,31,0159,7832.0,7832.0,Water Fund,Department of Law,Lease Purchase Agreements for Equipment and Machinery,0.0,0.0
0200,31,0162,1202.0,1202.0,Water Fund,Department of Law,Repair/Maintenance of Equipment,0.0,0.0
0200,31,0166,1786.0,1786.0,Water Fund,Department of Law,"Dues, Subscriptions and Memberships",0.0,0.0
0200,31,0169,5740.0,5740.0,Water Fund,Department of Law,Technical Meeting Costs,0.0,0.0
0200,31,0178,644.0,644.0,Water Fund,Department of Law,Freight and Express Charges,0.0,0.0
0200,31,0229,230.0,230.0,Water Fund,Department of Law,Transportation and Expense Allowance,0.0,0.0
0200,31,0245,2200.0,2200.0,Water Fund,Department of Law,Reimbursement to Travelers,0.0,0.0
0200,31,0270,1788.0,1788.0,Water Fund,Department of Law,Local Transportation,0.0,0.0
0200,31,0348,150.0,150.0,Water Fund,Department of Law,Books and Related Material,0.0,0.0
0200,31,0350,3689.0,3689.0,Water Fund,Department of Law,Stationery and Office Supplies,0.0,0.0
0200,31,9438,1323.0,1323.0,Water Fund,Department of Law,For Services Provided by the Department of Fleet and Facilities Management,0.0,0.0
0200,33,0005,343172.0,343172.0,Water Fund,Department of Human Resources,Salaries and Wages - on Payroll,0.0,0.0
0200,33,0140,3808.0,3808.0,Water Fund,Department of Human Resources,For Professional and Technical Services and Other Third Party Benefit Agreements,0.0,0.0
0200,33,0350,208.0,208.0,Water Fund,Department of Human Resources,Stationery and Office Supplies,0.0,0.0
0200,35,0005,418964.0,418964.0,Water Fund,Department of Procurement Services,Salaries and Wages - on Payroll,0.0,0.0
0200,35,0015,9091.0,9091.0,Water Fund,Department of Procurement Services,Schedule Salary Adjustments,0.0,0.0
0200,38,0005,4816247.0,4816247.0,Water Fund,Department of Fleet and Facility Management,Salaries and Wages - on Payroll,0.0,0.0
0200,38,0012,62064.0,62064.0,Water Fund,Department of Fleet and Facility Management,Contract Wage Increment - Prevailing Rate,0.0,0.0
0200,38,0015,4206.0,4206.0,Water Fund,Department of Fleet and Facility Management,Schedule Salary Adjustments,0.0,0.0
0200,38,0020,487637.0,487637.0,Water Fund,Department of Fleet and Facility Management,Overtime,0.0,0.0
0200,38,0125,418761.0,418761.0,Water Fund,Department of Fleet and Facility Management,Office and Building Services,0.0,0.0
0200,38,0138,0.0,0.0,Water Fund,Department of Fleet and Facility Management,IT MAINTENANCE,0.0,0.0
0200,38,0139,0.0,0.0,Water Fund,Department of Fleet and Facility Management,IT DEVELOPMENT,0.0,0.0
0200,38,0140,453737.0,453737.0,Water Fund,Department of Fleet and Facility Management,For Professional and Technical Services and Other Third Party Benefit Agreements,0.0,0.0
0200,38,0149,27548.0,27548.0,Water Fund,Department of Fleet and Facility Management,For Software Maintenance and Licensing,0.0,0.0
0200,38,0155,582459.0,582459.0,Water Fund,Department of Fleet and Facility Management,Rental of Property,0.0,0.0
0200,38,0162,69752.0,69752.0,Water Fund,Department of Fleet and Facility Management,Repair/Maintenance of Equipment,0.0,0.0
0200,38,0176,351835.0,351835.0,Water Fund,Department of Fleet and Facility Management,Maintenance and Operation of City Owned Vehicles,0.0,0.0
0200,38,0181,0.0,0.0,Water Fund,Department of Fleet and Facility Management,MOBILE COMMUNICATION SERVICES,0.0,0.0
0200,38,0188,0.0,0.0,Water Fund,Department of Fleet and Facility Management,VEHICLE TRACKING SERVICE,0.0,0.0
0200,38,0189,0.0,0.0,Water Fund,Department of Fleet and Facility Management,TELEPHONE - NON-CENTREX BILLINGS,0.0,0.0
0200,38,0190,0.0,0.0,Water Fund,Department of Fleet and Facility Management,TELEPHONE - CENTREX BILLINGS,0.0,0.0
0200,38,0196,0.0,0.0,Water Fund,Department of Fleet and Facility Management,DATA CIRCUITS,0.0,0.0
0200,38,0197,0.0,0.0,Water Fund,Department of Fleet and Facility Management,TELEPHONE - MAINTENANCE,0.0,0.0
0200,38,0313,9737.0,9737.0,Water Fund,Department of Fleet and Facility Management,Cleaning and Sanitation Supplies,0.0,0.0
0200,38,0315,1832542.0,1832542.0,Water Fund,Department of Fleet and Facility Management,Motor Vehicle Diesel Fuel,0.0,0.0
0200,38,0320,553126.0,553126.0,Water Fund,Department of Fleet and Facility Management,Gasoline,0.0,0.0
0200,38,0322,10427448.0,10427448.0,Water Fund,Department of Fleet and Facility Management,Natural Gas,0.0,0.0
0200,38,0331,20110128.0,20110128.0,Water Fund,Department of Fleet and Facility Management,Electricity,0.0,0.0
0200,38,0360,1921927.0,1921927.0,Water Fund,Department of Fleet and Facility Management,Repair Parts and Material,0.0,0.0
0200,67,0005,3590592.0,3590592.0,Water Fund,Department of Buildings,Salaries and Wages - on Payroll,0.0,0.0
0200,67,0012,58250.0,58250.0,Water Fund,Department of Buildings,Contract Wage Increment - Prevailing Rate,0.0,0.0
0200,67,0015,2156.0,2156.0,Water Fund,Department of Buildings,Schedule Salary Adjustments,0.0,0.0
0200,67,0020,500000.0,500000.0,Water Fund,Department of Buildings,Overtime,0.0,0.0
0200,67,0229,21000.0,21000.0,Water Fund,Department of Buildings,Transportation and Expense Allowance,0.0,0.0
0200,88,0005,90453568.0,90453568.0,Water Fund,Department of Water Management,Salaries and Wages - on Payroll,0.0,0.0
0200,88,0012,1408384.0,1408384.0,Water Fund,Department of Water Management,Contract Wage Increment - Prevailing Rate,0.0,0.0
0200,88,0015,122649.0,122649.0,Water Fund,Department of Water Management,Schedule Salary Adjustments,0.0,0.0
0200,88,0020,10238491.0,10238491.0,Water Fund,Department of Water Management,Overtime,0.0,0.0
0200,88,0039,90000.0,90000.0,Water Fund,Department of Water Management,For the Employment of Students as Trainees,0.0,0.0
0200,88,0125,345000.0,345000.0,Water Fund,Department of Water Management,Office and Building Services,0.0,0.0
0200,88,0130,210000.0,210000.0,Water Fund,Department of Water Management,Postage,0.0,0.0
0200,88,0138,155000.0,155000.0,Water Fund,Department of Water Management,For Professional Services for Information Technology Maintenance,0.0,0.0
0200,88,0140,6351828.0,6351828.0,Water Fund,Department of Water Management,For Professional and Technical Services and Other Third Party Benefit Agreements,0.0,0.0
0200,88,0148,1590000.0,1590000.0,Water Fund,Department of Water Management,Testing and Inspecting,0.0,0.0
0200,88,0149,80000.0,80000.0,Water Fund,Department of Water Management,For Software Maintenance and Licensing,0.0,0.0
0200,88,0150,71900.0,71900.0,Water Fund,Department of Water Management,Publications and Reproduction - Outside Services.  To Be Expended with the Prior Approval of Graphics Services,0.0,0.0
0200,88,0154,90000.0,90000.0,Water Fund,Department of Water Management,"For the Rental and Maintenance of Data Processing, Office Automation and Data Communications Hardware",0.0,0.0
0200,88,0157,2954152.0,2954152.0,Water Fund,Department of Water Management,Rental of Equipment and Services,0.0,0.0
0200,88,0159,478860.0,478860.0,Water Fund,Department of Water Management,Lease Purchase Agreements for Equipment and Machinery,0.0,0.0
0200,88,0160,1256800.0,1256800.0,Water Fund,Department of Water Management,Repair or Maintenance of Property,0.0,0.0
0200,88,0161,52000.0,52000.0,Water Fund,Department of Water Management,"Operation, Repair or Maintenance of Facilities",0.0,0.0
0200,88,0162,6721875.0,6721875.0,Water Fund,Department of Water Management,Repair/Maintenance of Equipment,0.0,0.0
0200,88,0166,583000.0,583000.0,Water Fund,Department of Water Management,"Dues, Subscriptions and Memberships",0.0,0.0
0200,88,0168,10500.0,10500.0,Water Fund,Department of Water Management,Educational Development through Cooperative Education Program and Apprenticeship Program,0.0,0.0
0200,88,0169,246300.0,246300.0,Water Fund,Department of Water Management,Technical Meeting Costs,0.0,0.0
0200,88,0185,2967710.0,2967710.0,Water Fund,Department of Water Management,Waste Disposal Services,0.0,0.0
0200,88,0229,7500.0,7500.0,Water Fund,Department of Water Management,Transportation and Expense Allowance,0.0,0.0
0200,88,0245,18400.0,18400.0,Water Fund,Department of Water Management,Reimbursement to Travelers,0.0,0.0
0200,88,0312,6426.0,6426.0,Water Fund,Department of Water Management,Software Purchases,0.0,0.0
0200,88,0314,754400.0,754400.0,Water Fund,Department of Water Management,Fuel Oil,0.0,0.0
0200,88,0316,161400.0,161400.0,Water Fund,Department of Water Management,Gas - Bottled and Propane,0.0,0.0
0200,88,0340,3437250.0,3437250.0,Water Fund,Department of Water Management,Material and Supplies,0.0,0.0
0200,88,0342,23918041.0,23918041.0,Water Fund,Department of Water Management,"Drugs, Medicine and Chemical Materials",0.0,0.0
0200,88,0345,311000.0,311000.0,Water Fund,Department of Water Management,Apparatus and Instruments,0.0,0.0
0200,88,0348,1250.0,1250.0,Water Fund,Department of Water Management,Books and Related Material,0.0,0.0
0200,88,0350,69000.0,69000.0,Water Fund,Department of Water Management,Stationery and Office Supplies,0.0,0.0
0200,88,0360,7620027.0,7620027.0,Water Fund,Department of Water Management,Repair Parts and Material,0.0,0.0
0200,88,0401,11000.0,11000.0,Water Fund,Department of Water Management,Tools Less Than or Equal to $100/Unit,0.0,0.0
0200,88,0402,17500.0,17500.0,Water Fund,Department of Water Management,Tools Greater Than $100/Unit,0.0,0.0
0200,88,0410,175000.0,175000.0,Water Fund,Department of Water Management,Equipment for Buildings,0.0,0.0
0200,88,0423,1000.0,1000.0,Water Fund,Department of Water Management,Communication Devices,0.0,0.0
0200,88,0424,13500.0,13500.0,Water Fund,Department of Water Management,Furniture and Furnishings,0.0,0.0
0200,88,0440,1234803.0,1234803.0,Water Fund,Department of Water Management,Machinery and Equipment,0.0,0.0
0200,88,0445,560000.0,560000.0,Water Fund,Department of Water Management,Technical and Scientific Equipment,0.0,0.0
0200,88,0446,143880.0,143880.0,Water Fund,Department of Water Management,For the Purchase of IT and Data Communication Hardware,0.0,0.0
0200,88,0450,240000.0,240000.0,Water Fund,Department of Water Management,Vehicles,0.0,0.0
0200,88,0521,2946315.0,2946315.0,Water Fund,Department of Water Management,Maintenance and Construction,0.0,0.0
0200,88,9438,82500.0,82500.0,Water Fund,Department of Water Management,For Services Provided by the Department of Fleet and Facilities Management,0.0,0.0
0200,88,9481,1346319.0,1346319.0,Water Fund,Department of Water Management,For Services Provided by the Department of Streets and Sanitation,0.0,0.0
0200,88,9484,0.0,0.0,Water Fund,Department of Water Management,REIMBURSEMENT - CDOT,0.0,0.0
0200,99,0003,754000.0,754000.0,Water Fund,Finance General,Scheduled Wage Adjustments,0.0,0.0
0200,99,0029,5392342.0,5392342.0,Water Fund,Finance General,For Health Maintenance Organization Premiums (HMO) Provided to Eligible Employees and Their Families,0.0,0.0
0200,99,0042,19506382.0,19506382.0,Water Fund,Finance General,For the Costs of Claims and Administration for Hospital and Medical Care Provided to Eligible Employees  Provided However  That All Payments to the In...,0.0,0.0
0200,99,0045,191043.0,191043.0,Water Fund,Finance General,For the Cost of Claims and Administration or Premiums for Term Life Insurance,0.0,0.0
0200,99,0049,13344660.0,13344660.0,Water Fund,Finance General,Claims and Costs of Administration Pursuant to the Workers' Compensation Act,0.0,0.0
0200,99,0051,507896.0,507896.0,Water Fund,Finance General,Claims Under Unemployment Insurance Act,0.0,0.0
0200,99,0052,362180.0,362180.0,Water Fund,Finance General,Costs of Claims and Administration for Hospital and Medical Care to Eligible Annuitants and Their Eligible Dependents,0.0,0.0
0200,99,0056,826006.0,826006.0,Water Fund,Finance General,For the Cost of Claims and Administration or Premiums for a Co-Insured Dental Plan for Employees,0.0,0.0
0200,99,0070,150000.0,150000.0,Water Fund,Finance General,Tuition Reimbursement and Educational Programs,0.0,0.0
0200,99,0085,662781.0,662781.0,Water Fund,Finance General,City Deferred Compensation Contributions for Union Members,0.0,0.0
0200,99,0128,602550.0,602550.0,Water Fund,Finance General,Investigation Costs.  To Be Expended at the Direction of the Comptroller,0.0,0.0
0200,99,0130,247754.0,247754.0,Water Fund,Finance General,Postage,0.0,0.0
0200,99,0138,5734645.0,5734645.0,Water Fund,Finance General,For Professional Services for Information Technology Maintenance,0.0,0.0
0200,99,0139,2670807.0,2670807.0,Water Fund,Finance General,For Professional Services for Information Technology Development,0.0,0.0
0200,99,0140,7676942.0,7676942.0,Water Fund,Finance General,For Professional and Technical Services and Other Third Party Benefit Agreements,0.0,0.0
0200,99,0142,442500.0,442500.0,Water Fund,Finance General,Accounting and Auditing,0.0,0.0
0200,99,0149,25025.0,25025.0,Water Fund,Finance General,For Software Maintenance and Licensing,0.0,0.0
0200,99,0172,2286583.0,2286583.0,Water Fund,Finance General,For the Cost of Insurance Premiums and Expenses,0.0,0.0
0200,99,0902,92282794.0,92282794.0,Water Fund,Finance General,For Interest on Bonds,0.0,0.0
0200,99,0905,6800000.0,6800000.0,Water Fund,Finance General,For Payment to Metropolitan Sanitary District for Wastewater Services,0.0,0.0
0200,99,0912,85780000.0,85780000.0,Water Fund,Finance General,For Payment of Bonds,0.0,0.0
0200,99,0931,6800000.0,6800000.0,Water Fund,Finance General,"For the Payment of Tort and Non-Tort Judgments, Outside Counsel Expenses and Expert Costs, as Approved by the Corporation Counsel",0.0,0.0
0200,99,0934,15000.0,15000.0,Water Fund,Finance General,Claims for Damages and Liabilities Against the City When Ordered Paid by the City Council,0.0,0.0
0200,99,0943,23269475.0,23269475.0,Water Fund,Finance General,For Interest on Loans,0.0,0.0
0200,99,0944,45436362.0,45436362.0,Water Fund,Finance General,For Payment on Loans,0.0,0.0
0200,99,0958,100000.0,100000.0,Water Fund,Finance General,For Payment of Water Pipe Extension Certificates,0.0,0.0
0200,99,0959,47100.0,47100.0,Water Fund,Finance General,For Bond Fees and Costs,0.0,0.0
0200,99,9027,40166.0,40166.0,Water Fund,Finance General,For the City Contribution to Social Security Tax,0.0,0.0
0200,99,9067,30000.0,30000.0,Water Fund,Finance General,For Physical Exams,0.0,0.0
0200,99,9076,1700162.0,1700162.0,Water Fund,Finance General,City's Contribution to Medicare Tax,0.0,0.0
0200,99,9097,81093435.0,81093435.0,Water Fund,Finance General,For Capital Construction,0.0,0.0
0200,99,9611,70964000.0,70964000.0,Water Fund,Finance General,To Reimburse the Corporate Fund for Indirect Costs Chargeable to Fund,0.0,0.0
0200,99,9645,23694000.0,23694000.0,Water Fund,Finance General,To Reimburse the Corporate Fund for Indirect Pension Costs Chargeable to Fund,0.0,0.0
0200,99,9765,625000.0,625000.0,Water Fund,Finance General,Transfer for Contractual Services,0.0,0.0
0200,99,9773,1470301.0,1470301.0,Water Fund,Finance General,Transfer for Services Provided by the Department of Police,0.0,0.0
0200,99,9774,325000.0,325000.0,Water Fund,Finance General,Transfer for Services Provided by the Office of Emergency Management and Communication,0.0,0.0
0200,99,9980,52957000.0,52957000.0,Water Fund,Finance General,Municipal Fund Pension Allocation,0.0,0.0
0200,99,9981,22448000.0,22448000.0,Water Fund,Finance General,Laborers' Fund Pension Allocation,0.0,0.0
0200,99,9984,12448000.0,12448000.0,Water Fund,Finance General,Municipal Fund Advance Pension Payment,0.0,0.0
0200,99,9985,3610000.0,3610000.0,Water Fund,Finance General,Laborers' Fund Advance Pension Payment,0.0,0.0
0300,6,0138,85228.0,85228.0,Vehicle Tax Fund,Department of Technology and Innovation,For Professional Services for Information Technology Maintenance,0.0,0.0
0300,6,0140,30713.0,30713.0,Vehicle Tax Fund,Department of Technology and Innovation,For Professional and Technical Services and Other Third Party Benefit Agreements,0.0,0.0
0300,6,0149,272359.0,272359.0,Vehicle Tax Fund,Department of Technology and Innovation,For Software Maintenance and Licensing,0.0,0.0
0300,6,0162,68760.0,68760.0,Vehicle Tax Fund,Department of Technology and Innovation,Repair/Maintenance of Equipment,0.0,0.0
0300,6,0166,1209.0,1209.0,Vehicle Tax Fund,Department of Technology and Innovation,"Dues, Subscriptions and Memberships",0.0,0.0
0300,6,0181,289209.0,289209.0,Vehicle Tax Fund,Department of Technology and Innovation,Mobile Communication Services,0.0,0.0
0300,6,0188,88065.0,88065.0,Vehicle Tax Fund,Department of Technology and Innovation,Vehicle Tracking Service,0.0,0.0
0300,6,0189,2096.0,2096.0,Vehicle Tax Fund,Department of Technology and Innovation,Telephone - Non-Centrex Billings,0.0,0.0
0300,6,0190,96052.0,96052.0,Vehicle Tax Fund,Department of Technology and Innovation,Telephone - Centrex Billings,0.0,0.0
0300,6,0196,48148.0,48148.0,Vehicle Tax Fund,Department of Technology and Innovation,Data Circuits,0.0,0.0
0300,6,0197,7712.0,7712.0,Vehicle Tax Fund,Department of Technology and Innovation,Telephone - Maintenance and Repair of Equipment and Voicemail,0.0,0.0
0300,15,0000,311905.0,311905.0,Vehicle Tax Fund,City Council,Personnel Services,0.0,0.0
0300,15,0100,15000.0,15000.0,Vehicle Tax Fund,City Council,Contractual Services,0.0,0.0
0300,15,0300,15000.0,15000.0,Vehicle Tax Fund,City Council,Commodities and Materials,0.0,0.0
0300,25,0005,4790060.0,4790060.0,Vehicle Tax Fund,Office of City Clerk,Salaries and Wages - on Payroll,0.0,0.0
0300,25,0015,77670.0,77670.0,Vehicle Tax Fund,Office of City Clerk,Schedule Salary Adjustments,0.0,0.0
0300,25,0020,50000.0,50000.0,Vehicle Tax Fund,Office of City Clerk,Overtime,0.0,0.0
0300,25,0039,95000.0,95000.0,Vehicle Tax Fund,Office of City Clerk,For the Employment of Students as Trainees,0.0,0.0
0300,25,0130,1258200.0,1258200.0,Vehicle Tax Fund,Office of City Clerk,Postage,0.0,0.0
0300,25,0138,550000.0,550000.0,Vehicle Tax Fund,Office of City Clerk,For Professional Services for Information Technology Maintenance,0.0,0.0
0300,25,0140,294300.0,294300.0,Vehicle Tax Fund,Office of City Clerk,For Professional and Technical Services and Other Third Party Benefit Agreements,0.0,0.0
0300,25,0149,1035000.0,1035000.0,Vehicle Tax Fund,Office of City Clerk,For Software Maintenance and Licensing,0.0,0.0
0300,25,0154,12125.0,12125.0,Vehicle Tax Fund,Office of City Clerk,"For the Rental and Maintenance of Data Processing, Office Automation and Data Communications Hardware",0.0,0.0
0300,25,0157,93519.0,93519.0,Vehicle Tax Fund,Office of City Clerk,Rental of Equipment and Services,0.0,0.0
0300,25,0159,45000.0,45000.0,Vehicle Tax Fund,Office of City Clerk,Lease Purchase Agreements for Equipment and Machinery,0.0,0.0
0300,25,0162,12500.0,12500.0,Vehicle Tax Fund,Office of City Clerk,Repair/Maintenance of Equipment,0.0,0.0
0300,25,0229,18000.0,18000.0,Vehicle Tax Fund,Office of City Clerk,Transportation and Expense Allowance,0.0,0.0
0300,25,0338,460141.0,460141.0,Vehicle Tax Fund,Office of City Clerk,"License Sticker, Tag and Plates",0.0,0.0
0300,25,0340,14500.0,14500.0,Vehicle Tax Fund,Office of City Clerk,Material and Supplies,0.0,0.0
0300,25,0350,125500.0,125500.0,Vehicle Tax Fund,Office of City Clerk,Stationery and Office Supplies,0.0,0.0
0300,25,9438,10000.0,10000.0,Vehicle Tax Fund,Office of City Clerk,For Services Provided by the Department of Fleet and Facilities Management,0.0,0.0
0300,27,0005,576273.0,576273.0,Vehicle Tax Fund,Department of Finance,Salaries and Wages - on Payroll,0.0,0.0
0300,27,0015,11690.0,11690.0,Vehicle Tax Fund,Department of Finance,Schedule Salary Adjustments,0.0,0.0
0300,27,0350,250.0,250.0,Vehicle Tax Fund,Department of Finance,Stationery and Office Supplies,0.0,0.0
0300,27,0421,1201127.0,1201127.0,Vehicle Tax Fund,Department of Finance,Machinery and Equipment,0.0,0.0
0300,31,0005,2115024.0,2115024.0,Vehicle Tax Fund,Department of Law,Salaries and Wages - on Payroll,0.0,0.0
0300,31,0015,11314.0,11314.0,Vehicle Tax Fund,Department of Law,Schedule Salary Adjustments,0.0,0.0
0300,31,0020,360.0,360.0,Vehicle Tax Fund,Department of Law,Overtime,0.0,0.0
0300,31,0130,7380.0,7380.0,Vehicle Tax Fund,Department of Law,Postage,0.0,0.0
0300,31,0138,2200.0,2200.0,Vehicle Tax Fund,Department of Law,For Professional Services for Information Technology Maintenance,0.0,0.0
0300,31,0140,42620.0,42620.0,Vehicle Tax Fund,Department of Law,For Professional and Technical Services and Other Third Party Benefit Agreements,0.0,0.0
0300,31,0141,3000.0,3000.0,Vehicle Tax Fund,Department of Law,Appraisals,0.0,0.0
0300,31,0143,45963.0,45963.0,Vehicle Tax Fund,Department of Law,Court Reporting,0.0,0.0
0300,31,0145,3390.0,3390.0,Vehicle Tax Fund,Department of Law,Legal Expenses,0.0,0.0
0300,31,0149,27270.0,27270.0,Vehicle Tax Fund,Department of Law,For Software Maintenance and Licensing,0.0,0.0
0300,31,0150,1190.0,1190.0,Vehicle Tax Fund,Department of Law,Publications and Reproduction - Outside Services.  To Be Expended with the Prior Approval of Graphics Services,0.0,0.0
0300,31,0157,360.0,360.0,Vehicle Tax Fund,Department of Law,Rental of Equipment and Services,0.0,0.0
0300,31,0159,9783.0,9783.0,Vehicle Tax Fund,Department of Law,Lease Purchase Agreements for Equipment and Machinery,0.0,0.0
0300,31,0162,100.0,100.0,Vehicle Tax Fund,Department of Law,Repair/Maintenance of Equipment,0.0,0.0
0300,31,0166,1723.0,1723.0,Vehicle Tax Fund,Department of Law,"Dues, Subscriptions and Memberships",0.0,0.0
0300,31,0169,4300.0,4300.0,Vehicle Tax Fund,Department of Law,Technical Meeting Costs,0.0,0.0
0300,31,0178,310.0,310.0,Vehicle Tax Fund,Department of Law,Freight and Express Charges,0.0,0.0
0300,31,0229,175.0,175.0,Vehicle Tax Fund,Department of Law,Transportation and Expense Allowance,0.0,0.0
0300,31,0245,1500.0,1500.0,Vehicle Tax Fund,Department of Law,Reimbursement to Travelers,0.0,0.0
0300,31,0270,816.0,816.0,Vehicle Tax Fund,Department of Law,Local Transportation,0.0,0.0
0300,31,0348,150.0,150.0,Vehicle Tax Fund,Department of Law,Books and Related Material,0.0,0.0
0300,31,0350,2886.0,2886.0,Vehicle Tax Fund,Department of Law,Stationery and Office Supplies,0.0,0.0
0300,31,9438,1006.0,1006.0,Vehicle Tax Fund,Department of Law,For Services Provided by the Department of Fleet and Facilities Management,0.0,0.0
0300,33,0005,55920.0,55920.0,Vehicle Tax Fund,Department of Human Resources,Salaries and Wages - on Payroll,0.0,0.0
0300,35,0005,138432.0,138432.0,Vehicle Tax Fund,Department of Procurement Services,Salaries and Wages - on Payroll,0.0,0.0
0300,35,0015,3900.0,3900.0,Vehicle Tax Fund,Department of Procurement Services,Schedule Salary Adjustments,0.0,0.0
0300,38,0125,1083796.0,1083796.0,Vehicle Tax Fund,Department of Fleet and Facility Management,Office and Building Services,0.0,0.0
0300,38,0140,7186388.0,7186388.0,Vehicle Tax Fund,Department of Fleet and Facility Management,For Professional and Technical Services and Other Third Party Benefit Agreements,0.0,0.0
0300,38,0155,2586577.0,2586577.0,Vehicle Tax Fund,Department of Fleet and Facility Management,Rental of Property,0.0,0.0
0300,38,0159,52000.0,52000.0,Vehicle Tax Fund,Department of Fleet and Facility Management,Lease Purchase Agreements for Equipment and Machinery,0.0,0.0
0300,38,0162,35190.0,35190.0,Vehicle Tax Fund,Department of Fleet and Facility Management,Repair/Maintenance of Equipment,0.0,0.0
0300,38,0181,0.0,0.0,Vehicle Tax Fund,Department of Fleet and Facility Management,MOBILE COMMUNICATION SERVICES,0.0,0.0
0300,38,0188,0.0,0.0,Vehicle Tax Fund,Department of Fleet and Facility Management,VEHICLE TRACKING SERVICE,0.0,0.0
0300,38,0189,0.0,0.0,Vehicle Tax Fund,Department of Fleet and Facility Management,TELEPHONE - NON-CENTREX BILLINGS,0.0,0.0
0300,38,0190,0.0,0.0,Vehicle Tax Fund,Department of Fleet and Facility Management,TELEPHONE - CENTREX BILLINGS,0.0,0.0
0300,38,0196,0.0,0.0,Vehicle Tax Fund,Department of Fleet and Facility Management,DATA CIRCUITS,0.0,0.0
0300,38,0197,0.0,0.0,Vehicle Tax Fund,Department of Fleet and Facility Management,TELEPHONE - MAINTENANCE,0.0,0.0
0300,38,0313,57944.0,57944.0,Vehicle Tax Fund,Department of Fleet and Facility Management,Cleaning and Sanitation Supplies,0.0,0.0
0300,38,0315,8795062.0,8795062.0,Vehicle Tax Fund,Department of Fleet and Facility Management,Motor Vehicle Diesel Fuel,0.0,0.0
0300,38,0320,1839865.0,1839865.0,Vehicle Tax Fund,Department of Fleet and Facility Management,Gasoline,0.0,0.0
0300,38,0322,1298614.0,1298614.0,Vehicle Tax Fund,Department of Fleet and Facility Management,Natural Gas,0.0,0.0
0300,38,0325,390328.0,390328.0,Vehicle Tax Fund,Department of Fleet and Facility Management,Alternative Fuel,0.0,0.0
0300,38,0331,2523520.0,2523520.0,Vehicle Tax Fund,Department of Fleet and Facility Management,Electricity,0.0,0.0
0300,38,0340,300000.0,300000.0,Vehicle Tax Fund,Department of Fleet and Facility Management,Material and Supplies,0.0,0.0
0300,67,0005,575935.0,575935.0,Vehicle Tax Fund,Department of Buildings,Salaries and Wages - on Payroll,0.0,0.0
0300,67,0015,19275.0,19275.0,Vehicle Tax Fund,Department of Buildings,Schedule Salary Adjustments,0.0,0.0
0300,81,0005,16238673.0,15750039.0,Vehicle Tax Fund,Department of Streets and Sanitation,Salaries and Wages - on Payroll,488634.0,3.1024304130294533
0300,81,0012,266352.0,266352.0,Vehicle Tax Fund,Department of Streets and Sanitation,Contract Wage Increment - Prevailing Rate,0.0,0.0
0300,81,0015,72214.0,72214.0,Vehicle Tax Fund,Department of Streets and Sanitation,Schedule Salary Adjustments,0.0,0.0
0300,81,0020,3157747.0,1373054.0,Vehicle Tax Fund,Department of Streets and Sanitation,Overtime,1784693.0,129.97981142766417
0300,81,0091,78000.0,78000.0,Vehicle Tax Fund,Department of Streets and Sanitation,Uniform Allowance,0.0,0.0
0300,81,0126,6080.0,6080.0,Vehicle Tax Fund,Department of Streets and Sanitation,Office Conveniences,0.0,0.0
0300,81,0130,675650.0,675650.0,Vehicle Tax Fund,Department of Streets and Sanitation,Postage,0.0,0.0
0300,81,0138,150000.0,150000.0,Vehicle Tax Fund,Department of Streets and Sanitation,For Professional Services for Information Technology Maintenance,0.0,0.0
0300,81,0140,9836199.0,9836199.0,Vehicle Tax Fund,Department of Streets and Sanitation,For Professional and Technical Services and Other Third Party Benefit Agreements,0.0,0.0
0300,81,0149,10000.0,10000.0,Vehicle Tax Fund,Department of Streets and Sanitation,For Software Maintenance and Licensing,0.0,0.0
0300,81,0150,44554.0,44554.0,Vehicle Tax Fund,Department of Streets and Sanitation,Publications and Reproduction - Outside Services.  To Be Expended with the Prior Approval of Graphics Services,0.0,0.0
0300,81,0157,4420726.0,4420726.0,Vehicle Tax Fund,Department of Streets and Sanitation,Rental of Equipment and Services,0.0,0.0
0300,81,0159,4560.0,4560.0,Vehicle Tax Fund,Department of Streets and Sanitation,Lease Purchase Agreements for Equipment and Machinery,0.0,0.0
0300,81,0162,15243.0,15243.0,Vehicle Tax Fund,Department of Streets and Sanitation,Repair/Maintenance of Equipment,0.0,0.0
0300,81,0313,17550.0,17550.0,Vehicle Tax Fund,Department of Streets and Sanitation,Cleaning and Sanitation Supplies,0.0,0.0
0300,81,0319,4055.0,4055.0,Vehicle Tax Fund,Department of Streets and Sanitation,Clothing,0.0,0.0
0300,81,0340,248188.0,248188.0,Vehicle Tax Fund,Department of Streets and Sanitation,Material and Supplies,0.0,0.0
0300,81,0350,38375.0,38375.0,Vehicle Tax Fund,Department of Streets and Sanitation,Stationery and Office Supplies,0.0,0.0
0300,81,0401,49305.0,49305.0,Vehicle Tax Fund,Department of Streets and Sanitation,Tools Less Than or Equal to $100/Unit,0.0,0.0
0300,81,0402,19084.0,19084.0,Vehicle Tax Fund,Department of Streets and Sanitation,Tools Greater Than $100/Unit,0.0,0.0
0300,81,0423,60574.0,60574.0,Vehicle Tax Fund,Department of Streets and Sanitation,Communication Devices,0.0,0.0
0300,81,0992,370800.0,370800.0,Vehicle Tax Fund,Department of Streets and Sanitation,Tow Storage Refunds,0.0,0.0
0300,81,9438,191800.0,191800.0,Vehicle Tax Fund,Department of Streets and Sanitation,For Services Provided by the Department of Fleet and Facilities Management,0.0,0.0
0300,84,0005,49850391.0,49850391.0,Vehicle Tax Fund,Chicago Department of Transportation,Salaries and Wages - on Payroll,0.0,0.0
0300,84,0012,708532.0,708532.0,Vehicle Tax Fund,Chicago Department of Transportation,Contract Wage Increment - Prevailing Rate,0.0,0.0
0300,84,0015,106849.0,106849.0,Vehicle Tax Fund,Chicago Department of Transportation,Schedule Salary Adjustments,0.0,0.0
0300,84,0020,1330654.0,1330654.0,Vehicle Tax Fund,Chicago Department of Transportation,Overtime,0.0,0.0
0300,84,0091,61000.0,61000.0,Vehicle Tax Fund,Chicago Department of Transportation,Uniform Allowance,0.0,0.0
0300,84,0126,536.0,536.0,Vehicle Tax Fund,Chicago Department of Transportation,Office Conveniences,0.0,0.0
0300,84,0130,16500.0,16500.0,Vehicle Tax Fund,Chicago Department of Transportation,Postage,0.0,0.0
0300,84,0140,7441186.0,7441186.0,Vehicle Tax Fund,Chicago Department of Transportation,For Professional and Technical Services and Other Third Party Benefit Agreements,0.0,0.0
0300,84,0144,1020000.0,1020000.0,Vehicle Tax Fund,Chicago Department of Transportation,Engineering and Architecture,0.0,0.0
0300,84,0149,1471200.0,1471200.0,Vehicle Tax Fund,Chicago Department of Transportation,For Software Maintenance and Licensing,0.0,0.0
0300,84,0150,900.0,900.0,Vehicle Tax Fund,Chicago Department of Transportation,Publications and Reproduction - Outside Services.  To Be Expended with the Prior Approval of Graphics Services,0.0,0.0
0300,84,0152,912360.0,912360.0,Vehicle Tax Fund,Chicago Department of Transportation,Advertising,0.0,0.0
0300,84,0157,248336.0,248336.0,Vehicle Tax Fund,Chicago Department of Transportation,Rental of Equipment and Services,0.0,0.0
0300,84,0159,30013.0,30013.0,Vehicle Tax Fund,Chicago Department of Transportation,Lease Purchase Agreements for Equipment and Machinery,0.0,0.0
0300,84,0160,14000.0,14000.0,Vehicle Tax Fund,Chicago Department of Transportation,Repair or Maintenance of Property,0.0,0.0
0300,84,0162,2500.0,2500.0,Vehicle Tax Fund,Chicago Department of Transportation,Repair/Maintenance of Equipment,0.0,0.0
0300,84,0166,9000.0,9000.0,Vehicle Tax Fund,Chicago Department of Transportation,"Dues, Subscriptions and Memberships",0.0,0.0
0300,84,0169,12500.0,12500.0,Vehicle Tax Fund,Chicago Department of Transportation,Technical Meeting Costs,0.0,0.0
0300,84,0185,103145.0,103145.0,Vehicle Tax Fund,Chicago Department of Transportation,Waste Disposal Services,0.0,0.0
0300,84,0229,158400.0,158400.0,Vehicle Tax Fund,Chicago Department of Transportation,Transportation and Expense Allowance,0.0,0.0
0300,84,0245,26500.0,26500.0,Vehicle Tax Fund,Chicago Department of Transportation,Reimbursement to Travelers,0.0,0.0
0300,84,0313,3600.0,3600.0,Vehicle Tax Fund,Chicago Department of Transportation,Cleaning and Sanitation Supplies,0.0,0.0
0300,84,0319,17000.0,17000.0,Vehicle Tax Fund,Chicago Department of Transportation,Clothing,0.0,0.0
0300,84,0340,14500.0,14500.0,Vehicle Tax Fund,Chicago Department of Transportation,Material and Supplies,0.0,0.0
0300,84,0345,10000.0,10000.0,Vehicle Tax Fund,Chicago Department of Transportation,Apparatus and Instruments,0.0,0.0
0300,84,0348,1050.0,1050.0,Vehicle Tax Fund,Chicago Department of Transportation,Books and Related Material,0.0,0.0
0300,84,0350,11000.0,11000.0,Vehicle Tax Fund,Chicago Department of Transportation,Stationery and Office Supplies,0.0,0.0
0300,84,0446,90472.0,90472.0,Vehicle Tax Fund,Chicago Department of Transportation,For the Purchase of IT and Data Communication Hardware,0.0,0.0
0300,84,9438,4000.0,4000.0,Vehicle Tax Fund,Chicago Department of Transportation,For Services Provided by the Department of Fleet and Facilities Management,0.0,0.0
0300,84,9481,35000.0,35000.0,Vehicle Tax Fund,Chicago Department of Transportation,For Services Provided by the Department of Streets and Sanitation,0.0,0.0
0300,99,0003,468000.0,468000.0,Vehicle Tax Fund,Finance General,Scheduled Wage Adjustments,0.0,0.0
0300,99,0029,3077271.0,3077271.0,Vehicle Tax Fund,Finance General,For Health Maintenance Organization Premiums (HMO) Provided to Eligible Employees and Their Families,0.0,0.0
0300,99,0042,11131792.0,11131792.0,Vehicle Tax Fund,Finance General,For the Costs of Claims and Administration for Hospital and Medical Care Provided to Eligible Employees  Provided However  That All Payments to the In...,0.0,0.0
0300,99,0045,109023.0,109023.0,Vehicle Tax Fund,Finance General,For the Cost of Claims and Administration or Premiums for Term Life Insurance,0.0,0.0
0300,99,0049,12240000.0,12240000.0,Vehicle Tax Fund,Finance General,Claims and Costs of Administration Pursuant to the Workers' Compensation Act,0.0,0.0
0300,99,0051,306231.0,306231.0,Vehicle Tax Fund,Finance General,Claims Under Unemployment Insurance Act,0.0,0.0
0300,99,0052,206687.0,206687.0,Vehicle Tax Fund,Finance General,Costs of Claims and Administration for Hospital and Medical Care to Eligible Annuitants and Their Eligible Dependents,0.0,0.0
0300,99,0056,471380.0,471380.0,Vehicle Tax Fund,Finance General,For the Cost of Claims and Administration or Premiums for a Co-Insured Dental Plan for Employees,0.0,0.0
0300,99,0070,25000.0,25000.0,Vehicle Tax Fund,Finance General,Tuition Reimbursement and Educational Programs,0.0,0.0
0300,99,0085,314545.0,314545.0,Vehicle Tax Fund,Finance General,City Deferred Compensation Contributions for Union Members,0.0,0.0
0300,99,0128,113300.0,113300.0,Vehicle Tax Fund,Finance General,Investigation Costs.  To Be Expended at the Direction of the Comptroller,0.0,0.0
0300,99,0138,3616049.0,3616049.0,Vehicle Tax Fund,Finance General,For Professional Services for Information Technology Maintenance,0.0,0.0
0300,99,0139,234750.0,234750.0,Vehicle Tax Fund,Finance General,For Professional Services for Information Technology Development,0.0,0.0
0300,99,0140,6544182.0,6544182.0,Vehicle Tax Fund,Finance General,For Professional and Technical Services and Other Third Party Benefit Agreements,0.0,0.0
0300,99,0142,150000.0,150000.0,Vehicle Tax Fund,Finance General,Accounting and Auditing,0.0,0.0
0300,99,0931,11800.0,11800.0,Vehicle Tax Fund,Finance General,"For the Payment of Tort and Non-Tort Judgments, Outside Counsel Expenses and Expert Costs, as Approved by the Corporation Counsel",0.0,0.0
0300,99,0934,375000.0,375000.0,Vehicle Tax Fund,Finance General,Claims for Damages and Liabilities Against the City When Ordered Paid by the City Council,0.0,0.0
0300,99,0989,765000.0,765000.0,Vehicle Tax Fund,Finance General,For Refunds for Cancelled Voucher Warrants and Payroll Checks and for Refunding Duplicate Payments and Payments Made in Error,0.0,0.0
0300,99,0991,410000.0,410000.0,Vehicle Tax Fund,Finance General,To Provide for Matching and Supplementary Grant Funds Currently in Effect as Well as New Grants,0.0,0.0
0300,99,9027,24275.0,24275.0,Vehicle Tax Fund,Finance General,For the City Contribution to Social Security Tax,0.0,0.0
0300,99,9076,1027533.0,1027533.0,Vehicle Tax Fund,Finance General,City's Contribution to Medicare Tax,0.0,0.0
0300,99,9281,500000.0,500000.0,Vehicle Tax Fund,Finance General,Reserved for Excess Expenses Related to Snow Events,0.0,0.0
0300,99,9610,40375668.0,40375668.0,Vehicle Tax Fund,Finance General,To Reimburse Corporate Fund for Pension Payments,0.0,0.0
0300,99,9611,12580196.0,12580196.0,Vehicle Tax Fund,Finance General,To Reimburse the Corporate Fund for Indirect Costs Chargeable to Fund,0.0,0.0
0300,99,9774,10000.0,10000.0,Vehicle Tax Fund,Finance General,Transfer for Services Provided by the Office of Emergency Management and Communication,0.0,0.0
0310,38,0332,20396009.0,20396009.0,Motor Fuel Tax Fund,Department of Fleet and Facility Management,Electricity - Street Lighting,0.0,0.0
0310,81,0005,2010420.0,0.0,Motor Fuel Tax Fund,Department of Streets and Sanitation,Salaries and Wages - on Payroll,2010420.0,0.0
0310,81,0012,35182.0,0.0,Motor Fuel Tax Fund,Department of Streets and Sanitation,Contract Wage Increment - Prevailing Rate,35182.0,0.0
0310,81,0340,18758985.0,18758985.0,Motor Fuel Tax Fund,Department of Streets and Sanitation,Material and Supplies,0.0,0.0
0310,84,0005,35817614.0,35836472.0,Motor Fuel Tax Fund,Chicago Department of Transportation,Salaries and Wages - on Payroll,-18858.0,-0.052622367514302194
0310,84,0012,460787.0,460787.0,Motor Fuel Tax Fund,Chicago Department of Transportation,Contract Wage Increment - Prevailing Rate,0.0,0.0
0310,84,0015,14830.0,14830.0,Motor Fuel Tax Fund,Chicago Department of Transportation,Schedule Salary Adjustments,0.0,0.0
0310,84,0020,2567325.0,2567325.0,Motor Fuel Tax Fund,Chicago Department of Transportation,Overtime,0.0,0.0
0310,84,0091,18400.0,18400.0,Motor Fuel Tax Fund,Chicago Department of Transportation,Uniform Allowance,0.0,0.0
0310,84,0140,8207571.0,8207571.0,Motor Fuel Tax Fund,Chicago Department of Transportation,For Professional and Technical Services and Other Third Party Benefit Agreements,0.0,0.0
0310,84,0149,500000.0,0.0,Motor Fuel Tax Fund,Chicago Department of Transportation,For Software Maintenance and Licensing,500000.0,0.0
0310,84,0157,3459760.0,3459760.0,Motor Fuel Tax Fund,Chicago Department of Transportation,Rental of Equipment and Services,0.0,0.0
0310,84,0160,28000.0,28000.0,Motor Fuel Tax Fund,Chicago Department of Transportation,Repair or Maintenance of Property,0.0,0.0
0310,84,0162,29000.0,29000.0,Motor Fuel Tax Fund,Chicago Department of Transportation,Repair/Maintenance of Equipment,0.0,0.0
0310,84,0229,20500.0,20500.0,Motor Fuel Tax Fund,Chicago Department of Transportation,Transportation and Expense Allowance,0.0,0.0
0310,84,0340,7176956.0,7176956.0,Motor Fuel Tax Fund,Chicago Department of Transportation,Material and Supplies,0.0,0.0
0310,84,0365,22000.0,22000.0,Motor Fuel Tax Fund,Chicago Department of Transportation,Electrical Supplies,0.0,0.0
0310,99,0003,234000.0,234000.0,Motor Fuel Tax Fund,Finance General,Scheduled Wage Adjustments,0.0,0.0
0310,99,0140,0.0,92744.0,Motor Fuel Tax Fund,Finance General,PROFESSIONAL AND TECHNICAL SERVICES,-92744.0,-100.0
0310,99,9189,3000000.0,3000000.0,Motor Fuel Tax Fund,Finance General,For Payment of the Annual Contribution to the Chicago Transit Authority (CTA),0.0,0.0
0314,3,0005,753923.0,753923.0,Sewer Fund,Office of Inspector General,Salaries and Wages - on Payroll,0.0,0.0
0314,3,0015,29883.0,29883.0,Sewer Fund,Office of Inspector General,Schedule Salary Adjustments,0.0,0.0
0314,3,0130,142.0,142.0,Sewer Fund,Office of Inspector General,Postage,0.0,0.0
0314,3,0140,1269.0,1269.0,Sewer Fund,Office of Inspector General,For Professional and Technical Services and Other Third Party Benefit Agreements,0.0,0.0
0314,3,0143,9808.0,9808.0,Sewer Fund,Office of Inspector General,Court Reporting,0.0,0.0
0314,3,0149,27715.0,27715.0,Sewer Fund,Office of Inspector General,For Software Maintenance and Licensing,0.0,0.0
0314,3,0157,5813.0,5813.0,Sewer Fund,Office of Inspector General,Rental of Equipment and Services,0.0,0.0
0314,3,0159,601.0,601.0,Sewer Fund,Office of Inspector General,Lease Purchase Agreements for Equipment and Machinery,0.0,0.0
0314,3,0162,54.0,54.0,Sewer Fund,Office of Inspector General,Repair/Maintenance of Equipment,0.0,0.0
0314,3,0166,1384.0,1384.0,Sewer Fund,Office of Inspector General,"Dues, Subscriptions and Memberships",0.0,0.0
0314,3,0169,11200.0,11200.0,Sewer Fund,Office of Inspector General,Technical Meeting Costs,0.0,0.0
0314,3,0181,2373.0,2373.0,Sewer Fund,Office of Inspector General,Mobile Communication Services,0.0,0.0
0314,3,0189,3277.0,3277.0,Sewer Fund,Office of Inspector General,Telephone - Non-Centrex Billings,0.0,0.0
0314,3,0245,883.0,883.0,Sewer Fund,Office of Inspector General,Reimbursement to Travelers,0.0,0.0
0314,3,0270,428.0,428.0,Sewer Fund,Office of Inspector General,Local Transportation,0.0,0.0
0314,3,0320,386.0,386.0,Sewer Fund,Office of Inspector General,Gasoline,0.0,0.0
0314,3,0340,326.0,326.0,Sewer Fund,Office of Inspector General,Material and Supplies,0.0,0.0
0314,3,0348,173.0,173.0,Sewer Fund,Office of Inspector General,Books and Related Material,0.0,0.0
0314,3,0350,1225.0,1225.0,Sewer Fund,Office of Inspector General,Stationery and Office Supplies,0.0,0.0
0314,3,0700,1725.0,1725.0,Sewer Fund,Office of Inspector General,Contingencies,0.0,0.0
0314,6,0138,41719.0,41719.0,Sewer Fund,Department of Technology and Innovation,For Professional Services for Information Technology Maintenance,0.0,0.0
0314,6,0140,15033.0,15033.0,Sewer Fund,Department of Technology and Innovation,For Professional and Technical Services and Other Third Party Benefit Agreements,0.0,0.0
0314,6,0149,133311.0,133311.0,Sewer Fund,Department of Technology and Innovation,For Software Maintenance and Licensing,0.0,0.0
0314,6,0162,33656.0,33656.0,Sewer Fund,Department of Technology and Innovation,Repair/Maintenance of Equipment,0.0,0.0
0314,6,0166,592.0,592.0,Sewer Fund,Department of Technology and Innovation,"Dues, Subscriptions and Memberships",0.0,0.0
0314,6,0188,34123.0,34123.0,Sewer Fund,Department of Technology and Innovation,Vehicle Tracking Service,0.0,0.0
0314,6,0190,31602.0,31602.0,Sewer Fund,Department of Technology and Innovation,Telephone - Centrex Billings,0.0,0.0
0314,6,0196,17791.0,17791.0,Sewer Fund,Department of Technology and Innovation,Data Circuits,0.0,0.0
0314,27,0140,1628237.0,1628237.0,Sewer Fund,Department of Finance,For Professional and Technical Services and Other Third Party Benefit Agreements,0.0,0.0
0314,27,0149,8000.0,8000.0,Sewer Fund,Department of Finance,For Software Maintenance and Licensing,0.0,0.0
0314,27,0154,10000.0,10000.0,Sewer Fund,Department of Finance,"For the Rental and Maintenance of Data Processing, Office Automation and Data Communications Hardware",0.0,0.0
0314,27,0166,300.0,300.0,Sewer Fund,Department of Finance,"Dues, Subscriptions and Memberships",0.0,0.0
0314,28,0005,160585.0,160585.0,Sewer Fund,City Treasurer's Office,Salaries and Wages - on Payroll,0.0,0.0
0314,28,0138,56471.0,56471.0,Sewer Fund,City Treasurer's Office,For Professional Services for Information Technology Maintenance,0.0,0.0
0314,28,0140,57611.0,57611.0,Sewer Fund,City Treasurer's Office,For Professional and Technical Services and Other Third Party Benefit Agreements,0.0,0.0
0314,31,0005,879713.0,879713.0,Sewer Fund,Department of Law,Salaries and Wages - on Payroll,0.0,0.0
0314,31,0020,200.0,200.0,Sewer Fund,Department of Law,Overtime,0.0,0.0
0314,31,0130,2757.0,2757.0,Sewer Fund,Department of Law,Postage,0.0,0.0
0314,31,0138,2000.0,2000.0,Sewer Fund,Department of Law,For Professional Services for Information Technology Maintenance,0.0,0.0
0314,31,0140,27404.0,27404.0,Sewer Fund,Department of Law,For Professional and Technical Services and Other Third Party Benefit Agreements,0.0,0.0
0314,31,0141,800.0,800.0,Sewer Fund,Department of Law,Appraisals,0.0,0.0
0314,31,0143,21578.0,21578.0,Sewer Fund,Department of Law,Court Reporting,0.0,0.0
0314,31,0145,4685.0,4685.0,Sewer Fund,Department of Law,Legal Expenses,0.0,0.0
0314,31,0149,23600.0,23600.0,Sewer Fund,Department of Law,For Software Maintenance and Licensing,0.0,0.0
0314,31,0150,800.0,800.0,Sewer Fund,Department of Law,Publications and Reproduction - Outside Services.  To Be Expended with the Prior Approval of Graphics Services,0.0,0.0
0314,31,0157,210.0,210.0,Sewer Fund,Department of Law,Rental of Equipment and Services,0.0,0.0
0314,31,0159,5376.0,5376.0,Sewer Fund,Department of Law,Lease Purchase Agreements for Equipment and Machinery,0.0,0.0
0314,31,0162,100.0,100.0,Sewer Fund,Department of Law,Repair/Maintenance of Equipment,0.0,0.0
0314,31,0166,1750.0,1750.0,Sewer Fund,Department of Law,"Dues, Subscriptions and Memberships",0.0,0.0
0314,31,0169,4020.0,4020.0,Sewer Fund,Department of Law,Technical Meeting Costs,0.0,0.0
0314,31,0178,270.0,270.0,Sewer Fund,Department of Law,Freight and Express Charges,0.0,0.0
0314,31,0229,140.0,140.0,Sewer Fund,Department of Law,Transportation and Expense Allowance,0.0,0.0
0314,31,0245,1750.0,1750.0,Sewer Fund,Department of Law,Reimbursement to Travelers,0.0,0.0
0314,31,0270,932.0,932.0,Sewer Fund,Department of Law,Local Transportation,0.0,0.0
0314,31,0348,150.0,150.0,Sewer Fund,Department of Law,Books and Related Material,0.0,0.0
0314,31,0350,2244.0,2244.0,Sewer Fund,Department of Law,Stationery and Office Supplies,0.0,0.0
0314,31,9438,805.0,805.0,Sewer Fund,Department of Law,For Services Provided by the Department of Fleet and Facilities Management,0.0,0.0
0314,38,0005,2968761.0,2968761.0,Sewer Fund,Department of Fleet and Facility Management,Salaries and Wages - on Payroll,0.0,0.0
0314,38,0012,35606.0,35606.0,Sewer Fund,Department of Fleet and Facility Management,Contract Wage Increment - Prevailing Rate,0.0,0.0
0314,38,0020,341145.0,341145.0,Sewer Fund,Department of Fleet and Facility Management,Overtime,0.0,0.0
0314,38,0140,225251.0,225251.0,Sewer Fund,Department of Fleet and Facility Management,For Professional and Technical Services and Other Third Party Benefit Agreements,0.0,0.0
0314,38,0149,13774.0,13774.0,Sewer Fund,Department of Fleet and Facility Management,For Software Maintenance and Licensing,0.0,0.0
0314,38,0155,219387.0,219387.0,Sewer Fund,Department of Fleet and Facility Management,Rental of Property,0.0,0.0
0314,38,0162,63468.0,63468.0,Sewer Fund,Department of Fleet and Facility Management,Repair/Maintenance of Equipment,0.0,0.0
0314,38,0176,1386981.0,1386981.0,Sewer Fund,Department of Fleet and Facility Management,Maintenance and Operation of City Owned Vehicles,0.0,0.0
0314,38,0188,0.0,0.0,Sewer Fund,Department of Fleet and Facility Management,VEHICLE TRACKING SERVICE,0.0,0.0
0314,38,0190,0.0,0.0,Sewer Fund,Department of Fleet and Facility Management,TELEPHONE - CENTREX BILLINGS,0.0,0.0
0314,38,0315,902595.0,902595.0,Sewer Fund,Department of Fleet and Facility Management,Motor Vehicle Diesel Fuel,0.0,0.0
0314,38,0320,531435.0,531435.0,Sewer Fund,Department of Fleet and Facility Management,Gasoline,0.0,0.0
0314,38,0325,21685.0,21685.0,Sewer Fund,Department of Fleet and Facility Management,Alternative Fuel,0.0,0.0
0314,38,0360,972600.0,972600.0,Sewer Fund,Department of Fleet and Facility Management,Repair Parts and Material,0.0,0.0
0314,67,0005,1362083.0,1362083.0,Sewer Fund,Department of Buildings,Salaries and Wages - on Payroll,0.0,0.0
0314,67,0012,3720.0,3720.0,Sewer Fund,Department of Buildings,Contract Wage Increment - Prevailing Rate,0.0,0.0
0314,67,0015,9751.0,9751.0,Sewer Fund,Department of Buildings,Schedule Salary Adjustments,0.0,0.0
0314,67,0020,35000.0,35000.0,Sewer Fund,Department of Buildings,Overtime,0.0,0.0
0314,67,0140,885000.0,885000.0,Sewer Fund,Department of Buildings,For Professional and Technical Services and Other Third Party Benefit Agreements,0.0,0.0
0314,67,0229,8000.0,8000.0,Sewer Fund,Department of Buildings,Transportation and Expense Allowance,0.0,0.0
0314,88,0005,50162719.0,50162719.0,Sewer Fund,Department of Water Management,Salaries and Wages - on Payroll,0.0,0.0
0314,88,0012,732371.0,732371.0,Sewer Fund,Department of Water Management,Contract Wage Increment - Prevailing Rate,0.0,0.0
0314,88,0015,27258.0,27258.0,Sewer Fund,Department of Water Management,Schedule Salary Adjustments,0.0,0.0
0314,88,0020,5556001.0,5556001.0,Sewer Fund,Department of Water Management,Overtime,0.0,0.0
0314,88,0140,5262432.0,5262432.0,Sewer Fund,Department of Water Management,For Professional and Technical Services and Other Third Party Benefit Agreements,0.0,0.0
0314,88,0149,39493.0,39493.0,Sewer Fund,Department of Water Management,For Software Maintenance and Licensing,0.0,0.0
0314,88,0150,500.0,500.0,Sewer Fund,Department of Water Management,Publications and Reproduction - Outside Services.  To Be Expended with the Prior Approval of Graphics Services,0.0,0.0
0314,88,0154,6924.0,6924.0,Sewer Fund,Department of Water Management,"For the Rental and Maintenance of Data Processing, Office Automation and Data Communications Hardware",0.0,0.0
0314,88,0157,1420305.0,1420305.0,Sewer Fund,Department of Water Management,Rental of Equipment and Services,0.0,0.0
0314,88,0162,20500.0,20500.0,Sewer Fund,Department of Water Management,Repair/Maintenance of Equipment,0.0,0.0
0314,88,0166,25000.0,25000.0,Sewer Fund,Department of Water Management,"Dues, Subscriptions and Memberships",0.0,0.0
0314,88,0169,21930.0,21930.0,Sewer Fund,Department of Water Management,Technical Meeting Costs,0.0,0.0
0314,88,0185,2842918.0,2842918.0,Sewer Fund,Department of Water Management,Waste Disposal Services,0.0,0.0
0314,88,0229,79390.0,79390.0,Sewer Fund,Department of Water Management,Transportation and Expense Allowance,0.0,0.0
0314,88,0245,8000.0,8000.0,Sewer Fund,Department of Water Management,Reimbursement to Travelers,0.0,0.0
0314,88,0340,5326102.0,5326102.0,Sewer Fund,Department of Water Management,Material and Supplies,0.0,0.0
0314,88,0345,1500.0,1500.0,Sewer Fund,Department of Water Management,Apparatus and Instruments,0.0,0.0
0314,88,0348,1500.0,1500.0,Sewer Fund,Department of Water Management,Books and Related Material,0.0,0.0
0314,88,0350,6000.0,6000.0,Sewer Fund,Department of Water Management,Stationery and Office Supplies,0.0,0.0
0314,88,0401,25000.0,25000.0,Sewer Fund,Department of Water Management,Tools Less Than or Equal to $100/Unit,0.0,0.0
0314,88,0402,99673.0,99673.0,Sewer Fund,Department of Water Management,Tools Greater Than $100/Unit,0.0,0.0
0314,88,0424,3000.0,3000.0,Sewer Fund,Department of Water Management,Furniture and Furnishings,0.0,0.0
0314,88,0440,245923.0,245923.0,Sewer Fund,Department of Water Management,Machinery and Equipment,0.0,0.0
0314,88,0446,17500.0,17500.0,Sewer Fund,Department of Water Management,For the Purchase of IT and Data Communication Hardware,0.0,0.0
0314,88,0521,3000000.0,3000000.0,Sewer Fund,Department of Water Management,Maintenance and Construction,0.0,0.0
0314,88,9438,4750000.0,4750000.0,Sewer Fund,Department of Water Management,For Services Provided by the Department of Fleet and Facilities Management,0.0,0.0
0314,88,9481,7767702.0,7767702.0,Sewer Fund,Department of Water Management,For Services Provided by the Department of Streets and Sanitation,0.0,0.0
0314,99,0003,235000.0,235000.0,Sewer Fund,Finance General,Scheduled Wage Adjustments,0.0,0.0
0314,99,0029,1456722.0,1456722.0,Sewer Fund,Finance General,For Health Maintenance Organization Premiums (HMO) Provided to Eligible Employees and Their Families,0.0,0.0
0314,99,0042,5269580.0,5269580.0,Sewer Fund,Finance General,For the Costs of Claims and Administration for Hospital and Medical Care Provided to Eligible Employees  Provided However  That All Payments to the In...,0.0,0.0
0314,99,0045,51610.0,51610.0,Sewer Fund,Finance General,For the Cost of Claims and Administration or Premiums for Term Life Insurance,0.0,0.0
0314,99,0049,6694423.0,6694423.0,Sewer Fund,Finance General,Claims and Costs of Administration Pursuant to the Workers' Compensation Act,0.0,0.0
0314,99,0051,182992.0,182992.0,Sewer Fund,Finance General,Claims Under Unemployment Insurance Act,0.0,0.0
0314,99,0052,97842.0,97842.0,Sewer Fund,Finance General,Costs of Claims and Administration for Hospital and Medical Care to Eligible Annuitants and Their Eligible Dependents,0.0,0.0
0314,99,0056,223142.0,223142.0,Sewer Fund,Finance General,For the Cost of Claims and Administration or Premiums for a Co-Insured Dental Plan for Employees,0.0,0.0
0314,99,0070,30000.0,30000.0,Sewer Fund,Finance General,Tuition Reimbursement and Educational Programs,0.0,0.0
0314,99,0085,180996.0,180996.0,Sewer Fund,Finance General,City Deferred Compensation Contributions for Union Members,0.0,0.0
0314,99,0128,103000.0,103000.0,Sewer Fund,Finance General,Investigation Costs.  To Be Expended at the Direction of the Comptroller,0.0,0.0
0314,99,0130,247754.0,247754.0,Sewer Fund,Finance General,Postage,0.0,0.0
0314,99,0138,2123600.0,2123600.0,Sewer Fund,Finance General,For Professional Services for Information Technology Maintenance,0.0,0.0
0314,99,0139,2183734.0,2183734.0,Sewer Fund,Finance General,For Professional Services for Information Technology Development,0.0,0.0
0314,99,0140,1233733.0,1233733.0,Sewer Fund,Finance General,For Professional and Technical Services and Other Third Party Benefit Agreements,0.0,0.0
0314,99,0142,150000.0,150000.0,Sewer Fund,Finance General,Accounting and Auditing,0.0,0.0
0314,99,0149,25025.0,25025.0,Sewer Fund,Finance General,For Software Maintenance and Licensing,0.0,0.0
0314,99,0166,75000.0,75000.0,Sewer Fund,Finance General,"Dues, Subscriptions and Memberships",0.0,0.0
0314,99,0172,2198037.0,2198037.0,Sewer Fund,Finance General,For the Cost of Insurance Premiums and Expenses,0.0,0.0
0314,99,0902,83450302.0,83450302.0,Sewer Fund,Finance General,For Interest on Bonds,0.0,0.0
0314,99,0912,54012419.0,54012419.0,Sewer Fund,Finance General,For Payment of Bonds,0.0,0.0
0314,99,0931,383133.0,383133.0,Sewer Fund,Finance General,"For the Payment of Tort and Non-Tort Judgments, Outside Counsel Expenses and Expert Costs, as Approved by the Corporation Counsel",0.0,0.0
0314,99,0934,25000.0,25000.0,Sewer Fund,Finance General,Claims for Damages and Liabilities Against the City When Ordered Paid by the City Council,0.0,0.0
0314,99,0943,21080796.0,21080796.0,Sewer Fund,Finance General,For Interest on Loans,0.0,0.0
0314,99,0944,42652484.0,42652484.0,Sewer Fund,Finance General,For Payment on Loans,0.0,0.0
0314,99,0959,40900.0,40900.0,Sewer Fund,Finance General,For Bond Fees and Costs,0.0,0.0
0314,99,9027,14134.0,14134.0,Sewer Fund,Finance General,For the City Contribution to Social Security Tax,0.0,0.0
0314,99,9076,598267.0,598267.0,Sewer Fund,Finance General,City's Contribution to Medicare Tax,0.0,0.0
0314,99,9097,25039439.0,25039439.0,Sewer Fund,Finance General,For Capital Construction,0.0,0.0
0314,99,9148,350000.0,350000.0,Sewer Fund,Finance General,To Provide for Senior Citizens - Rebate of Sewer Services When Senior Occupies Multi-Family Residency or Condominium,0.0,0.0
0314,99,9611,37213000.0,37213000.0,Sewer Fund,Finance General,To Reimburse the Corporate Fund for Indirect Costs Chargeable to Fund,0.0,0.0
0314,99,9645,14577000.0,14577000.0,Sewer Fund,Finance General,To Reimburse the Corporate Fund for Indirect Pension Costs Chargeable to Fund,0.0,0.0
0314,99,9774,120000.0,120000.0,Sewer Fund,Finance General,Transfer for Services Provided by the Office of Emergency Management and Communication,0.0,0.0
0314,99,9980,13349000.0,13349000.0,Sewer Fund,Finance General,Municipal Fund Pension Allocation,0.0,0.0
0314,99,9981,14873000.0,14873000.0,Sewer Fund,Finance General,Laborers' Fund Pension Allocation,0.0,0.0
0314,99,9984,3179000.0,3179000.0,Sewer Fund,Finance General,Municipal Fund Advance Pension Payment,0.0,0.0
0314,99,9985,2392000.0,2392000.0,Sewer Fund,Finance General,Laborers' Fund Advance Pension Payment,0.0,0.0
033C,38,0140,1534000.0,1534000.0,Community Development Block Grant - CARES Act,Department of Fleet and Facility Management,For Professional and Technical Services and Other Third Party Benefit Agreements,0.0,0.0
033C,50,0135,880000.0,578000.0,Community Development Block Grant - CARES Act,Department of Family and Support Services,For Delegate Agencies,302000.0,52.24913494809689
033C,54,0140,0.0,0.0,Community Development Block Grant - CARES Act,Department of Planning and Development,PROFESSIONAL AND TECHNICAL SERVICES,0.0,0.0
033C,70,0140,2000000.0,2000000.0,Community Development Block Grant - CARES Act,Department of Business Affairs and Consumer Protection,For Professional and Technical Services and Other Third Party Benefit Agreements,0.0,0.0
033C,84,0140,3466010.0,3466010.0,Community Development Block Grant - CARES Act,Chicago Department of Transportation,For Professional and Technical Services and Other Third Party Benefit Agreements,0.0,0.0
0346,6,0181,4344.0,4344.0,Library Fund,Department of Technology and Innovation,Mobile Communication Services,0.0,0.0
0346,6,0188,6362.0,6362.0,Library Fund,Department of Technology and Innovation,Vehicle Tracking Service,0.0,0.0
0346,6,0189,65539.0,65539.0,Library Fund,Department of Technology and Innovation,Telephone - Non-Centrex Billings,0.0,0.0
0346,6,0190,249000.0,249000.0,Library Fund,Department of Technology and Innovation,Telephone - Centrex Billings,0.0,0.0
0346,6,0197,13801.0,13801.0,Library Fund,Department of Technology and Innovation,Telephone - Maintenance and Repair of Equipment and Voicemail,0.0,0.0
0346,38,0125,5652984.0,5652984.0,Library Fund,Department of Fleet and Facility Management,Office and Building Services,0.0,0.0
0346,38,0140,7624396.0,7624396.0,Library Fund,Department of Fleet and Facility Management,For Professional and Technical Services and Other Third Party Benefit Agreements,0.0,0.0
0346,38,0155,1774433.0,1774433.0,Library Fund,Department of Fleet and Facility Management,Rental of Property,0.0,0.0
0346,38,0160,1500000.0,1500000.0,Library Fund,Department of Fleet and Facility Management,Repair or Maintenance of Property,0.0,0.0
0346,38,0161,500000.0,500000.0,Library Fund,Department of Fleet and Facility Management,"Operation, Repair or Maintenance of Facilities",0.0,0.0
0346,38,0162,810000.0,810000.0,Library Fund,Department of Fleet and Facility Management,Repair/Maintenance of Equipment,0.0,0.0
0346,38,0176,14937.0,14937.0,Library Fund,Department of Fleet and Facility Management,Maintenance and Operation of City Owned Vehicles,0.0,0.0
0346,38,0181,0.0,0.0,Library Fund,Department of Fleet and Facility Management,MOBILE COMMUNICATION SERVICES,0.0,0.0
0346,38,0188,0.0,0.0,Library Fund,Department of Fleet and Facility Management,VEHICLE TRACKING SERVICE,0.0,0.0
0346,38,0189,0.0,0.0,Library Fund,Department of Fleet and Facility Management,TELEPHONE - NON-CENTREX BILLINGS,0.0,0.0
0346,38,0190,0.0,0.0,Library Fund,Department of Fleet and Facility Management,TELEPHONE - CENTREX BILLINGS,0.0,0.0
0346,38,0197,0.0,0.0,Library Fund,Department of Fleet and Facility Management,TELEPHONE - MAINTENANCE,0.0,0.0
0346,38,0313,321936.0,321936.0,Library Fund,Department of Fleet and Facility Management,Cleaning and Sanitation Supplies,0.0,0.0
0346,38,0315,28233.0,28233.0,Library Fund,Department of Fleet and Facility Management,Motor Vehicle Diesel Fuel,0.0,0.0
0346,38,0320,40828.0,40828.0,Library Fund,Department of Fleet and Facility Management,Gasoline,0.0,0.0
0346,38,0322,756207.0,756207.0,Library Fund,Department of Fleet and Facility Management,Natural Gas,0.0,0.0
0346,38,0331,4637945.0,4637945.0,Library Fund,Department of Fleet and Facility Management,Electricity,0.0,0.0
0346,38,0340,905000.0,905000.0,Library Fund,Department of Fleet and Facility Management,Material and Supplies,0.0,0.0
0346,38,0360,26550.0,26550.0,Library Fund,Department of Fleet and Facility Management,Repair Parts and Material,0.0,0.0
0346,91,0005,71892954.0,71892954.0,Library Fund,Chicago Public Library,Salaries and Wages - on Payroll,0.0,0.0
0346,91,0012,18416.0,18416.0,Library Fund,Chicago Public Library,Contract Wage Increment - Prevailing Rate,0.0,0.0
0346,91,0015,550845.0,550845.0,Library Fund,Chicago Public Library,Schedule Salary Adjustments,0.0,0.0
0346,91,0020,400000.0,400000.0,Library Fund,Chicago Public Library,Overtime,0.0,0.0
0346,91,0091,5500.0,5500.0,Library Fund,Chicago Public Library,Uniform Allowance,0.0,0.0
0346,91,0123,99582.0,99582.0,Library Fund,Chicago Public Library,For Services Provided by Performers and Exhibitors,0.0,0.0
0346,91,0130,22000.0,22000.0,Library Fund,Chicago Public Library,Postage,0.0,0.0
0346,91,0140,704581.0,754581.0,Library Fund,Chicago Public Library,For Professional and Technical Services and Other Third Party Benefit Agreements,-50000.0,-6.626193874481334
0346,91,0149,1897079.0,1897079.0,Library Fund,Chicago Public Library,For Software Maintenance and Licensing,0.0,0.0
0346,91,0152,0.0,0.0,Library Fund,Chicago Public Library,ADVERTISING,0.0,0.0
0346,91,0153,67500.0,67500.0,Library Fund,Chicago Public Library,Promotions,0.0,0.0
0346,91,0157,222233.0,222233.0,Library Fund,Chicago Public Library,Rental of Equipment and Services,0.0,0.0
0346,91,0162,645427.0,645427.0,Library Fund,Chicago Public Library,Repair/Maintenance of Equipment,0.0,0.0
0346,91,0164,56107.0,56107.0,Library Fund,Chicago Public Library,Bookbinding,0.0,0.0
0346,91,0165,13813.0,13813.0,Library Fund,Chicago Public Library,Graphic Design Services,0.0,0.0
0346,91,0166,209377.0,209377.0,Library Fund,Chicago Public Library,"Dues, Subscriptions and Memberships",0.0,0.0
0346,91,0168,10000.0,10000.0,Library Fund,Chicago Public Library,Educational Development through Cooperative Education Program and Apprenticeship Program,0.0,0.0
0346,91,0169,28000.0,28000.0,Library Fund,Chicago Public Library,Technical Meeting Costs,0.0,0.0
0346,91,0172,24000.0,24000.0,Library Fund,Chicago Public Library,For the Cost of Insurance Premiums and Expenses,0.0,0.0
0346,91,0178,4001.0,4001.0,Library Fund,Chicago Public Library,Freight and Express Charges,0.0,0.0
0346,91,0196,1110885.0,1110885.0,Library Fund,Chicago Public Library,Data Circuits,0.0,0.0
0346,91,0245,21250.0,21250.0,Library Fund,Chicago Public Library,Reimbursement to Travelers,0.0,0.0
0346,91,0340,112988.0,112988.0,Library Fund,Chicago Public Library,Material and Supplies,0.0,0.0
0346,91,0350,560291.0,560291.0,Library Fund,Chicago Public Library,Stationery and Office Supplies,0.0,0.0
0346,91,0361,1312.0,1312.0,Library Fund,Chicago Public Library,Building Materials and Supplies,0.0,0.0
0346,91,0365,1220.0,1220.0,Library Fund,Chicago Public Library,Electrical Supplies,0.0,0.0
0346,91,0410,96000.0,96000.0,Library Fund,Chicago Public Library,Equipment for Buildings,0.0,0.0
0346,91,0420,375000.0,375000.0,Library Fund,Chicago Public Library,Furniture and Fixtures,0.0,0.0
0346,91,0446,209972.0,209972.0,Library Fund,Chicago Public Library,For the Purchase of IT and Data Communication Hardware,0.0,0.0
0346,91,9199,10500000.0,10500000.0,Library Fund,Chicago Public Library,For Purchase of Chicago Public Library Books and Materials,0.0,0.0
0346,91,9438,20000.0,20000.0,Library Fund,Chicago Public Library,For Services Provided by the Department of Fleet and Facilities Management,0.0,0.0
0346,99,0003,403000.0,403000.0,Library Fund,Finance General,Scheduled Wage Adjustments,0.0,0.0
0346,99,0029,2086786.0,2086786.0,Library Fund,Finance General,For Health Maintenance Organization Premiums (HMO) Provided to Eligible Employees and Their Families,0.0,0.0
0346,99,0042,7548789.0,7548789.0,Library Fund,Finance General,For the Costs of Claims and Administration for Hospital and Medical Care Provided to Eligible Employees  Provided However  That All Payments to the In...,0.0,0.0
0346,99,0045,73932.0,73932.0,Library Fund,Finance General,For the Cost of Claims and Administration or Premiums for Term Life Insurance,0.0,0.0
0346,99,0049,605880.0,605880.0,Library Fund,Finance General,Claims and Costs of Administration Pursuant to the Workers' Compensation Act,0.0,0.0
0346,99,0051,261417.0,261417.0,Library Fund,Finance General,Claims Under Unemployment Insurance Act,0.0,0.0
0346,99,0052,140160.0,140160.0,Library Fund,Finance General,Costs of Claims and Administration for Hospital and Medical Care to Eligible Annuitants and Their Eligible Dependents,0.0,0.0
0346,99,0056,319657.0,319657.0,Library Fund,Finance General,For the Cost of Claims and Administration or Premiums for a Co-Insured Dental Plan for Employees,0.0,0.0
0346,99,0070,150000.0,150000.0,Library Fund,Finance General,Tuition Reimbursement and Educational Programs,0.0,0.0
0346,99,0085,176902.0,176902.0,Library Fund,Finance General,City Deferred Compensation Contributions for Union Members,0.0,0.0
0346,99,0139,7941.0,7941.0,Library Fund,Finance General,For Professional Services for Information Technology Development,0.0,0.0
0346,99,0140,327199.0,277199.0,Library Fund,Finance General,For Professional and Technical Services and Other Third Party Benefit Agreements,50000.0,18.03758310816417
0346,99,0142,110000.0,110000.0,Library Fund,Finance General,Accounting and Auditing,0.0,0.0
0346,99,0450,160000.0,160000.0,Library Fund,Finance General,Vehicles,0.0,0.0
0346,99,0955,2200000.0,2200000.0,Library Fund,Finance General,Interest on Library Financing,0.0,0.0
0346,99,9027,20682.0,20682.0,Library Fund,Finance General,For the City Contribution to Social Security Tax,0.0,0.0
0346,99,9076,875431.0,875431.0,Library Fund,Finance General,City's Contribution to Medicare Tax,0.0,0.0
0346,99,9112,9850396.0,9850396.0,Library Fund,Finance General,Property Maintenance Contract for the Harold Washington Library Center,0.0,0.0
0346,99,9980,4692000.0,4692000.0,Library Fund,Finance General,Municipal Fund Pension Allocation,0.0,0.0
0353,51,0005,12699474.0,12715254.0,Emergency Communication Fund,Office of Public Safety Administration,Salaries and Wages - on Payroll,-15780.0,-0.12410290820773222
0353,51,0012,162296.0,162296.0,Emergency Communication Fund,Office of Public Safety Administration,Contract Wage Increment - Prevailing Rate,0.0,0.0
0353,51,0015,22373.0,22373.0,Emergency Communication Fund,Office of Public Safety Administration,Schedule Salary Adjustments,0.0,0.0
0353,51,0020,683024.0,683024.0,Emergency Communication Fund,Office of Public Safety Administration,Overtime,0.0,0.0
0353,51,0138,13558225.0,13558225.0,Emergency Communication Fund,Office of Public Safety Administration,For Professional Services for Information Technology Maintenance,0.0,0.0
0353,51,0139,14000000.0,14000000.0,Emergency Communication Fund,Office of Public Safety Administration,For Professional Services for Information Technology Development,0.0,0.0
0353,51,0140,3531210.0,3531210.0,Emergency Communication Fund,Office of Public Safety Administration,For Professional and Technical Services and Other Third Party Benefit Agreements,0.0,0.0
0353,51,0142,75000.0,75000.0,Emergency Communication Fund,Office of Public Safety Administration,Accounting and Auditing,0.0,0.0
0353,51,0149,8967998.0,8967998.0,Emergency Communication Fund,Office of Public Safety Administration,For Software Maintenance and Licensing,0.0,0.0
0353,51,0154,2000.0,2000.0,Emergency Communication Fund,Office of Public Safety Administration,"For the Rental and Maintenance of Data Processing, Office Automation and Data Communications Hardware",0.0,0.0
0353,51,0157,604772.0,604772.0,Emergency Communication Fund,Office of Public Safety Administration,Rental of Equipment and Services,0.0,0.0
0353,51,0162,2371699.0,2371699.0,Emergency Communication Fund,Office of Public Safety Administration,Repair/Maintenance of Equipment,0.0,0.0
0353,51,0166,9000.0,9000.0,Emergency Communication Fund,Office of Public Safety Administration,"Dues, Subscriptions and Memberships",0.0,0.0
0353,51,0169,18000.0,18000.0,Emergency Communication Fund,Office of Public Safety Administration,Technical Meeting Costs,0.0,0.0
0353,51,0181,5521260.0,5521260.0,Emergency Communication Fund,Office of Public Safety Administration,Mobile Communication Services,0.0,0.0
0353,51,0189,2638500.0,2638500.0,Emergency Communication Fund,Office of Public Safety Administration,Telephone - Non-Centrex Billings,0.0,0.0
0353,51,0190,425000.0,425000.0,Emergency Communication Fund,Office of Public Safety Administration,Telephone - Centrex Billings,0.0,0.0
0353,51,0196,1761000.0,1761000.0,Emergency Communication Fund,Office of Public Safety Administration,Data Circuits,0.0,0.0
0353,51,0197,3824489.0,3824489.0,Emergency Communication Fund,Office of Public Safety Administration,Telephone - Maintenance and Repair of Equipment and Voicemail,0.0,0.0
0353,51,0229,90000.0,90000.0,Emergency Communication Fund,Office of Public Safety Administration,Transportation and Expense Allowance,0.0,0.0
0353,51,0245,20000.0,20000.0,Emergency Communication Fund,Office of Public Safety Administration,Reimbursement to Travelers,0.0,0.0
0353,51,0330,12000.0,12000.0,Emergency Communication Fund,Office of Public Safety Administration,Food,0.0,0.0
0353,51,0340,472836.0,472836.0,Emergency Communication Fund,Office of Public Safety Administration,Material and Supplies,0.0,0.0
0353,51,0350,21700.0,21700.0,Emergency Communication Fund,Office of Public Safety Administration,Stationery and Office Supplies,0.0,0.0
0353,51,0360,2784100.0,2784100.0,Emergency Communication Fund,Office of Public Safety Administration,Repair Parts and Material,0.0,0.0
0353,51,0365,115000.0,115000.0,Emergency Communication Fund,Office of Public Safety Administration,Electrical Supplies,0.0,0.0
0353,51,0401,43200.0,43200.0,Emergency Communication Fund,Office of Public Safety Administration,Tools Less Than or Equal to $100/Unit,0.0,0.0
0353,51,0423,33925.0,33925.0,Emergency Communication Fund,Office of Public Safety Administration,Communication Devices,0.0,0.0
0353,51,9295,726935.0,726935.0,Emergency Communication Fund,Office of Public Safety Administration,Consent Decree,0.0,0.0
0353,58,0005,53682183.0,53666403.0,Emergency Communication Fund,Office of Emergency Management and Communications,Salaries and Wages - on Payroll,15780.0,0.029403871170572023
0353,58,0012,27035.0,27035.0,Emergency Communication Fund,Office of Emergency Management and Communications,Contract Wage Increment - Prevailing Rate,0.0,0.0
0353,58,0015,534813.0,534813.0,Emergency Communication Fund,Office of Emergency Management and Communications,Schedule Salary Adjustments,0.0,0.0
0353,58,0020,5670000.0,5670000.0,Emergency Communication Fund,Office of Emergency Management and Communications,Overtime,0.0,0.0
0353,58,0091,271700.0,271700.0,Emergency Communication Fund,Office of Emergency Management and Communications,Uniform Allowance,0.0,0.0
0353,58,0125,1777000.0,1777000.0,Emergency Communication Fund,Office of Emergency Management and Communications,Office and Building Services,0.0,0.0
0353,58,0138,95000.0,95000.0,Emergency Communication Fund,Office of Emergency Management and Communications,For Professional Services for Information Technology Maintenance,0.0,0.0
0353,58,0140,2361000.0,2361000.0,Emergency Communication Fund,Office of Emergency Management and Communications,For Professional and Technical Services and Other Third Party Benefit Agreements,0.0,0.0
0353,58,0166,18680.0,18680.0,Emergency Communication Fund,Office of Emergency Management and Communications,"Dues, Subscriptions and Memberships",0.0,0.0
0353,58,0245,12500.0,12500.0,Emergency Communication Fund,Office of Emergency Management and Communications,Reimbursement to Travelers,0.0,0.0
0353,58,0319,74500.0,74500.0,Emergency Communication Fund,Office of Emergency Management and Communications,Clothing,0.0,0.0
0353,58,0340,55000.0,55000.0,Emergency Communication Fund,Office of Emergency Management and Communications,Material and Supplies,0.0,0.0
0353,58,0350,2600.0,2600.0,Emergency Communication Fund,Office of Emergency Management and Communications,Stationery and Office Supplies,0.0,0.0
0353,58,9295,20000.0,20000.0,Emergency Communication Fund,Office of Emergency Management and Communications,Consent Decree,0.0,0.0
0353,99,0003,403000.0,403000.0,Emergency Communication Fund,Finance General,Scheduled Wage Adjustments,0.0,0.0
0353,99,0029,1933165.0,1933165.0,Emergency Communication Fund,Finance General,For Health Maintenance Organization Premiums (HMO) Provided to Eligible Employees and Their Families,0.0,0.0
0353,99,0042,6993074.0,6993074.0,Emergency Communication Fund,Finance General,For the Costs of Claims and Administration for Hospital and Medical Care Provided to Eligible Employees  Provided However  That All Payments to the In...,0.0,0.0
0353,99,0045,68489.0,68489.0,Emergency Communication Fund,Finance General,For the Cost of Claims and Administration or Premiums for Term Life Insurance,0.0,0.0
0353,99,0051,15816.0,15816.0,Emergency Communication Fund,Finance General,Claims Under Unemployment Insurance Act,0.0,0.0
0353,99,0052,129842.0,129842.0,Emergency Communication Fund,Finance General,Costs of Claims and Administration for Hospital and Medical Care to Eligible Annuitants and Their Eligible Dependents,0.0,0.0
0353,99,0056,296125.0,296125.0,Emergency Communication Fund,Finance General,For the Cost of Claims and Administration or Premiums for a Co-Insured Dental Plan for Employees,0.0,0.0
0353,99,0085,221014.0,221014.0,Emergency Communication Fund,Finance General,City Deferred Compensation Contributions for Union Members,0.0,0.0
0353,99,0138,2293142.0,2293142.0,Emergency Communication Fund,Finance General,For Professional Services for Information Technology Maintenance,0.0,0.0
0353,99,0139,98616.0,98616.0,Emergency Communication Fund,Finance General,For Professional Services for Information Technology Development,0.0,0.0
0353,99,0140,1953.0,1953.0,Emergency Communication Fund,Finance General,For Professional and Technical Services and Other Third Party Benefit Agreements,0.0,0.0
0353,99,9611,4249737.0,4249737.0,Emergency Communication Fund,Finance General,To Reimburse the Corporate Fund for Indirect Costs Chargeable to Fund,0.0,0.0
0353,99,9980,21892000.0,21892000.0,Emergency Communication Fund,Finance General,Municipal Fund Pension Allocation,0.0,0.0
0353,99,9984,5268000.0,5268000.0,Emergency Communication Fund,Finance General,Municipal Fund Advance Pension Payment,0.0,0.0
0355,1,0005,417673.0,417673.0,Special Events and Municipal Hotel Operators' Occupation Tax Fund,Office of the Mayor,Salaries and Wages - on Payroll,0.0,0.0
0355,6,0181,9694.0,9694.0,Special Events and Municipal Hotel Operators' Occupation Tax Fund,Department of Technology and Innovation,Mobile Communication Services,0.0,0.0
0355,6,0188,3470.0,3470.0,Special Events and Municipal Hotel Operators' Occupation Tax Fund,Department of Technology and Innovation,Vehicle Tracking Service,0.0,0.0
0355,6,0189,37037.0,37037.0,Special Events and Municipal Hotel Operators' Occupation Tax Fund,Department of Technology and Innovation,Telephone - Non-Centrex Billings,0.0,0.0
0355,6,0190,45200.0,45200.0,Special Events and Municipal Hotel Operators' Occupation Tax Fund,Department of Technology and Innovation,Telephone - Centrex Billings,0.0,0.0
0355,6,0197,3963.0,3963.0,Special Events and Municipal Hotel Operators' Occupation Tax Fund,Department of Technology and Innovation,Telephone - Maintenance and Repair of Equipment and Voicemail,0.0,0.0
0355,15,0000,195254.0,181562.0,Special Events and Municipal Hotel Operators' Occupation Tax Fund,City Council,Personnel Services,13692.0,7.5412255868518745
0355,15,0300,3720.0,3720.0,Special Events and Municipal Hotel Operators' Occupation Tax Fund,City Council,Commodities and Materials,0.0,0.0
0355,23,0005,7470387.0,7470387.0,Special Events and Municipal Hotel Operators' Occupation Tax Fund,Department of Cultural Affairs and Special Events,Salaries and Wages - on Payroll,0.0,0.0
0355,23,0015,228275.0,228275.0,Special Events and Municipal Hotel Operators' Occupation Tax Fund,Department of Cultural Affairs and Special Events,Schedule Salary Adjustments,0.0,0.0
0355,23,0039,175000.0,175000.0,Special Events and Municipal Hotel Operators' Occupation Tax Fund,Department of Cultural Affairs and Special Events,For the Employment of Students as Trainees,0.0,0.0
0355,23,0125,25000.0,25000.0,Special Events and Municipal Hotel Operators' Occupation Tax Fund,Department of Cultural Affairs and Special Events,Office and Building Services,0.0,0.0
0355,23,0130,25000.0,25000.0,Special Events and Municipal Hotel Operators' Occupation Tax Fund,Department of Cultural Affairs and Special Events,Postage,0.0,0.0
0355,23,0138,117000.0,117000.0,Special Events and Municipal Hotel Operators' Occupation Tax Fund,Department of Cultural Affairs and Special Events,For Professional Services for Information Technology Maintenance,0.0,0.0
0355,23,0140,4761359.0,4761359.0,Special Events and Municipal Hotel Operators' Occupation Tax Fund,Department of Cultural Affairs and Special Events,For Professional and Technical Services and Other Third Party Benefit Agreements,0.0,0.0
0355,23,0150,76000.0,76000.0,Special Events and Municipal Hotel Operators' Occupation Tax Fund,Department of Cultural Affairs and Special Events,Publications and Reproduction - Outside Services.  To Be Expended with the Prior Approval of Graphics Services,0.0,0.0
0355,23,0152,189000.0,189000.0,Special Events and Municipal Hotel Operators' Occupation Tax Fund,Department of Cultural Affairs and Special Events,Advertising,0.0,0.0
0355,23,0153,12000.0,12000.0,Special Events and Municipal Hotel Operators' Occupation Tax Fund,Department of Cultural Affairs and Special Events,Promotions,0.0,0.0
0355,23,0159,19032.0,19032.0,Special Events and Municipal Hotel Operators' Occupation Tax Fund,Department of Cultural Affairs and Special Events,Lease Purchase Agreements for Equipment and Machinery,0.0,0.0
0355,23,0161,100000.0,100000.0,Special Events and Municipal Hotel Operators' Occupation Tax Fund,Department of Cultural Affairs and Special Events,"Operation, Repair or Maintenance of Facilities",0.0,0.0
0355,23,0166,66000.0,66000.0,Special Events and Municipal Hotel Operators' Occupation Tax Fund,Department of Cultural Affairs and Special Events,"Dues, Subscriptions and Memberships",0.0,0.0
0355,23,0172,489750.0,489750.0,Special Events and Municipal Hotel Operators' Occupation Tax Fund,Department of Cultural Affairs and Special Events,For the Cost of Insurance Premiums and Expenses,0.0,0.0
0355,23,0229,4500.0,4500.0,Special Events and Municipal Hotel Operators' Occupation Tax Fund,Department of Cultural Affairs and Special Events,Transportation and Expense Allowance,0.0,0.0
0355,23,0245,10000.0,10000.0,Special Events and Municipal Hotel Operators' Occupation Tax Fund,Department of Cultural Affairs and Special Events,Reimbursement to Travelers,0.0,0.0
0355,23,0340,30000.0,30000.0,Special Events and Municipal Hotel Operators' Occupation Tax Fund,Department of Cultural Affairs and Special Events,Material and Supplies,0.0,0.0
0355,23,0350,30000.0,30000.0,Special Events and Municipal Hotel Operators' Occupation Tax Fund,Department of Cultural Affairs and Special Events,Stationery and Office Supplies,0.0,0.0
0355,23,9188,3709000.0,3709000.0,Special Events and Municipal Hotel Operators' Occupation Tax Fund,Department of Cultural Affairs and Special Events,For Expenses Related to the Operation of Millennium Park,0.0,0.0
0355,23,9219,2575000.0,2575000.0,Special Events and Municipal Hotel Operators' Occupation Tax Fund,Department of Cultural Affairs and Special Events,Implementation of Cultural Plan,0.0,0.0
0355,23,9225,6000000.0,6000000.0,Special Events and Municipal Hotel Operators' Occupation Tax Fund,Department of Cultural Affairs and Special Events,Arts and Cultural Initiatives,0.0,0.0
0355,23,9288,265500.0,265500.0,Special Events and Municipal Hotel Operators' Occupation Tax Fund,Department of Cultural Affairs and Special Events,For Expenses Related to Programming for Millennium Park,0.0,0.0
0355,23,9803,1976296.0,1976296.0,Special Events and Municipal Hotel Operators' Occupation Tax Fund,Department of Cultural Affairs and Special Events,For Programming and Marketing,0.0,0.0
0355,23,9805,8436897.0,8436897.0,Special Events and Municipal Hotel Operators' Occupation Tax Fund,Department of Cultural Affairs and Special Events,For Festival Production,0.0,0.0
0355,23,9807,2200000.0,2200000.0,Special Events and Municipal Hotel Operators' Occupation Tax Fund,Department of Cultural Affairs and Special Events,For Redemption Expenses,0.0,0.0
0355,23,9813,793720.0,793720.0,Special Events and Municipal Hotel Operators' Occupation Tax Fund,Department of Cultural Affairs and Special Events,For Local Promotions and Marketing,0.0,0.0
0355,38,0181,0.0,0.0,Special Events and Municipal Hotel Operators' Occupation Tax Fund,Department of Fleet and Facility Management,MOBILE COMMUNICATION SERVICES,0.0,0.0
0355,38,0188,0.0,0.0,Special Events and Municipal Hotel Operators' Occupation Tax Fund,Department of Fleet and Facility Management,VEHICLE TRACKING SERVICE,0.0,0.0
0355,38,0189,0.0,0.0,Special Events and Municipal Hotel Operators' Occupation Tax Fund,Department of Fleet and Facility Management,TELEPHONE - NON-CENTREX BILLINGS,0.0,0.0
0355,38,0190,0.0,0.0,Special Events and Municipal Hotel Operators' Occupation Tax Fund,Department of Fleet and Facility Management,TELEPHONE - CENTREX BILLINGS,0.0,0.0
0355,38,0197,0.0,0.0,Special Events and Municipal Hotel Operators' Occupation Tax Fund,Department of Fleet and Facility Management,TELEPHONE - MAINTENANCE,0.0,0.0
0355,38,9188,15384600.0,15384600.0,Special Events and Municipal Hotel Operators' Occupation Tax Fund,Department of Fleet and Facility Management,For Expenses Related to the Operation of Millennium Park,0.0,0.0
0355,99,0003,26000.0,26000.0,Special Events and Municipal Hotel Operators' Occupation Tax Fund,Finance General,Scheduled Wage Adjustments,0.0,0.0
0355,99,0029,208947.0,208947.0,Special Events and Municipal Hotel Operators' Occupation Tax Fund,Finance General,For Health Maintenance Organization Premiums (HMO) Provided to Eligible Employees and Their Families,0.0,0.0
0355,99,0042,755850.0,755850.0,Special Events and Municipal Hotel Operators' Occupation Tax Fund,Finance General,For the Costs of Claims and Administration for Hospital and Medical Care Provided to Eligible Employees  Provided However  That All Payments to the In...,0.0,0.0
0355,99,0045,7403.0,7403.0,Special Events and Municipal Hotel Operators' Occupation Tax Fund,Finance General,For the Cost of Claims and Administration or Premiums for Term Life Insurance,0.0,0.0
0355,99,0049,60588.0,60588.0,Special Events and Municipal Hotel Operators' Occupation Tax Fund,Finance General,Claims and Costs of Administration Pursuant to the Workers' Compensation Act,0.0,0.0
0355,99,0051,29877.0,29877.0,Special Events and Municipal Hotel Operators' Occupation Tax Fund,Finance General,Claims Under Unemployment Insurance Act,0.0,0.0
0355,99,0052,14034.0,14034.0,Special Events and Municipal Hotel Operators' Occupation Tax Fund,Finance General,Costs of Claims and Administration for Hospital and Medical Care to Eligible Annuitants and Their Eligible Dependents,0.0,0.0
0355,99,0056,32007.0,32007.0,Special Events and Municipal Hotel Operators' Occupation Tax Fund,Finance General,For the Cost of Claims and Administration or Premiums for a Co-Insured Dental Plan for Employees,0.0,0.0
0355,99,0085,246096.0,246096.0,Special Events and Municipal Hotel Operators' Occupation Tax Fund,Finance General,City Deferred Compensation Contributions for Union Members,0.0,0.0
0355,99,0140,767053.0,767053.0,Special Events and Municipal Hotel Operators' Occupation Tax Fund,Finance General,For Professional and Technical Services and Other Third Party Benefit Agreements,0.0,0.0
0355,99,0991,2521308.0,1183000.0,Special Events and Municipal Hotel Operators' Occupation Tax Fund,Finance General,To Provide for Matching and Supplementary Grant Funds Currently in Effect as Well as New Grants,1338308.0,113.12831783601014
0355,99,9027,2076.0,2076.0,Special Events and Municipal Hotel Operators' Occupation Tax Fund,Finance General,For the City Contribution to Social Security Tax,0.0,0.0
0355,99,9076,87882.0,87882.0,Special Events and Municipal Hotel Operators' Occupation Tax Fund,Finance General,City's Contribution to Medicare Tax,0.0,0.0
0355,99,9610,3599000.0,3599000.0,Special Events and Municipal Hotel Operators' Occupation Tax Fund,Finance General,To Reimburse Corporate Fund for Pension Payments,0.0,0.0
0355,99,9611,1794352.0,1794352.0,Special Events and Municipal Hotel Operators' Occupation Tax Fund,Finance General,To Reimburse the Corporate Fund for Indirect Costs Chargeable to Fund,0.0,0.0
0355,99,9771,134400.0,134400.0,Special Events and Municipal Hotel Operators' Occupation Tax Fund,Finance General,"Transfer for Services Provided by the Department of Assets, Information, and Services",0.0,0.0
0355,99,9773,120000.0,120000.0,Special Events and Municipal Hotel Operators' Occupation Tax Fund,Finance General,Transfer for Services Provided by the Department of Police,0.0,0.0
0355,99,9774,34800.0,34800.0,Special Events and Municipal Hotel Operators' Occupation Tax Fund,Finance General,Transfer for Services Provided by the Office of Emergency Management and Communication,0.0,0.0
0355,99,9775,21000.0,21000.0,Special Events and Municipal Hotel Operators' Occupation Tax Fund,Finance General,Transfer for Services Provided by the Fire Department,0.0,0.0
0355,99,9776,9000.0,9000.0,Special Events and Municipal Hotel Operators' Occupation Tax Fund,Finance General,Transfer for Services Provided by the Department of Streets and Sanitation,0.0,0.0
0355,99,9778,35000.0,35000.0,Special Events and Municipal Hotel Operators' Occupation Tax Fund,Finance General,Transfer for Services Provided by the Chicago Department of Aviation,0.0,0.0
036C,50,0140,0.0,0.0,Area Plan on Aging,Department of Family and Support Services,PROFESSIONAL AND TECHNICAL SERVICES,0.0,0.0
039C,41,0005,987340.0,987340.0,Health Disparities in Chicago's High-Risk and Underserved Communities,Chicago Department of Public Health,Salaries and Wages - on Payroll,0.0,0.0
039C,41,0006,779389.0,779389.0,Health Disparities in Chicago's High-Risk and Underserved Communities,Chicago Department of Public Health,Salary Provision,0.0,0.0
039C,41,0015,12076.0,12076.0,Health Disparities in Chicago's High-Risk and Underserved Communities,Chicago Department of Public Health,Schedule Salary Adjustments,0.0,0.0
039C,41,0044,655360.0,655360.0,Health Disparities in Chicago's High-Risk and Underserved Communities,Chicago Department of Public Health,Fringe Benefits,0.0,0.0
039C,41,0140,13822835.0,13822835.0,Health Disparities in Chicago's High-Risk and Underserved Communities,Chicago Department of Public Health,For Professional and Technical Services and Other Third Party Benefit Agreements,0.0,0.0
040C,41,0005,247411.0,247411.0,Health Disparities in Chicago's High-Risk and Underserved Communities,Chicago Department of Public Health,Salaries and Wages - on Payroll,0.0,0.0
040C,41,0006,16973.0,16973.0,Health Disparities in Chicago's High-Risk and Underserved Communities,Chicago Department of Public Health,Salary Provision,0.0,0.0
040C,41,0015,3452.0,3452.0,Health Disparities in Chicago's High-Risk and Underserved Communities,Chicago Department of Public Health,Schedule Salary Adjustments,0.0,0.0
040C,41,0044,166060.0,166060.0,Health Disparities in Chicago's High-Risk and Underserved Communities,Chicago Department of Public Health,Fringe Benefits,0.0,0.0
040C,41,0140,1610104.0,1610104.0,Health Disparities in Chicago's High-Risk and Underserved Communities,Chicago Department of Public Health,For Professional and Technical Services and Other Third Party Benefit Agreements,0.0,0.0
042C,50,0135,0.0,0.0,Early Head Start - Child Care Partnership,Department of Family and Support Services,DELEGATE AGENCIES,0.0,0.0
044C,50,0135,0.0,0.0,Early Head Start Expansion,Department of Family and Support Services,DELEGATE AGENCIES,0.0,0.0
045C,50,0135,0.0,0.0,EHS-CCP Cares Act,Department of Family and Support Services,DELEGATE AGENCIES,0.0,0.0
046C,50,0140,0.0,0.0,EHS-EXP CRRSA,Department of Family and Support Services,PROFESSIONAL AND TECHNICAL SERVICES,0.0,0.0
047C,50,0135,0.0,0.0,Early Head Start CRRSA COVID-19,Department of Family and Support Services,DELEGATE AGENCIES,0.0,0.0
048C,50,0135,0.0,0.0,Early Head Start Cares Act,Department of Family and Support Services,DELEGATE AGENCIES,0.0,0.0
049C,50,0140,0.0,0.0,Head Start Cares Act,Department of Family and Support Services,PROFESSIONAL AND TECHNICAL SERVICES,0.0,0.0
050C,50,0140,0.0,0.0,Head Start CRRSA COVID-19,Department of Family and Support Services,PROFESSIONAL AND TECHNICAL SERVICES,0.0,0.0
0510,99,0902,283840000.0,283840000.0,Bond Redemption and Interest Series Fund,Finance General,For Interest on Bonds,0.0,0.0
0510,99,0912,198853000.0,198853000.0,Bond Redemption and Interest Series Fund,Finance General,For Payment of Bonds,0.0,0.0
0510,99,0960,9587000.0,9587000.0,Bond Redemption and Interest Series Fund,Finance General,For Loss in Collection of Taxes,0.0,0.0
0521,99,0960,4881000.0,4881000.0,"Library Note Redemption and Interest Tender Notes Series ""B"" Fund",Finance General,For Loss in Collection of Taxes,0.0,0.0
0521,99,0961,117145000.0,117145000.0,"Library Note Redemption and Interest Tender Notes Series ""B"" Fund",Finance General,For Payment of Term Notes,0.0,0.0
052C,50,0140,0.0,0.0,Expanding Access To Vaccines (Vac5),Department of Family and Support Services,PROFESSIONAL AND TECHNICAL SERVICES,0.0,0.0
053C,41,0140,1500000.0,1500000.0,Community Health Workers for Covid Response and Resilient Communities,Chicago Department of Public Health,For Professional and Technical Services and Other Third Party Benefit Agreements,0.0,0.0
0549,99,0902,0.0,0.0,City Colleges Bond Redemption and Interest Fund,Finance General,INTEREST ON BONDS,0.0,0.0
0549,99,0912,0.0,0.0,City Colleges Bond Redemption and Interest Fund,Finance General,PAYMENT OF BONDS,0.0,0.0
0549,99,0960,0.0,0.0,City Colleges Bond Redemption and Interest Fund,Finance General,LOSS IN COLLECTION OF TAXES,0.0,0.0
054C,41,0140,1500000.0,1500000.0,Community Health Workers for Covid Response and Resilient Communities,Chicago Department of Public Health,For Professional and Technical Services and Other Third Party Benefit Agreements,0.0,0.0
055C,84,0540,15880000.0,15880000.0,Covid Grant Infrastructure Grants,Chicago Department of Transportation,Construction of Buildings and Other Structures,0.0,0.0
0610,3,0005,220356.0,220356.0,Chicago Midway Airport Fund,Office of Inspector General,Salaries and Wages - on Payroll,0.0,0.0
0610,3,0015,2156.0,2156.0,Chicago Midway Airport Fund,Office of Inspector General,Schedule Salary Adjustments,0.0,0.0
0610,3,0130,58.0,58.0,Chicago Midway Airport Fund,Office of Inspector General,Postage,0.0,0.0
0610,3,0140,847.0,847.0,Chicago Midway Airport Fund,Office of Inspector General,For Professional and Technical Services and Other Third Party Benefit Agreements,0.0,0.0
0610,3,0143,6538.0,6538.0,Chicago Midway Airport Fund,Office of Inspector General,Court Reporting,0.0,0.0
0610,3,0149,13883.0,13883.0,Chicago Midway Airport Fund,Office of Inspector General,For Software Maintenance and Licensing,0.0,0.0
0610,3,0157,3876.0,3876.0,Chicago Midway Airport Fund,Office of Inspector General,Rental of Equipment and Services,0.0,0.0
0610,3,0159,254.0,254.0,Chicago Midway Airport Fund,Office of Inspector General,Lease Purchase Agreements for Equipment and Machinery,0.0,0.0
0610,3,0166,643.0,643.0,Chicago Midway Airport Fund,Office of Inspector General,"Dues, Subscriptions and Memberships",0.0,0.0
0610,3,0169,4800.0,4800.0,Chicago Midway Airport Fund,Office of Inspector General,Technical Meeting Costs,0.0,0.0
0610,3,0181,1071.0,1071.0,Chicago Midway Airport Fund,Office of Inspector General,Mobile Communication Services,0.0,0.0
0610,3,0189,1552.0,1552.0,Chicago Midway Airport Fund,Office of Inspector General,Telephone - Non-Centrex Billings,0.0,0.0
0610,3,0245,416.0,416.0,Chicago Midway Airport Fund,Office of Inspector General,Reimbursement to Travelers,0.0,0.0
0610,3,0270,170.0,170.0,Chicago Midway Airport Fund,Office of Inspector General,Local Transportation,0.0,0.0
0610,3,0320,257.0,257.0,Chicago Midway Airport Fund,Office of Inspector General,Gasoline,0.0,0.0
0610,3,0340,135.0,135.0,Chicago Midway Airport Fund,Office of Inspector General,Material and Supplies,0.0,0.0
0610,3,0348,16.0,16.0,Chicago Midway Airport Fund,Office of Inspector General,Books and Related Material,0.0,0.0
0610,3,0350,512.0,512.0,Chicago Midway Airport Fund,Office of Inspector General,Stationery and Office Supplies,0.0,0.0
0610,6,0188,88488.0,88488.0,Chicago Midway Airport Fund,Department of Technology and Innovation,Vehicle Tracking Service,0.0,0.0
0610,6,0190,4073.0,4073.0,Chicago Midway Airport Fund,Department of Technology and Innovation,Telephone - Centrex Billings,0.0,0.0
0610,27,0005,191315.0,191315.0,Chicago Midway Airport Fund,Department of Finance,Salaries and Wages - on Payroll,0.0,0.0
0610,27,0015,0.0,0.0,Chicago Midway Airport Fund,Department of Finance,SCHEDULE SALARY ADJUSTMENTS,0.0,0.0
0610,27,0020,500.0,500.0,Chicago Midway Airport Fund,Department of Finance,Overtime,0.0,0.0
0610,27,0039,6500.0,6500.0,Chicago Midway Airport Fund,Department of Finance,For the Employment of Students as Trainees,0.0,0.0
0610,27,0140,26000.0,26000.0,Chicago Midway Airport Fund,Department of Finance,For Professional and Technical Services and Other Third Party Benefit Agreements,0.0,0.0
0610,27,0142,15000.0,15000.0,Chicago Midway Airport Fund,Department of Finance,Accounting and Auditing,0.0,0.0
0610,27,0149,6588.0,6588.0,Chicago Midway Airport Fund,Department of Finance,For Software Maintenance and Licensing,0.0,0.0
0610,27,0166,350.0,350.0,Chicago Midway Airport Fund,Department of Finance,"Dues, Subscriptions and Memberships",0.0,0.0
0610,27,0169,420.0,420.0,Chicago Midway Airport Fund,Department of Finance,Technical Meeting Costs,0.0,0.0
0610,27,0270,420.0,420.0,Chicago Midway Airport Fund,Department of Finance,Local Transportation,0.0,0.0
0610,27,0350,500.0,500.0,Chicago Midway Airport Fund,Department of Finance,Stationery and Office Supplies,0.0,0.0
0610,28,0005,260072.0,260072.0,Chicago Midway Airport Fund,City Treasurer's Office,Salaries and Wages - on Payroll,0.0,0.0
0610,28,0015,3608.0,3608.0,Chicago Midway Airport Fund,City Treasurer's Office,Schedule Salary Adjustments,0.0,0.0
0610,28,0138,78084.0,78084.0,Chicago Midway Airport Fund,City Treasurer's Office,For Professional Services for Information Technology Maintenance,0.0,0.0
0610,28,0140,97943.0,97943.0,Chicago Midway Airport Fund,City Treasurer's Office,For Professional and Technical Services and Other Third Party Benefit Agreements,0.0,0.0
0610,31,0005,434544.0,434544.0,Chicago Midway Airport Fund,Department of Law,Salaries and Wages - on Payroll,0.0,0.0
0610,31,0015,0.0,0.0,Chicago Midway Airport Fund,Department of Law,SCHEDULE SALARY ADJUSTMENTS,0.0,0.0
0610,31,0130,2370.0,2370.0,Chicago Midway Airport Fund,Department of Law,Postage,0.0,0.0
0610,31,0138,1800.0,1800.0,Chicago Midway Airport Fund,Department of Law,For Professional Services for Information Technology Maintenance,0.0,0.0
0610,31,0140,27197.0,27197.0,Chicago Midway Airport Fund,Department of Law,For Professional and Technical Services and Other Third Party Benefit Agreements,0.0,0.0
0610,31,0141,1200.0,1200.0,Chicago Midway Airport Fund,Department of Law,Appraisals,0.0,0.0
0610,31,0143,5138.0,5138.0,Chicago Midway Airport Fund,Department of Law,Court Reporting,0.0,0.0
0610,31,0145,3272.0,3272.0,Chicago Midway Airport Fund,Department of Law,Legal Expenses,0.0,0.0
0610,31,0149,21640.0,21640.0,Chicago Midway Airport Fund,Department of Law,For Software Maintenance and Licensing,0.0,0.0
0610,31,0150,800.0,800.0,Chicago Midway Airport Fund,Department of Law,Publications and Reproduction - Outside Services.  To Be Expended with the Prior Approval of Graphics Services,0.0,0.0
0610,31,0157,325.0,325.0,Chicago Midway Airport Fund,Department of Law,Rental of Equipment and Services,0.0,0.0
0610,31,0159,5760.0,5760.0,Chicago Midway Airport Fund,Department of Law,Lease Purchase Agreements for Equipment and Machinery,0.0,0.0
0610,31,0162,100.0,100.0,Chicago Midway Airport Fund,Department of Law,Repair/Maintenance of Equipment,0.0,0.0
0610,31,0166,1705.0,1705.0,Chicago Midway Airport Fund,Department of Law,"Dues, Subscriptions and Memberships",0.0,0.0
0610,31,0169,4165.0,4165.0,Chicago Midway Airport Fund,Department of Law,Technical Meeting Costs,0.0,0.0
0610,31,0178,301.0,301.0,Chicago Midway Airport Fund,Department of Law,Freight and Express Charges,0.0,0.0
0610,31,0229,150.0,150.0,Chicago Midway Airport Fund,Department of Law,Transportation and Expense Allowance,0.0,0.0
0610,31,0245,4200.0,4200.0,Chicago Midway Airport Fund,Department of Law,Reimbursement to Travelers,0.0,0.0
0610,31,0270,777.0,777.0,Chicago Midway Airport Fund,Department of Law,Local Transportation,0.0,0.0
0610,31,0348,100.0,100.0,Chicago Midway Airport Fund,Department of Law,Books and Related Material,0.0,0.0
0610,31,0350,2398.0,2398.0,Chicago Midway Airport Fund,Department of Law,Stationery and Office Supplies,0.0,0.0
0610,31,9438,863.0,863.0,Chicago Midway Airport Fund,Department of Law,For Services Provided by the Department of Fleet and Facilities Management,0.0,0.0
0610,33,0005,129425.0,129425.0,Chicago Midway Airport Fund,Department of Human Resources,Salaries and Wages - on Payroll,0.0,0.0
0610,35,0005,366198.0,366198.0,Chicago Midway Airport Fund,Department of Procurement Services,Salaries and Wages - on Payroll,0.0,0.0
0610,35,0015,3900.0,3900.0,Chicago Midway Airport Fund,Department of Procurement Services,Schedule Salary Adjustments,0.0,0.0
0610,35,0140,10000.0,10000.0,Chicago Midway Airport Fund,Department of Procurement Services,For Professional and Technical Services and Other Third Party Benefit Agreements,0.0,0.0
0610,35,0350,200.0,200.0,Chicago Midway Airport Fund,Department of Procurement Services,Stationery and Office Supplies,0.0,0.0
0610,38,0005,1450535.0,1450535.0,Chicago Midway Airport Fund,Department of Fleet and Facility Management,Salaries and Wages - on Payroll,0.0,0.0
0610,38,0012,22136.0,22136.0,Chicago Midway Airport Fund,Department of Fleet and Facility Management,Contract Wage Increment - Prevailing Rate,0.0,0.0
0610,38,0020,186351.0,186351.0,Chicago Midway Airport Fund,Department of Fleet and Facility Management,Overtime,0.0,0.0
0610,38,0140,363722.0,363722.0,Chicago Midway Airport Fund,Department of Fleet and Facility Management,For Professional and Technical Services and Other Third Party Benefit Agreements,0.0,0.0
0610,38,0148,4688.0,4688.0,Chicago Midway Airport Fund,Department of Fleet and Facility Management,Testing and Inspecting,0.0,0.0
0610,38,0149,17290.0,17290.0,Chicago Midway Airport Fund,Department of Fleet and Facility Management,For Software Maintenance and Licensing,0.0,0.0
0610,38,0162,900000.0,900000.0,Chicago Midway Airport Fund,Department of Fleet and Facility Management,Repair/Maintenance of Equipment,0.0,0.0
0610,38,0176,588421.0,588421.0,Chicago Midway Airport Fund,Department of Fleet and Facility Management,Maintenance and Operation of City Owned Vehicles,0.0,0.0
0610,38,0188,0.0,0.0,Chicago Midway Airport Fund,Department of Fleet and Facility Management,VEHICLE TRACKING SERVICE,0.0,0.0
0610,38,0190,0.0,0.0,Chicago Midway Airport Fund,Department of Fleet and Facility Management,TELEPHONE - CENTREX BILLINGS,0.0,0.0
0610,38,0315,287633.0,287633.0,Chicago Midway Airport Fund,Department of Fleet and Facility Management,Motor Vehicle Diesel Fuel,0.0,0.0
0610,38,0320,660679.0,660679.0,Chicago Midway Airport Fund,Department of Fleet and Facility Management,Gasoline,0.0,0.0
0610,38,0322,1066073.0,1066073.0,Chicago Midway Airport Fund,Department of Fleet and Facility Management,Natural Gas,0.0,0.0
0610,38,0331,7540754.0,7540754.0,Chicago Midway Airport Fund,Department of Fleet and Facility Management,Electricity,0.0,0.0
0610,38,0338,3600.0,3600.0,Chicago Midway Airport Fund,Department of Fleet and Facility Management,"License Sticker, Tag and Plates",0.0,0.0
0610,38,0350,835.0,835.0,Chicago Midway Airport Fund,Department of Fleet and Facility Management,Stationery and Office Supplies,0.0,0.0
0610,38,0360,988611.0,988611.0,Chicago Midway Airport Fund,Department of Fleet and Facility Management,Repair Parts and Material,0.0,0.0
0610,38,0440,31810.0,31810.0,Chicago Midway Airport Fund,Department of Fleet and Facility Management,Machinery and Equipment,0.0,0.0
0610,38,0450,480000.0,480000.0,Chicago Midway Airport Fund,Department of Fleet and Facility Management,Vehicles,0.0,0.0
0610,51,0157,16488.0,16488.0,Chicago Midway Airport Fund,Office of Public Safety Administration,Rental of Equipment and Services,0.0,0.0
0610,51,0340,25750.0,25750.0,Chicago Midway Airport Fund,Office of Public Safety Administration,Material and Supplies,0.0,0.0
0610,57,0005,6182525.0,6182525.0,Chicago Midway Airport Fund,Chicago Police Department,Salaries and Wages - on Payroll,0.0,0.0
0610,57,0008,160202.0,160202.0,Chicago Midway Airport Fund,Chicago Police Department,For Payment of Retroactive Salaries,0.0,0.0
0610,57,0015,9812.0,9812.0,Chicago Midway Airport Fund,Chicago Police Department,Schedule Salary Adjustments,0.0,0.0
0610,57,0020,750000.0,750000.0,Chicago Midway Airport Fund,Chicago Police Department,Overtime,0.0,0.0
0610,57,0021,30000.0,30000.0,Chicago Midway Airport Fund,Chicago Police Department,Sworn/Civilian Holiday Premium Pay,0.0,0.0
0610,57,0022,250000.0,250000.0,Chicago Midway Airport Fund,Chicago Police Department,Duty Availability,0.0,0.0
0610,57,0024,342000.0,342000.0,Chicago Midway Airport Fund,Chicago Police Department,Compensatory Time Payment,0.0,0.0
0610,57,0027,70000.0,70000.0,Chicago Midway Airport Fund,Chicago Police Department,Supervisors Quarterly Payment,0.0,0.0
0610,57,0060,143000.0,143000.0,Chicago Midway Airport Fund,Chicago Police Department,Specialty Pay,0.0,0.0
0610,57,0070,35000.0,35000.0,Chicago Midway Airport Fund,Chicago Police Department,Tuition Reimbursement and Educational Programs,0.0,0.0
0610,57,0088,143000.0,143000.0,Chicago Midway Airport Fund,Chicago Police Department,Furlough/Supervisors Compensation Time Buy-Back,0.0,0.0
0610,57,0091,113000.0,113000.0,Chicago Midway Airport Fund,Chicago Police Department,Uniform Allowance,0.0,0.0
0610,57,0937,70200.0,70200.0,Chicago Midway Airport Fund,Chicago Police Department,For Cost and Administration of Hospital and Medical Expenses for Employees Injured on Duty Who Are Not Covered Under Workers' Compensation Act,0.0,0.0
0610,58,0005,1944295.0,1944295.0,Chicago Midway Airport Fund,Office of Emergency Management and Communications,Salaries and Wages - on Payroll,0.0,0.0
0610,58,0015,17376.0,17376.0,Chicago Midway Airport Fund,Office of Emergency Management and Communications,Schedule Salary Adjustments,0.0,0.0
0610,58,0020,145000.0,145000.0,Chicago Midway Airport Fund,Office of Emergency Management and Communications,Overtime,0.0,0.0
0610,58,0091,8650.0,8650.0,Chicago Midway Airport Fund,Office of Emergency Management and Communications,Uniform Allowance,0.0,0.0
0610,58,0319,90000.0,90000.0,Chicago Midway Airport Fund,Office of Emergency Management and Communications,Clothing,0.0,0.0
0610,59,0005,7092171.0,7092171.0,Chicago Midway Airport Fund,Chicago Fire Department,Salaries and Wages - on Payroll,0.0,0.0
0610,59,0015,51976.0,51976.0,Chicago Midway Airport Fund,Chicago Fire Department,Schedule Salary Adjustments,0.0,0.0
0610,59,0020,192400.0,192400.0,Chicago Midway Airport Fund,Chicago Fire Department,Overtime,0.0,0.0
0610,59,0021,350000.0,350000.0,Chicago Midway Airport Fund,Chicago Fire Department,Sworn/Civilian Holiday Premium Pay,0.0,0.0
0610,59,0022,258400.0,258400.0,Chicago Midway Airport Fund,Chicago Fire Department,Duty Availability,0.0,0.0
0610,59,0024,75000.0,75000.0,Chicago Midway Airport Fund,Chicago Fire Department,Compensatory Time Payment,0.0,0.0
0610,59,0028,70000.0,70000.0,Chicago Midway Airport Fund,Chicago Fire Department,Cooperative Education Program,0.0,0.0
0610,59,0060,250000.0,250000.0,Chicago Midway Airport Fund,Chicago Fire Department,Specialty Pay,0.0,0.0
0610,59,0061,65000.0,65000.0,Chicago Midway Airport Fund,Chicago Fire Department,Driver's Differential,0.0,0.0
0610,59,0062,9000.0,9000.0,Chicago Midway Airport Fund,Chicago Fire Department,Required Certifications,0.0,0.0
0610,59,0063,9000.0,9000.0,Chicago Midway Airport Fund,Chicago Fire Department,Fitness Benefit,0.0,0.0
0610,59,0088,175000.0,175000.0,Chicago Midway Airport Fund,Chicago Fire Department,Furlough/Supervisors Compensation Time Buy-Back,0.0,0.0
0610,59,0091,102000.0,102000.0,Chicago Midway Airport Fund,Chicago Fire Department,Uniform Allowance,0.0,0.0
0610,59,0140,90000.0,90000.0,Chicago Midway Airport Fund,Chicago Fire Department,For Professional and Technical Services and Other Third Party Benefit Agreements,0.0,0.0
0610,59,0937,170100.0,170100.0,Chicago Midway Airport Fund,Chicago Fire Department,For Cost and Administration of Hospital and Medical Expenses for Employees Injured on Duty Who Are Not Covered Under Workers' Compensation Act,0.0,0.0
0610,85,0005,29806230.0,28837230.0,Chicago Midway Airport Fund,Chicago Department of Aviation,Salaries and Wages - on Payroll,969000.0,3.3602395236990517
0610,85,0012,260475.0,260475.0,Chicago Midway Airport Fund,Chicago Department of Aviation,Contract Wage Increment - Prevailing Rate,0.0,0.0
0610,85,0015,161562.0,161562.0,Chicago Midway Airport Fund,Chicago Department of Aviation,Schedule Salary Adjustments,0.0,0.0
0610,85,0020,1200000.0,1200000.0,Chicago Midway Airport Fund,Chicago Department of Aviation,Overtime,0.0,0.0
0610,85,0039,49400.0,49400.0,Chicago Midway Airport Fund,Chicago Department of Aviation,For the Employment of Students as Trainees,0.0,0.0
0610,85,0049,1134092.0,1134092.0,Chicago Midway Airport Fund,Chicago Department of Aviation,Claims and Costs of Administration Pursuant to the Workers' Compensation Act,0.0,0.0
0610,85,0091,101000.0,101000.0,Chicago Midway Airport Fund,Chicago Department of Aviation,Uniform Allowance,0.0,0.0
0610,85,0130,200.0,200.0,Chicago Midway Airport Fund,Chicago Department of Aviation,Postage,0.0,0.0
0610,85,0138,8820400.0,8820400.0,Chicago Midway Airport Fund,Chicago Department of Aviation,For Professional Services for Information Technology Maintenance,0.0,0.0
0610,85,0140,26534400.0,26534400.0,Chicago Midway Airport Fund,Chicago Department of Aviation,For Professional and Technical Services and Other Third Party Benefit Agreements,0.0,0.0
0610,85,0141,30000.0,30000.0,Chicago Midway Airport Fund,Chicago Department of Aviation,Appraisals,0.0,0.0
0610,85,0142,309300.0,309300.0,Chicago Midway Airport Fund,Chicago Department of Aviation,Accounting and Auditing,0.0,0.0
0610,85,0144,40000.0,40000.0,Chicago Midway Airport Fund,Chicago Department of Aviation,Engineering and Architecture,0.0,0.0
0610,85,0148,6300.0,6300.0,Chicago Midway Airport Fund,Chicago Department of Aviation,Testing and Inspecting,0.0,0.0
0610,85,0149,318500.0,318500.0,Chicago Midway Airport Fund,Chicago Department of Aviation,For Software Maintenance and Licensing,0.0,0.0
0610,85,0152,67000.0,67000.0,Chicago Midway Airport Fund,Chicago Department of Aviation,Advertising,0.0,0.0
0610,85,0157,13757700.0,13757700.0,Chicago Midway Airport Fund,Chicago Department of Aviation,Rental of Equipment and Services,0.0,0.0
0610,85,0160,1572400.0,1572400.0,Chicago Midway Airport Fund,Chicago Department of Aviation,Repair or Maintenance of Property,0.0,0.0
0610,85,0161,27998000.0,27998000.0,Chicago Midway Airport Fund,Chicago Department of Aviation,"Operation, Repair or Maintenance of Facilities",0.0,0.0
0610,85,0162,24881100.0,24881100.0,Chicago Midway Airport Fund,Chicago Department of Aviation,Repair/Maintenance of Equipment,0.0,0.0
0610,85,0163,6090000.0,6090000.0,Chicago Midway Airport Fund,Chicago Department of Aviation,Repair/Maintenance of Streets and Pavements,0.0,0.0
0610,85,0166,268700.0,268700.0,Chicago Midway Airport Fund,Chicago Department of Aviation,"Dues, Subscriptions and Memberships",0.0,0.0
0610,85,0168,332500.0,332500.0,Chicago Midway Airport Fund,Chicago Department of Aviation,Educational Development through Cooperative Education Program and Apprenticeship Program,0.0,0.0
0610,85,0169,62700.0,62700.0,Chicago Midway Airport Fund,Chicago Department of Aviation,Technical Meeting Costs,0.0,0.0
0610,85,0181,49500.0,49500.0,Chicago Midway Airport Fund,Chicago Department of Aviation,Mobile Communication Services,0.0,0.0
0610,85,0183,1550000.0,1550000.0,Chicago Midway Airport Fund,Chicago Department of Aviation,Water,0.0,0.0
0610,85,0185,555000.0,555000.0,Chicago Midway Airport Fund,Chicago Department of Aviation,Waste Disposal Services,0.0,0.0
0610,85,0189,66100.0,66100.0,Chicago Midway Airport Fund,Chicago Department of Aviation,Telephone - Non-Centrex Billings,0.0,0.0
0610,85,0190,386000.0,386000.0,Chicago Midway Airport Fund,Chicago Department of Aviation,Telephone - Centrex Billings,0.0,0.0
0610,85,0191,5000.0,5000.0,Chicago Midway Airport Fund,Chicago Department of Aviation,Telephone - Relocations of Phone Lines,0.0,0.0
0610,85,0197,8000.0,8000.0,Chicago Midway Airport Fund,Chicago Department of Aviation,Telephone - Maintenance and Repair of Equipment and Voicemail,0.0,0.0
0610,85,0229,100.0,100.0,Chicago Midway Airport Fund,Chicago Department of Aviation,Transportation and Expense Allowance,0.0,0.0
0610,85,0245,12200.0,12200.0,Chicago Midway Airport Fund,Chicago Department of Aviation,Reimbursement to Travelers,0.0,0.0
0610,85,0270,100.0,100.0,Chicago Midway Airport Fund,Chicago Department of Aviation,Local Transportation,0.0,0.0
0610,85,0313,54000.0,54000.0,Chicago Midway Airport Fund,Chicago Department of Aviation,Cleaning and Sanitation Supplies,0.0,0.0
0610,85,0319,70000.0,70000.0,Chicago Midway Airport Fund,Chicago Department of Aviation,Clothing,0.0,0.0
0610,85,0340,3112300.0,3112300.0,Chicago Midway Airport Fund,Chicago Department of Aviation,Material and Supplies,0.0,0.0
0610,85,0345,2000.0,2000.0,Chicago Midway Airport Fund,Chicago Department of Aviation,Apparatus and Instruments,0.0,0.0
0610,85,0350,25000.0,25000.0,Chicago Midway Airport Fund,Chicago Department of Aviation,Stationery and Office Supplies,0.0,0.0
0610,85,0360,93500.0,93500.0,Chicago Midway Airport Fund,Chicago Department of Aviation,Repair Parts and Material,0.0,0.0
0610,85,0361,4500.0,4500.0,Chicago Midway Airport Fund,Chicago Department of Aviation,Building Materials and Supplies,0.0,0.0
0610,85,0362,40000.0,40000.0,Chicago Midway Airport Fund,Chicago Department of Aviation,Paints and Painting Supplies,0.0,0.0
0610,85,0364,2000.0,2000.0,Chicago Midway Airport Fund,Chicago Department of Aviation,Plumbing Supplies,0.0,0.0
0610,85,0365,697000.0,697000.0,Chicago Midway Airport Fund,Chicago Department of Aviation,Electrical Supplies,0.0,0.0
0610,85,0402,15000.0,15000.0,Chicago Midway Airport Fund,Chicago Department of Aviation,Tools Greater Than $100/Unit,0.0,0.0
0610,85,0423,544900.0,544900.0,Chicago Midway Airport Fund,Chicago Department of Aviation,Communication Devices,0.0,0.0
0610,85,0424,138800.0,138800.0,Chicago Midway Airport Fund,Chicago Department of Aviation,Furniture and Furnishings,0.0,0.0
0610,85,0440,175300.0,175300.0,Chicago Midway Airport Fund,Chicago Department of Aviation,Machinery and Equipment,0.0,0.0
0610,85,0446,851800.0,851800.0,Chicago Midway Airport Fund,Chicago Department of Aviation,For the Purchase of IT and Data Communication Hardware,0.0,0.0
0610,85,9438,35000.0,35000.0,Chicago Midway Airport Fund,Chicago Department of Aviation,For Services Provided by the Department of Fleet and Facilities Management,0.0,0.0
0610,99,0003,2695000.0,2695000.0,Chicago Midway Airport Fund,Finance General,Scheduled Wage Adjustments,0.0,0.0
0610,99,0029,1505064.0,1505064.0,Chicago Midway Airport Fund,Finance General,For Health Maintenance Organization Premiums (HMO) Provided to Eligible Employees and Their Families,0.0,0.0
0610,99,0042,5444455.0,5444455.0,Chicago Midway Airport Fund,Finance General,For the Costs of Claims and Administration for Hospital and Medical Care Provided to Eligible Employees  Provided However  That All Payments to the In...,0.0,0.0
0610,99,0043,57528.0,57528.0,Chicago Midway Airport Fund,Finance General,For the Health Maintenance Organization Premiums or Cost of Claims and Administration for Hospital and Medical Care Provided to Police and Fire Depart...,0.0,0.0
0610,99,0045,53322.0,53322.0,Chicago Midway Airport Fund,Finance General,For the Cost of Claims and Administration or Premiums for Term Life Insurance,0.0,0.0
0610,99,0049,192780.0,192780.0,Chicago Midway Airport Fund,Finance General,Claims and Costs of Administration Pursuant to the Workers' Compensation Act,0.0,0.0
0610,99,0051,97844.0,97844.0,Chicago Midway Airport Fund,Finance General,Claims Under Unemployment Insurance Act,0.0,0.0
0610,99,0052,101089.0,101089.0,Chicago Midway Airport Fund,Finance General,Costs of Claims and Administration for Hospital and Medical Care to Eligible Annuitants and Their Eligible Dependents,0.0,0.0
0610,99,0056,230548.0,230548.0,Chicago Midway Airport Fund,Finance General,For the Cost of Claims and Administration or Premiums for a Co-Insured Dental Plan for Employees,0.0,0.0
0610,99,0085,1736.0,1736.0,Chicago Midway Airport Fund,Finance General,City Deferred Compensation Contributions for Union Members,0.0,0.0
0610,99,0138,1652927.0,1652927.0,Chicago Midway Airport Fund,Finance General,For Professional Services for Information Technology Maintenance,0.0,0.0
0610,99,0140,2006227.0,2006227.0,Chicago Midway Airport Fund,Finance General,For Professional and Technical Services and Other Third Party Benefit Agreements,0.0,0.0
0610,99,0142,470500.0,470500.0,Chicago Midway Airport Fund,Finance General,Accounting and Auditing,0.0,0.0
0610,99,0145,847000.0,847000.0,Chicago Midway Airport Fund,Finance General,Legal Expenses,0.0,0.0
0610,99,0149,25025.0,25025.0,Chicago Midway Airport Fund,Finance General,For Software Maintenance and Licensing,0.0,0.0
0610,99,0161,20000.0,20000.0,Chicago Midway Airport Fund,Finance General,"Operation, Repair or Maintenance of Facilities",0.0,0.0
0610,99,0172,4131855.0,4131855.0,Chicago Midway Airport Fund,Finance General,For the Cost of Insurance Premiums and Expenses,0.0,0.0
0610,99,0245,5000.0,5000.0,Chicago Midway Airport Fund,Finance General,Reimbursement to Travelers,0.0,0.0
0610,99,0902,68926842.0,68926842.0,Chicago Midway Airport Fund,Finance General,For Interest on Bonds,0.0,0.0
0610,99,0912,71260000.0,71260000.0,Chicago Midway Airport Fund,Finance General,For Payment of Bonds,0.0,0.0
0610,99,0931,4500.0,4500.0,Chicago Midway Airport Fund,Finance General,"For the Payment of Tort and Non-Tort Judgments, Outside Counsel Expenses and Expert Costs, as Approved by the Corporation Counsel",0.0,0.0
0610,99,0959,5855182.0,5855182.0,Chicago Midway Airport Fund,Finance General,For Bond Fees and Costs,0.0,0.0
0610,99,9027,7587.0,7587.0,Chicago Midway Airport Fund,Finance General,For the City Contribution to Social Security Tax,0.0,0.0
0610,99,9046,1200000.0,1200000.0,Chicago Midway Airport Fund,Finance General,For Operations and Maintenance Reserve,0.0,0.0
0610,99,9076,301180.0,301180.0,Chicago Midway Airport Fund,Finance General,City's Contribution to Medicare Tax,0.0,0.0
0610,99,9611,7348163.0,7348163.0,Chicago Midway Airport Fund,Finance General,To Reimburse the Corporate Fund for Indirect Costs Chargeable to Fund,0.0,0.0
0610,99,9711,3000000.0,3000000.0,Chicago Midway Airport Fund,Finance General,Transfer to O'Hare Fund for Administrative Salaries,0.0,0.0
0610,99,9980,9415000.0,9415000.0,Chicago Midway Airport Fund,Finance General,Municipal Fund Pension Allocation,0.0,0.0
0610,99,9981,2320000.0,2320000.0,Chicago Midway Airport Fund,Finance General,Laborers' Fund Pension Allocation,0.0,0.0
0610,99,9982,4476000.0,4476000.0,Chicago Midway Airport Fund,Finance General,Policemen's Fund Pension Allocation,0.0,0.0
0610,99,9983,5854000.0,5854000.0,Chicago Midway Airport Fund,Finance General,Firemen's Fund Pension Allocation,0.0,0.0
0610,99,9984,2159000.0,2159000.0,Chicago Midway Airport Fund,Finance General,Municipal Fund Advance Pension Payment,0.0,0.0
0610,99,9985,370000.0,370000.0,Chicago Midway Airport Fund,Finance General,Laborers' Fund Advance Pension Payment,0.0,0.0
0610,99,9986,411000.0,411000.0,Chicago Midway Airport Fund,Finance General,Policemen's Fund Advance Pension Payment,0.0,0.0
0610,99,9987,389000.0,389000.0,Chicago Midway Airport Fund,Finance General,Firemen's Fund Advance Pension Payment,0.0,0.0
0623,85,0140,68200000.0,68200000.0,Airport Improvement Program-And Tea-21,Chicago Department of Aviation,For Professional and Technical Services and Other Third Party Benefit Agreements,0.0,0.0
0624,85,0140,341752725.0,341752380.0,O'Hare Airport,Chicago Department of Aviation,For Professional and Technical Services and Other Third Party Benefit Agreements,345.0,0.00010095028453057152
0657,57,0140,259000.0,259000.0,Police,Chicago Police Department,For Professional and Technical Services and Other Third Party Benefit Agreements,0.0,0.0
0681,99,0960,7017000.0,7017000.0,Municipal Employees' Annuity and Benefit Fund,Finance General,For Loss in Collection of Taxes,0.0,0.0
0681,99,0976,942717000.0,941017000.0,Municipal Employees' Annuity and Benefit Fund,Finance General,For the City's Contribution to Employees' Annuity and Benefit Fund,1700000.0,0.1806556098348914
0681,99,097A,178085000.0,178085000.0,Municipal Employees' Annuity and Benefit Fund,Finance General,For the City's Advance Contribution to Employees' Annuity and Benefit Fund,0.0,0.0
0682,99,0960,2238000.0,2238000.0,Laborers' and Retirement Board Annuity and Benefit Fund,Finance General,For Loss in Collection of Taxes,0.0,0.0
0682,99,0976,127350000.0,127350000.0,Laborers' and Retirement Board Annuity and Benefit Fund,Finance General,For the City's Contribution to Employees' Annuity and Benefit Fund,0.0,0.0
0682,99,097A,20343000.0,20343000.0,Laborers' and Retirement Board Annuity and Benefit Fund,Finance General,For the City's Advance Contribution to Employees' Annuity and Benefit Fund,0.0,0.0
0683,99,0960,32541000.0,32541000.0,Policemen's Annuity and Benefit Fund,Finance General,For Loss in Collection of Taxes,0.0,0.0
0683,99,0976,929066000.0,929066000.0,Policemen's Annuity and Benefit Fund,Finance General,For the City's Contribution to Employees' Annuity and Benefit Fund,0.0,0.0
0683,99,097A,79864000.0,79864000.0,Policemen's Annuity and Benefit Fund,Finance General,For the City's Advance Contribution to Employees' Annuity and Benefit Fund,0.0,0.0
0684,99,0960,14679000.0,14679000.0,Firemen's Annuity and Benefit Fund,Finance General,For Loss in Collection of Taxes,0.0,0.0
0684,99,0976,444881000.0,444881000.0,Firemen's Annuity and Benefit Fund,Finance General,For the City's Contribution to Employees' Annuity and Benefit Fund,0.0,0.0
0684,99,097A,28274000.0,28274000.0,Firemen's Annuity and Benefit Fund,Finance General,For the City's Advance Contribution to Employees' Annuity and Benefit Fund,0.0,0.0
0740,3,0005,1156891.0,1156891.0,Chicago O'Hare Airport Fund,Office of Inspector General,Salaries and Wages - on Payroll,0.0,0.0
0740,3,0015,11337.0,11337.0,Chicago O'Hare Airport Fund,Office of Inspector General,Schedule Salary Adjustments,0.0,0.0
0740,3,0130,198.0,198.0,Chicago O'Hare Airport Fund,Office of Inspector General,Postage,0.0,0.0
0740,3,0140,2116.0,2116.0,Chicago O'Hare Airport Fund,Office of Inspector General,For Professional and Technical Services and Other Third Party Benefit Agreements,0.0,0.0
0740,3,0143,16346.0,16346.0,Chicago O'Hare Airport Fund,Office of Inspector General,Court Reporting,0.0,0.0
0740,3,0149,33846.0,33846.0,Chicago O'Hare Airport Fund,Office of Inspector General,For Software Maintenance and Licensing,0.0,0.0
0740,3,0157,10187.0,10187.0,Chicago O'Hare Airport Fund,Office of Inspector General,Rental of Equipment and Services,0.0,0.0
0740,3,0159,1109.0,1109.0,Chicago O'Hare Airport Fund,Office of Inspector General,Lease Purchase Agreements for Equipment and Machinery,0.0,0.0
0740,3,0162,65.0,65.0,Chicago O'Hare Airport Fund,Office of Inspector General,Repair/Maintenance of Equipment,0.0,0.0
0740,3,0166,3092.0,3092.0,Chicago O'Hare Airport Fund,Office of Inspector General,"Dues, Subscriptions and Memberships",0.0,0.0
0740,3,0169,19200.0,19200.0,Chicago O'Hare Airport Fund,Office of Inspector General,Technical Meeting Costs,0.0,0.0
0740,3,0181,3295.0,3295.0,Chicago O'Hare Airport Fund,Office of Inspector General,Mobile Communication Services,0.0,0.0
0740,3,0189,5983.0,5983.0,Chicago O'Hare Airport Fund,Office of Inspector General,Telephone - Non-Centrex Billings,0.0,0.0
0740,3,0245,1592.0,1592.0,Chicago O'Hare Airport Fund,Office of Inspector General,Reimbursement to Travelers,0.0,0.0
0740,3,0270,745.0,745.0,Chicago O'Hare Airport Fund,Office of Inspector General,Local Transportation,0.0,0.0
0740,3,0320,642.0,642.0,Chicago O'Hare Airport Fund,Office of Inspector General,Gasoline,0.0,0.0
0740,3,0340,632.0,632.0,Chicago O'Hare Airport Fund,Office of Inspector General,Material and Supplies,0.0,0.0
0740,3,0348,160.0,160.0,Chicago O'Hare Airport Fund,Office of Inspector General,Books and Related Material,0.0,0.0
0740,3,0350,2065.0,2065.0,Chicago O'Hare Airport Fund,Office of Inspector General,Stationery and Office Supplies,0.0,0.0
0740,6,0188,352796.0,352796.0,Chicago O'Hare Airport Fund,Department of Technology and Innovation,Vehicle Tracking Service,0.0,0.0
0740,6,0190,9147.0,9147.0,Chicago O'Hare Airport Fund,Department of Technology and Innovation,Telephone - Centrex Billings,0.0,0.0
0740,27,0005,2097836.0,2097836.0,Chicago O'Hare Airport Fund,Department of Finance,Salaries and Wages - on Payroll,0.0,0.0
0740,27,0015,23963.0,23963.0,Chicago O'Hare Airport Fund,Department of Finance,Schedule Salary Adjustments,0.0,0.0
0740,27,0020,8000.0,8000.0,Chicago O'Hare Airport Fund,Department of Finance,Overtime,0.0,0.0
0740,27,0140,100509.0,100509.0,Chicago O'Hare Airport Fund,Department of Finance,For Professional and Technical Services and Other Third Party Benefit Agreements,0.0,0.0
0740,27,0142,69560.0,69560.0,Chicago O'Hare Airport Fund,Department of Finance,Accounting and Auditing,0.0,0.0
0740,27,0149,38000.0,38000.0,Chicago O'Hare Airport Fund,Department of Finance,For Software Maintenance and Licensing,0.0,0.0
0740,27,0154,20000.0,20000.0,Chicago O'Hare Airport Fund,Department of Finance,"For the Rental and Maintenance of Data Processing, Office Automation and Data Communications Hardware",0.0,0.0
0740,27,0166,1500.0,1500.0,Chicago O'Hare Airport Fund,Department of Finance,"Dues, Subscriptions and Memberships",0.0,0.0
0740,27,0169,1500.0,1500.0,Chicago O'Hare Airport Fund,Department of Finance,Technical Meeting Costs,0.0,0.0
0740,27,0348,500.0,500.0,Chicago O'Hare Airport Fund,Department of Finance,Books and Related Material,0.0,0.0
0740,27,0350,3500.0,3500.0,Chicago O'Hare Airport Fund,Department of Finance,Stationery and Office Supplies,0.0,0.0
0740,28,0005,916161.0,916161.0,Chicago O'Hare Airport Fund,City Treasurer's Office,Salaries and Wages - on Payroll,0.0,0.0
0740,28,0015,1532.0,1532.0,Chicago O'Hare Airport Fund,City Treasurer's Office,Schedule Salary Adjustments,0.0,0.0
0740,28,0138,125058.0,125058.0,Chicago O'Hare Airport Fund,City Treasurer's Office,For Professional Services for Information Technology Maintenance,0.0,0.0
0740,28,0140,291175.0,291175.0,Chicago O'Hare Airport Fund,City Treasurer's Office,For Professional and Technical Services and Other Third Party Benefit Agreements,0.0,0.0
0740,31,0005,2193828.0,2193828.0,Chicago O'Hare Airport Fund,Department of Law,Salaries and Wages - on Payroll,0.0,0.0
0740,31,0015,1386.0,1386.0,Chicago O'Hare Airport Fund,Department of Law,Schedule Salary Adjustments,0.0,0.0
0740,31,0020,400.0,400.0,Chicago O'Hare Airport Fund,Department of Law,Overtime,0.0,0.0
0740,31,0130,2788.0,2788.0,Chicago O'Hare Airport Fund,Department of Law,Postage,0.0,0.0
0740,31,0138,3800.0,3800.0,Chicago O'Hare Airport Fund,Department of Law,For Professional Services for Information Technology Maintenance,0.0,0.0
0740,31,0140,49576.0,49576.0,Chicago O'Hare Airport Fund,Department of Law,For Professional and Technical Services and Other Third Party Benefit Agreements,0.0,0.0
0740,31,0141,1500.0,1500.0,Chicago O'Hare Airport Fund,Department of Law,Appraisals,0.0,0.0
0740,31,0143,14385.0,14385.0,Chicago O'Hare Airport Fund,Department of Law,Court Reporting,0.0,0.0
0740,31,0145,4651.0,4651.0,Chicago O'Hare Airport Fund,Department of Law,Legal Expenses,0.0,0.0
0740,31,0149,22200.0,22200.0,Chicago O'Hare Airport Fund,Department of Law,For Software Maintenance and Licensing,0.0,0.0
0740,31,0150,1600.0,1600.0,Chicago O'Hare Airport Fund,Department of Law,Publications and Reproduction - Outside Services.  To Be Expended with the Prior Approval of Graphics Services,0.0,0.0
0740,31,0157,450.0,450.0,Chicago O'Hare Airport Fund,Department of Law,Rental of Equipment and Services,0.0,0.0
0740,31,0159,7500.0,7500.0,Chicago O'Hare Airport Fund,Department of Law,Lease Purchase Agreements for Equipment and Machinery,0.0,0.0
0740,31,0162,100.0,100.0,Chicago O'Hare Airport Fund,Department of Law,Repair/Maintenance of Equipment,0.0,0.0
0740,31,0166,2875.0,2875.0,Chicago O'Hare Airport Fund,Department of Law,"Dues, Subscriptions and Memberships",0.0,0.0
0740,31,0169,4680.0,4680.0,Chicago O'Hare Airport Fund,Department of Law,Technical Meeting Costs,0.0,0.0
0740,31,0178,597.0,597.0,Chicago O'Hare Airport Fund,Department of Law,Freight and Express Charges,0.0,0.0
0740,31,0229,295.0,295.0,Chicago O'Hare Airport Fund,Department of Law,Transportation and Expense Allowance,0.0,0.0
0740,31,0245,5350.0,5350.0,Chicago O'Hare Airport Fund,Department of Law,Reimbursement to Travelers,0.0,0.0
0740,31,0270,1437.0,1437.0,Chicago O'Hare Airport Fund,Department of Law,Local Transportation,0.0,0.0
0740,31,0348,150.0,150.0,Chicago O'Hare Airport Fund,Department of Law,Books and Related Material,0.0,0.0
0740,31,0350,4794.0,4794.0,Chicago O'Hare Airport Fund,Department of Law,Stationery and Office Supplies,0.0,0.0
0740,31,9438,1253.0,1253.0,Chicago O'Hare Airport Fund,Department of Law,For Services Provided by the Department of Fleet and Facilities Management,0.0,0.0
0740,33,0005,472597.0,472597.0,Chicago O'Hare Airport Fund,Department of Human Resources,Salaries and Wages - on Payroll,0.0,0.0
0740,33,0015,0.0,0.0,Chicago O'Hare Airport Fund,Department of Human Resources,SCHEDULE SALARY ADJUSTMENTS,0.0,0.0
0740,33,0130,295.0,295.0,Chicago O'Hare Airport Fund,Department of Human Resources,Postage,0.0,0.0
0740,33,0140,5950.0,5950.0,Chicago O'Hare Airport Fund,Department of Human Resources,For Professional and Technical Services and Other Third Party Benefit Agreements,0.0,0.0
0740,35,0005,1776037.0,1776037.0,Chicago O'Hare Airport Fund,Department of Procurement Services,Salaries and Wages - on Payroll,0.0,0.0
0740,35,0015,27954.0,27954.0,Chicago O'Hare Airport Fund,Department of Procurement Services,Schedule Salary Adjustments,0.0,0.0
0740,35,0140,38000.0,38000.0,Chicago O'Hare Airport Fund,Department of Procurement Services,For Professional and Technical Services and Other Third Party Benefit Agreements,0.0,0.0
0740,35,0270,300.0,300.0,Chicago O'Hare Airport Fund,Department of Procurement Services,Local Transportation,0.0,0.0
0740,35,0350,600.0,600.0,Chicago O'Hare Airport Fund,Department of Procurement Services,Stationery and Office Supplies,0.0,0.0
0740,38,0005,9607005.0,9607005.0,Chicago O'Hare Airport Fund,Department of Fleet and Facility Management,Salaries and Wages - on Payroll,0.0,0.0
0740,38,0012,147348.0,147348.0,Chicago O'Hare Airport Fund,Department of Fleet and Facility Management,Contract Wage Increment - Prevailing Rate,0.0,0.0
0740,38,0015,4636.0,4636.0,Chicago O'Hare Airport Fund,Department of Fleet and Facility Management,Schedule Salary Adjustments,0.0,0.0
0740,38,0020,1287002.0,1287002.0,Chicago O'Hare Airport Fund,Department of Fleet and Facility Management,Overtime,0.0,0.0
0740,38,0140,1304884.0,1304884.0,Chicago O'Hare Airport Fund,Department of Fleet and Facility Management,For Professional and Technical Services and Other Third Party Benefit Agreements,0.0,0.0
0740,38,0148,5663.0,5663.0,Chicago O'Hare Airport Fund,Department of Fleet and Facility Management,Testing and Inspecting,0.0,0.0
0740,38,0149,61544.0,61544.0,Chicago O'Hare Airport Fund,Department of Fleet and Facility Management,For Software Maintenance and Licensing,0.0,0.0
0740,38,0155,494870.0,494870.0,Chicago O'Hare Airport Fund,Department of Fleet and Facility Management,Rental of Property,0.0,0.0
0740,38,0162,65000.0,65000.0,Chicago O'Hare Airport Fund,Department of Fleet and Facility Management,Repair/Maintenance of Equipment,0.0,0.0
0740,38,0176,3143950.0,3143950.0,Chicago O'Hare Airport Fund,Department of Fleet and Facility Management,Maintenance and Operation of City Owned Vehicles,0.0,0.0
0740,38,0188,0.0,0.0,Chicago O'Hare Airport Fund,Department of Fleet and Facility Management,VEHICLE TRACKING SERVICE,0.0,0.0
0740,38,0190,0.0,0.0,Chicago O'Hare Airport Fund,Department of Fleet and Facility Management,TELEPHONE - CENTREX BILLINGS,0.0,0.0
0740,38,0315,1404328.0,1404328.0,Chicago O'Hare Airport Fund,Department of Fleet and Facility Management,Motor Vehicle Diesel Fuel,0.0,0.0
0740,38,0320,1541584.0,1541584.0,Chicago O'Hare Airport Fund,Department of Fleet and Facility Management,Gasoline,0.0,0.0
0740,38,0322,6926997.0,6926997.0,Chicago O'Hare Airport Fund,Department of Fleet and Facility Management,Natural Gas,0.0,0.0
0740,38,0325,21685.0,21685.0,Chicago O'Hare Airport Fund,Department of Fleet and Facility Management,Alternative Fuel,0.0,0.0
0740,38,0331,28084505.0,28084505.0,Chicago O'Hare Airport Fund,Department of Fleet and Facility Management,Electricity,0.0,0.0
0740,38,0338,9600.0,9600.0,Chicago O'Hare Airport Fund,Department of Fleet and Facility Management,"License Sticker, Tag and Plates",0.0,0.0
0740,38,0350,1245.0,1245.0,Chicago O'Hare Airport Fund,Department of Fleet and Facility Management,Stationery and Office Supplies,0.0,0.0
0740,38,0360,5606907.0,5606907.0,Chicago O'Hare Airport Fund,Department of Fleet and Facility Management,Repair Parts and Material,0.0,0.0
0740,38,0440,221224.0,221224.0,Chicago O'Hare Airport Fund,Department of Fleet and Facility Management,Machinery and Equipment,0.0,0.0
0740,51,0157,16488.0,16488.0,Chicago O'Hare Airport Fund,Office of Public Safety Administration,Rental of Equipment and Services,0.0,0.0
0740,51,0340,15750.0,15750.0,Chicago O'Hare Airport Fund,Office of Public Safety Administration,Material and Supplies,0.0,0.0
0740,57,0005,19841531.0,19841531.0,Chicago O'Hare Airport Fund,Chicago Police Department,Salaries and Wages - on Payroll,0.0,0.0
0740,57,0008,277850.0,277850.0,Chicago O'Hare Airport Fund,Chicago Police Department,For Payment of Retroactive Salaries,0.0,0.0
0740,57,0015,104743.0,104743.0,Chicago O'Hare Airport Fund,Chicago Police Department,Schedule Salary Adjustments,0.0,0.0
0740,57,0020,2060000.0,2060000.0,Chicago O'Hare Airport Fund,Chicago Police Department,Overtime,0.0,0.0
0740,57,0021,57500.0,57500.0,Chicago O'Hare Airport Fund,Chicago Police Department,Sworn/Civilian Holiday Premium Pay,0.0,0.0
0740,57,0022,750000.0,750000.0,Chicago O'Hare Airport Fund,Chicago Police Department,Duty Availability,0.0,0.0
0740,57,0024,853000.0,853000.0,Chicago O'Hare Airport Fund,Chicago Police Department,Compensatory Time Payment,0.0,0.0
0740,57,0027,110000.0,110000.0,Chicago O'Hare Airport Fund,Chicago Police Department,Supervisors Quarterly Payment,0.0,0.0
0740,57,0060,400000.0,400000.0,Chicago O'Hare Airport Fund,Chicago Police Department,Specialty Pay,0.0,0.0
0740,57,0070,70000.0,70000.0,Chicago O'Hare Airport Fund,Chicago Police Department,Tuition Reimbursement and Educational Programs,0.0,0.0
0740,57,0088,342000.0,342000.0,Chicago O'Hare Airport Fund,Chicago Police Department,Furlough/Supervisors Compensation Time Buy-Back,0.0,0.0
0740,57,0091,370000.0,370000.0,Chicago O'Hare Airport Fund,Chicago Police Department,Uniform Allowance,0.0,0.0
0740,57,0937,172800.0,172800.0,Chicago O'Hare Airport Fund,Chicago Police Department,For Cost and Administration of Hospital and Medical Expenses for Employees Injured on Duty Who Are Not Covered Under Workers' Compensation Act,0.0,0.0
0740,58,0005,4288648.0,4288648.0,Chicago O'Hare Airport Fund,Office of Emergency Management and Communications,Salaries and Wages - on Payroll,0.0,0.0
0740,58,0015,67759.0,67759.0,Chicago O'Hare Airport Fund,Office of Emergency Management and Communications,Schedule Salary Adjustments,0.0,0.0
0740,58,0020,185000.0,185000.0,Chicago O'Hare Airport Fund,Office of Emergency Management and Communications,Overtime,0.0,0.0
0740,58,0091,14550.0,14550.0,Chicago O'Hare Airport Fund,Office of Emergency Management and Communications,Uniform Allowance,0.0,0.0
0740,58,0319,21445.0,21445.0,Chicago O'Hare Airport Fund,Office of Emergency Management and Communications,Clothing,0.0,0.0
0740,59,0005,26052968.0,26052968.0,Chicago O'Hare Airport Fund,Chicago Fire Department,Salaries and Wages - on Payroll,0.0,0.0
0740,59,0015,112092.0,112092.0,Chicago O'Hare Airport Fund,Chicago Fire Department,Schedule Salary Adjustments,0.0,0.0
0740,59,0020,791800.0,791800.0,Chicago O'Hare Airport Fund,Chicago Fire Department,Overtime,0.0,0.0
0740,59,0021,1300000.0,1300000.0,Chicago O'Hare Airport Fund,Chicago Fire Department,Sworn/Civilian Holiday Premium Pay,0.0,0.0
0740,59,0022,919600.0,919600.0,Chicago O'Hare Airport Fund,Chicago Fire Department,Duty Availability,0.0,0.0
0740,59,0024,80000.0,80000.0,Chicago O'Hare Airport Fund,Chicago Fire Department,Compensatory Time Payment,0.0,0.0
0740,59,0028,225000.0,225000.0,Chicago O'Hare Airport Fund,Chicago Fire Department,Cooperative Education Program,0.0,0.0
0740,59,0060,1200000.0,1200000.0,Chicago O'Hare Airport Fund,Chicago Fire Department,Specialty Pay,0.0,0.0
0740,59,0061,250000.0,250000.0,Chicago O'Hare Airport Fund,Chicago Fire Department,Driver's Differential,0.0,0.0
0740,59,0062,10000.0,10000.0,Chicago O'Hare Airport Fund,Chicago Fire Department,Required Certifications,0.0,0.0
0740,59,0063,25000.0,25000.0,Chicago O'Hare Airport Fund,Chicago Fire Department,Fitness Benefit,0.0,0.0
0740,59,0088,600000.0,600000.0,Chicago O'Hare Airport Fund,Chicago Fire Department,Furlough/Supervisors Compensation Time Buy-Back,0.0,0.0
0740,59,0091,363000.0,363000.0,Chicago O'Hare Airport Fund,Chicago Fire Department,Uniform Allowance,0.0,0.0
0740,59,0140,353600.0,353600.0,Chicago O'Hare Airport Fund,Chicago Fire Department,For Professional and Technical Services and Other Third Party Benefit Agreements,0.0,0.0
0740,59,0937,267300.0,267300.0,Chicago O'Hare Airport Fund,Chicago Fire Department,For Cost and Administration of Hospital and Medical Expenses for Employees Injured on Duty Who Are Not Covered Under Workers' Compensation Act,0.0,0.0
0740,85,0005,162696035.0,160203937.0,Chicago O'Hare Airport Fund,Chicago Department of Aviation,Salaries and Wages - on Payroll,2492098.0,1.5555784999216342
0740,85,0012,1289590.0,1289590.0,Chicago O'Hare Airport Fund,Chicago Department of Aviation,Contract Wage Increment - Prevailing Rate,0.0,0.0
0740,85,0015,1016298.0,1016298.0,Chicago O'Hare Airport Fund,Chicago Department of Aviation,Schedule Salary Adjustments,0.0,0.0
0740,85,0020,12000000.0,12000000.0,Chicago O'Hare Airport Fund,Chicago Department of Aviation,Overtime,0.0,0.0
0740,85,0039,247000.0,247000.0,Chicago O'Hare Airport Fund,Chicago Department of Aviation,For the Employment of Students as Trainees,0.0,0.0
0740,85,0049,7821922.0,7821922.0,Chicago O'Hare Airport Fund,Chicago Department of Aviation,Claims and Costs of Administration Pursuant to the Workers' Compensation Act,0.0,0.0
0740,85,0091,436800.0,436800.0,Chicago O'Hare Airport Fund,Chicago Department of Aviation,Uniform Allowance,0.0,0.0
0740,85,0130,15000.0,15000.0,Chicago O'Hare Airport Fund,Chicago Department of Aviation,Postage,0.0,0.0
0740,85,0138,27972600.0,27972600.0,Chicago O'Hare Airport Fund,Chicago Department of Aviation,For Professional Services for Information Technology Maintenance,0.0,0.0
0740,85,0140,132512400.0,132512400.0,Chicago O'Hare Airport Fund,Chicago Department of Aviation,For Professional and Technical Services and Other Third Party Benefit Agreements,0.0,0.0
0740,85,0141,50000.0,50000.0,Chicago O'Hare Airport Fund,Chicago Department of Aviation,Appraisals,0.0,0.0
0740,85,0142,1090500.0,1090500.0,Chicago O'Hare Airport Fund,Chicago Department of Aviation,Accounting and Auditing,0.0,0.0
0740,85,0144,770000.0,770000.0,Chicago O'Hare Airport Fund,Chicago Department of Aviation,Engineering and Architecture,0.0,0.0
0740,85,0147,15000.0,15000.0,Chicago O'Hare Airport Fund,Chicago Department of Aviation,Surveys,0.0,0.0
0740,85,0148,29900.0,29900.0,Chicago O'Hare Airport Fund,Chicago Department of Aviation,Testing and Inspecting,0.0,0.0
0740,85,0149,1792400.0,1792400.0,Chicago O'Hare Airport Fund,Chicago Department of Aviation,For Software Maintenance and Licensing,0.0,0.0
0740,85,0152,417800.0,417800.0,Chicago O'Hare Airport Fund,Chicago Department of Aviation,Advertising,0.0,0.0
0740,85,0155,3346800.0,3346800.0,Chicago O'Hare Airport Fund,Chicago Department of Aviation,Rental of Property,0.0,0.0
0740,85,0157,89171200.0,89171200.0,Chicago O'Hare Airport Fund,Chicago Department of Aviation,Rental of Equipment and Services,0.0,0.0
0740,85,0160,2330000.0,2330000.0,Chicago O'Hare Airport Fund,Chicago Department of Aviation,Repair or Maintenance of Property,0.0,0.0
0740,85,0161,51060800.0,51060800.0,Chicago O'Hare Airport Fund,Chicago Department of Aviation,"Operation, Repair or Maintenance of Facilities",0.0,0.0
0740,85,0162,20959600.0,20959600.0,Chicago O'Hare Airport Fund,Chicago Department of Aviation,Repair/Maintenance of Equipment,0.0,0.0
0740,85,0163,13773600.0,13773600.0,Chicago O'Hare Airport Fund,Chicago Department of Aviation,Repair/Maintenance of Streets and Pavements,0.0,0.0
0740,85,0166,691300.0,691300.0,Chicago O'Hare Airport Fund,Chicago Department of Aviation,"Dues, Subscriptions and Memberships",0.0,0.0
0740,85,0168,2561100.0,2561100.0,Chicago O'Hare Airport Fund,Chicago Department of Aviation,Educational Development through Cooperative Education Program and Apprenticeship Program,0.0,0.0
0740,85,0169,957000.0,957000.0,Chicago O'Hare Airport Fund,Chicago Department of Aviation,Technical Meeting Costs,0.0,0.0
0740,85,0178,20000.0,20000.0,Chicago O'Hare Airport Fund,Chicago Department of Aviation,Freight and Express Charges,0.0,0.0
0740,85,0181,270500.0,270500.0,Chicago O'Hare Airport Fund,Chicago Department of Aviation,Mobile Communication Services,0.0,0.0
0740,85,0183,12000000.0,12000000.0,Chicago O'Hare Airport Fund,Chicago Department of Aviation,Water,0.0,0.0
0740,85,0185,2076800.0,2076800.0,Chicago O'Hare Airport Fund,Chicago Department of Aviation,Waste Disposal Services,0.0,0.0
0740,85,0189,316500.0,316500.0,Chicago O'Hare Airport Fund,Chicago Department of Aviation,Telephone - Non-Centrex Billings,0.0,0.0
0740,85,0190,603000.0,603000.0,Chicago O'Hare Airport Fund,Chicago Department of Aviation,Telephone - Centrex Billings,0.0,0.0
0740,85,0196,360000.0,360000.0,Chicago O'Hare Airport Fund,Chicago Department of Aviation,Data Circuits,0.0,0.0
0740,85,0197,20000.0,20000.0,Chicago O'Hare Airport Fund,Chicago Department of Aviation,Telephone - Maintenance and Repair of Equipment and Voicemail,0.0,0.0
0740,85,0229,5500.0,5500.0,Chicago O'Hare Airport Fund,Chicago Department of Aviation,Transportation and Expense Allowance,0.0,0.0
0740,85,0245,171000.0,171000.0,Chicago O'Hare Airport Fund,Chicago Department of Aviation,Reimbursement to Travelers,0.0,0.0
0740,85,0270,6500.0,6500.0,Chicago O'Hare Airport Fund,Chicago Department of Aviation,Local Transportation,0.0,0.0
0740,85,0313,797500.0,797500.0,Chicago O'Hare Airport Fund,Chicago Department of Aviation,Cleaning and Sanitation Supplies,0.0,0.0
0740,85,0314,100000.0,100000.0,Chicago O'Hare Airport Fund,Chicago Department of Aviation,Fuel Oil,0.0,0.0
0740,85,0319,696200.0,696200.0,Chicago O'Hare Airport Fund,Chicago Department of Aviation,Clothing,0.0,0.0
0740,85,0340,12743600.0,12743600.0,Chicago O'Hare Airport Fund,Chicago Department of Aviation,Material and Supplies,0.0,0.0
0740,85,0345,25000.0,25000.0,Chicago O'Hare Airport Fund,Chicago Department of Aviation,Apparatus and Instruments,0.0,0.0
0740,85,0348,23100.0,23100.0,Chicago O'Hare Airport Fund,Chicago Department of Aviation,Books and Related Material,0.0,0.0
0740,85,0350,200000.0,200000.0,Chicago O'Hare Airport Fund,Chicago Department of Aviation,Stationery and Office Supplies,0.0,0.0
0740,85,0360,1584000.0,1584000.0,Chicago O'Hare Airport Fund,Chicago Department of Aviation,Repair Parts and Material,0.0,0.0
0740,85,0361,687600.0,687600.0,Chicago O'Hare Airport Fund,Chicago Department of Aviation,Building Materials and Supplies,0.0,0.0
0740,85,0362,550000.0,550000.0,Chicago O'Hare Airport Fund,Chicago Department of Aviation,Paints and Painting Supplies,0.0,0.0
0740,85,0364,250000.0,250000.0,Chicago O'Hare Airport Fund,Chicago Department of Aviation,Plumbing Supplies,0.0,0.0
0740,85,0365,3840000.0,3840000.0,Chicago O'Hare Airport Fund,Chicago Department of Aviation,Electrical Supplies,0.0,0.0
0740,85,0402,40000.0,40000.0,Chicago O'Hare Airport Fund,Chicago Department of Aviation,Tools Greater Than $100/Unit,0.0,0.0
0740,85,0423,1650700.0,1650700.0,Chicago O'Hare Airport Fund,Chicago Department of Aviation,Communication Devices,0.0,0.0
0740,85,0424,1010000.0,1010000.0,Chicago O'Hare Airport Fund,Chicago Department of Aviation,Furniture and Furnishings,0.0,0.0
0740,85,0440,4123000.0,4123000.0,Chicago O'Hare Airport Fund,Chicago Department of Aviation,Machinery and Equipment,0.0,0.0
0740,85,0446,2435500.0,2435500.0,Chicago O'Hare Airport Fund,Chicago Department of Aviation,For the Purchase of IT and Data Communication Hardware,0.0,0.0
0740,85,9438,90000.0,90000.0,Chicago O'Hare Airport Fund,Chicago Department of Aviation,For Services Provided by the Department of Fleet and Facilities Management,0.0,0.0
0740,85,9441,90000.0,90000.0,Chicago O'Hare Airport Fund,Chicago Department of Aviation,For Services Provided by the Chicago Department of Public Health,0.0,0.0
0740,85,9481,1200000.0,1200000.0,Chicago O'Hare Airport Fund,Chicago Department of Aviation,For Services Provided by the Department of Streets and Sanitation,0.0,0.0
0740,85,9484,800000.0,800000.0,Chicago O'Hare Airport Fund,Chicago Department of Aviation,For Services Provided by the Chicago Department of Transportation,0.0,0.0
0740,99,0003,7212000.0,7212000.0,Chicago O'Hare Airport Fund,Finance General,Scheduled Wage Adjustments,0.0,0.0
0740,99,0029,6679328.0,6679328.0,Chicago O'Hare Airport Fund,Finance General,For Health Maintenance Organization Premiums (HMO) Provided to Eligible Employees and Their Families,0.0,0.0
0740,99,0042,24161955.0,24161955.0,Chicago O'Hare Airport Fund,Finance General,For the Costs of Claims and Administration for Hospital and Medical Care Provided to Eligible Employees  Provided However  That All Payments to the In...,0.0,0.0
0740,99,0043,115055.0,115055.0,Chicago O'Hare Airport Fund,Finance General,For the Health Maintenance Organization Premiums or Cost of Claims and Administration for Hospital and Medical Care Provided to Police and Fire Depart...,0.0,0.0
0740,99,0045,236639.0,236639.0,Chicago O'Hare Airport Fund,Finance General,For the Cost of Claims and Administration or Premiums for Term Life Insurance,0.0,0.0
0740,99,0049,370799.0,370799.0,Chicago O'Hare Airport Fund,Finance General,Claims and Costs of Administration Pursuant to the Workers' Compensation Act,0.0,0.0
0740,99,0051,502668.0,502668.0,Chicago O'Hare Airport Fund,Finance General,Claims Under Unemployment Insurance Act,0.0,0.0
0740,99,0052,448621.0,448621.0,Chicago O'Hare Airport Fund,Finance General,Costs of Claims and Administration for Hospital and Medical Care to Eligible Annuitants and Their Eligible Dependents,0.0,0.0
0740,99,0056,1023148.0,1023148.0,Chicago O'Hare Airport Fund,Finance General,For the Cost of Claims and Administration or Premiums for a Co-Insured Dental Plan for Employees,0.0,0.0
0740,99,0070,50000.0,50000.0,Chicago O'Hare Airport Fund,Finance General,Tuition Reimbursement and Educational Programs,0.0,0.0
0740,99,0085,92264.0,92264.0,Chicago O'Hare Airport Fund,Finance General,City Deferred Compensation Contributions for Union Members,0.0,0.0
0740,99,0135,1255902.0,0.0,Chicago O'Hare Airport Fund,Finance General,For Delegate Agencies,1255902.0,0.0
0740,99,0138,7210338.0,7210338.0,Chicago O'Hare Airport Fund,Finance General,For Professional Services for Information Technology Maintenance,0.0,0.0
0740,99,0140,93146509.0,93146509.0,Chicago O'Hare Airport Fund,Finance General,For Professional and Technical Services and Other Third Party Benefit Agreements,0.0,0.0
0740,99,0142,1077000.0,1077000.0,Chicago O'Hare Airport Fund,Finance General,Accounting and Auditing,0.0,0.0
0740,99,0145,3030000.0,3030000.0,Chicago O'Hare Airport Fund,Finance General,Legal Expenses,0.0,0.0
0740,99,0149,25025.0,25025.0,Chicago O'Hare Airport Fund,Finance General,For Software Maintenance and Licensing,0.0,0.0
0740,99,0161,5030000.0,5030000.0,Chicago O'Hare Airport Fund,Finance General,"Operation, Repair or Maintenance of Facilities",0.0,0.0
0740,99,0172,20522880.0,20522880.0,Chicago O'Hare Airport Fund,Finance General,For the Cost of Insurance Premiums and Expenses,0.0,0.0
0740,99,0902,443672107.0,443672107.0,Chicago O'Hare Airport Fund,Finance General,For Interest on Bonds,0.0,0.0
0740,99,0912,258095000.0,258095000.0,Chicago O'Hare Airport Fund,Finance General,For Payment of Bonds,0.0,0.0
0740,99,0931,8000.0,8000.0,Chicago O'Hare Airport Fund,Finance General,"For the Payment of Tort and Non-Tort Judgments, Outside Counsel Expenses and Expert Costs, as Approved by the Corporation Counsel",0.0,0.0
0740,99,0959,3077208.0,3077208.0,Chicago O'Hare Airport Fund,Finance General,For Bond Fees and Costs,0.0,0.0
0740,99,9027,39766.0,39766.0,Chicago O'Hare Airport Fund,Finance General,For the City Contribution to Social Security Tax,0.0,0.0
0740,99,9046,3000000.0,3000000.0,Chicago O'Hare Airport Fund,Finance General,For Operations and Maintenance Reserve,0.0,0.0
0740,99,9047,2000000.0,2000000.0,Chicago O'Hare Airport Fund,Finance General,"For Special Capital Projects Requiring Airline Approval, Excluding Airline Improvement Program",0.0,0.0
0740,99,9067,30000.0,30000.0,Chicago O'Hare Airport Fund,Finance General,For Physical Exams,0.0,0.0
0740,99,9076,1683261.0,1683261.0,Chicago O'Hare Airport Fund,Finance General,City's Contribution to Medicare Tax,0.0,0.0
0740,99,9611,30217713.0,30217713.0,Chicago O'Hare Airport Fund,Finance General,To Reimburse the Corporate Fund for Indirect Costs Chargeable to Fund,0.0,0.0
0740,99,9980,54015000.0,54015000.0,Chicago O'Hare Airport Fund,Finance General,Municipal Fund Pension Allocation,0.0,0.0
0740,99,9981,8560000.0,8560000.0,Chicago O'Hare Airport Fund,Finance General,Laborers' Fund Pension Allocation,0.0,0.0
0740,99,9982,14502000.0,14502000.0,Chicago O'Hare Airport Fund,Finance General,Policemen's Fund Pension Allocation,0.0,0.0
0740,99,9983,22152000.0,22152000.0,Chicago O'Hare Airport Fund,Finance General,Firemen's Fund Pension Allocation,0.0,0.0
0740,99,9984,12730000.0,12730000.0,Chicago O'Hare Airport Fund,Finance General,Municipal Fund Advance Pension Payment,0.0,0.0
0740,99,9985,1400000.0,1400000.0,Chicago O'Hare Airport Fund,Finance General,Laborers' Fund Advance Pension Payment,0.0,0.0
0740,99,9986,1283000.0,1283000.0,Chicago O'Hare Airport Fund,Finance General,Policemen's Fund Advance Pension Payment,0.0,0.0
0740,99,9987,1421000.0,1421000.0,Chicago O'Hare Airport Fund,Finance General,Firemen's Fund Advance Pension Payment,0.0,0.0
0831,21,9103,22591000.0,22591000.0,Home Program Income,Department of Housing,Rehabilitation Loans and Grants,0.0,0.0
0833,48,0140,191000.0,191000.0,MOPD Private Funded Programs,Mayor's Office for People with Disabilities,For Professional and Technical Services and Other Third Party Benefit Agreements,0.0,0.0
0994,57,0140,100000.0,100000.0,Controlled Substances Fund,Chicago Police Department,For Professional and Technical Services and Other Third Party Benefit Agreements,0.0,0.0
0996,21,0005,483777.0,483777.0,Affordable Housing Opportunity Fund,Department of Housing,Salaries and Wages - on Payroll,0.0,0.0
0996,21,0015,12968.0,12968.0,Affordable Housing Opportunity Fund,Department of Housing,Schedule Salary Adjustments,0.0,0.0
0996,21,9213,10227674.0,10227674.0,Affordable Housing Opportunity Fund,Department of Housing,Affordable Housing Density Program,0.0,0.0
0996,99,0003,0.0,0.0,Affordable Housing Opportunity Fund,Finance General,SCHEDULED WAGE ADJUSTMENTS,0.0,0.0
0996,99,0029,12354.0,12354.0,Affordable Housing Opportunity Fund,Finance General,For Health Maintenance Organization Premiums (HMO) Provided to Eligible Employees and Their Families,0.0,0.0
0996,99,0042,44690.0,44690.0,Affordable Housing Opportunity Fund,Finance General,For the Costs of Claims and Administration for Hospital and Medical Care Provided to Eligible Employees  Provided However  That All Payments to the In...,0.0,0.0
0996,99,0045,438.0,438.0,Affordable Housing Opportunity Fund,Finance General,For the Cost of Claims and Administration or Premiums for Term Life Insurance,0.0,0.0
0996,99,0052,830.0,830.0,Affordable Housing Opportunity Fund,Finance General,Costs of Claims and Administration for Hospital and Medical Care to Eligible Annuitants and Their Eligible Dependents,0.0,0.0
0996,99,0056,1892.0,1892.0,Affordable Housing Opportunity Fund,Finance General,For the Cost of Claims and Administration or Premiums for a Co-Insured Dental Plan for Employees,0.0,0.0
0996,99,0085,487377.0,487377.0,Affordable Housing Opportunity Fund,Finance General,City Deferred Compensation Contributions for Union Members,0.0,0.0
0996,99,9610,228000.0,228000.0,Affordable Housing Opportunity Fund,Finance General,To Reimburse Corporate Fund for Pension Payments,0.0,0.0
0996,99,9611,685000.0,685000.0,Affordable Housing Opportunity Fund,Finance General,To Reimburse the Corporate Fund for Indirect Costs Chargeable to Fund,0.0,0.0
0B09,99,9205,56302290.0,56302290.0,CTA Real Property Transfer Tax Fund,Finance General,For Distribution of the Net Proceeds of the Real Property Transfer Tax - CTA Portion,0.0,0.0
0B09,99,9640,568710.0,568710.0,CTA Real Property Transfer Tax Fund,Finance General,To Reimburse Corporate Fund for Costs Incurred for Collection of the Real Property Transfer Tax - CTA Portion,0.0,0.0
0B17,57,0140,2920000.0,2920000.0,Asset Forfeiture - Federal,Chicago Police Department,For Professional and Technical Services and Other Third Party Benefit Agreements,0.0,0.0
0B21,5,0005,302500.0,302500.0,Tax Increment Financing Administration Fund,Office of Budget and Management,Salaries and Wages - on Payroll,0.0,0.0
0B21,5,0015,8783.0,8783.0,Tax Increment Financing Administration Fund,Office of Budget and Management,Schedule Salary Adjustments,0.0,0.0
0B21,5,0140,1500.0,1500.0,Tax Increment Financing Administration Fund,Office of Budget and Management,For Professional and Technical Services and Other Third Party Benefit Agreements,0.0,0.0
0B21,6,0138,7795.0,7795.0,Tax Increment Financing Administration Fund,Department of Technology and Innovation,For Professional Services for Information Technology Maintenance,0.0,0.0
0B21,6,0140,2809.0,2809.0,Tax Increment Financing Administration Fund,Department of Technology and Innovation,For Professional and Technical Services and Other Third Party Benefit Agreements,0.0,0.0
0B21,6,0149,24915.0,24915.0,Tax Increment Financing Administration Fund,Department of Technology and Innovation,For Software Maintenance and Licensing,0.0,0.0
0B21,6,0162,6289.0,6289.0,Tax Increment Financing Administration Fund,Department of Technology and Innovation,Repair/Maintenance of Equipment,0.0,0.0
0B21,6,0166,111.0,111.0,Tax Increment Financing Administration Fund,Department of Technology and Innovation,"Dues, Subscriptions and Memberships",0.0,0.0
0B21,6,0196,3325.0,3325.0,Tax Increment Financing Administration Fund,Department of Technology and Innovation,Data Circuits,0.0,0.0
0B21,21,0005,711979.0,711979.0,Tax Increment Financing Administration Fund,Department of Housing,Salaries and Wages - on Payroll,0.0,0.0
0B21,21,0015,3710.0,3710.0,Tax Increment Financing Administration Fund,Department of Housing,Schedule Salary Adjustments,0.0,0.0
0B21,21,0138,40000.0,40000.0,Tax Increment Financing Administration Fund,Department of Housing,For Professional Services for Information Technology Maintenance,0.0,0.0
0B21,27,0005,437297.0,437297.0,Tax Increment Financing Administration Fund,Department of Finance,Salaries and Wages - on Payroll,0.0,0.0
0B21,27,0015,4122.0,4122.0,Tax Increment Financing Administration Fund,Department of Finance,Schedule Salary Adjustments,0.0,0.0
0B21,27,0142,221701.0,221701.0,Tax Increment Financing Administration Fund,Department of Finance,Accounting and Auditing,0.0,0.0
0B21,28,0005,375390.0,375390.0,Tax Increment Financing Administration Fund,City Treasurer's Office,Salaries and Wages - on Payroll,0.0,0.0
0B21,28,0015,11673.0,11673.0,Tax Increment Financing Administration Fund,City Treasurer's Office,Schedule Salary Adjustments,0.0,0.0
0B21,28,0138,81908.0,81908.0,Tax Increment Financing Administration Fund,City Treasurer's Office,For Professional Services for Information Technology Maintenance,0.0,0.0
0B21,28,0140,35513.0,35513.0,Tax Increment Financing Administration Fund,City Treasurer's Office,For Professional and Technical Services and Other Third Party Benefit Agreements,0.0,0.0
0B21,31,0005,1202550.0,1202550.0,Tax Increment Financing Administration Fund,Department of Law,Salaries and Wages - on Payroll,0.0,0.0
0B21,31,0015,4992.0,4992.0,Tax Increment Financing Administration Fund,Department of Law,Schedule Salary Adjustments,0.0,0.0
0B21,54,0005,5740549.0,5740549.0,Tax Increment Financing Administration Fund,Department of Planning and Development,Salaries and Wages - on Payroll,0.0,0.0
0B21,54,0015,130935.0,130935.0,Tax Increment Financing Administration Fund,Department of Planning and Development,Schedule Salary Adjustments,0.0,0.0
0B21,54,0138,40000.0,40000.0,Tax Increment Financing Administration Fund,Department of Planning and Development,For Professional Services for Information Technology Maintenance,0.0,0.0
0B21,54,0139,1360000.0,1360000.0,Tax Increment Financing Administration Fund,Department of Planning and Development,For Professional Services for Information Technology Development,0.0,0.0
0B21,54,0140,150000.0,150000.0,Tax Increment Financing Administration Fund,Department of Planning and Development,For Professional and Technical Services and Other Third Party Benefit Agreements,0.0,0.0
0B21,54,0142,265000.0,265000.0,Tax Increment Financing Administration Fund,Department of Planning and Development,Accounting and Auditing,0.0,0.0
0B21,54,0143,10000.0,10000.0,Tax Increment Financing Administration Fund,Department of Planning and Development,Court Reporting,0.0,0.0
0B21,54,0149,52054.0,52054.0,Tax Increment Financing Administration Fund,Department of Planning and Development,For Software Maintenance and Licensing,0.0,0.0
0B21,54,0169,27310.0,27310.0,Tax Increment Financing Administration Fund,Department of Planning and Development,Technical Meeting Costs,0.0,0.0
0B21,54,0340,3000.0,3000.0,Tax Increment Financing Administration Fund,Department of Planning and Development,Material and Supplies,0.0,0.0
0B21,54,0446,17250.0,17250.0,Tax Increment Financing Administration Fund,Department of Planning and Development,For the Purchase of IT and Data Communication Hardware,0.0,0.0
0B21,54,9454,225000.0,225000.0,Tax Increment Financing Administration Fund,Department of Planning and Development,For Services Provided by the Department of Planning and Development,0.0,0.0
0B21,70,9470,375000.0,375000.0,Tax Increment Financing Administration Fund,Department of Business Affairs and Consumer Protection,For Services Provided by Business Affairs and Consumer Protection,0.0,0.0
0B21,84,0005,227142.0,227142.0,Tax Increment Financing Administration Fund,Chicago Department of Transportation,Salaries and Wages - on Payroll,0.0,0.0
0B21,84,0015,948.0,948.0,Tax Increment Financing Administration Fund,Chicago Department of Transportation,Schedule Salary Adjustments,0.0,0.0
0B21,99,0003,0.0,0.0,Tax Increment Financing Administration Fund,Finance General,SCHEDULED WAGE ADJUSTMENTS,0.0,0.0
0B21,99,0029,205724.0,205724.0,Tax Increment Financing Administration Fund,Finance General,For Health Maintenance Organization Premiums (HMO) Provided to Eligible Employees and Their Families,0.0,0.0
0B21,99,0042,744192.0,744192.0,Tax Increment Financing Administration Fund,Finance General,For the Costs of Claims and Administration for Hospital and Medical Care Provided to Eligible Employees  Provided However  That All Payments to the In...,0.0,0.0
0B21,99,0045,7289.0,7289.0,Tax Increment Financing Administration Fund,Finance General,For the Cost of Claims and Administration or Premiums for Term Life Insurance,0.0,0.0
0B21,99,0052,13818.0,13818.0,Tax Increment Financing Administration Fund,Finance General,Costs of Claims and Administration for Hospital and Medical Care to Eligible Annuitants and Their Eligible Dependents,0.0,0.0
0B21,99,0056,31513.0,31513.0,Tax Increment Financing Administration Fund,Finance General,For the Cost of Claims and Administration or Premiums for a Co-Insured Dental Plan for Employees,0.0,0.0
0B21,99,0085,4421.0,4421.0,Tax Increment Financing Administration Fund,Finance General,City Deferred Compensation Contributions for Union Members,0.0,0.0
0B21,99,0138,247772.0,247772.0,Tax Increment Financing Administration Fund,Finance General,For Professional Services for Information Technology Maintenance,0.0,0.0
0B21,99,0142,195000.0,195000.0,Tax Increment Financing Administration Fund,Finance General,Accounting and Auditing,0.0,0.0
0B21,99,9610,3327566.0,3327566.0,Tax Increment Financing Administration Fund,Finance General,To Reimburse Corporate Fund for Pension Payments,0.0,0.0
0B21,99,9611,1011655.0,1011655.0,Tax Increment Financing Administration Fund,Finance General,To Reimburse the Corporate Fund for Indirect Costs Chargeable to Fund,0.0,0.0
0B25,57,0006,30000000.0,30000000.0,Chicago Police CTA Detail Fund,Chicago Police Department,Salary Provision,0.0,0.0
0B26,27,0140,6500000.0,6500000.0,Chicago Parking Meters Fund,Department of Finance,For Professional and Technical Services and Other Third Party Benefit Agreements,0.0,0.0
0B32,81,0005,65072167.0,65072167.0,Garbage Collection Fund,Department of Streets and Sanitation,Salaries and Wages - on Payroll,0.0,0.0
0B32,81,0012,1019595.0,1019595.0,Garbage Collection Fund,Department of Streets and Sanitation,Contract Wage Increment - Prevailing Rate,0.0,0.0
0B32,81,0015,123438.0,123438.0,Garbage Collection Fund,Department of Streets and Sanitation,Schedule Salary Adjustments,0.0,0.0
0B32,81,0020,2631825.0,2631825.0,Garbage Collection Fund,Department of Streets and Sanitation,Overtime,0.0,0.0
0B32,99,0003,0.0,0.0,Garbage Collection Fund,Finance General,SCHEDULED WAGE ADJUSTMENTS,0.0,0.0
0B32,99,0130,89700.0,89700.0,Garbage Collection Fund,Finance General,Postage,0.0,0.0
0B32,99,0139,48536.0,48536.0,Garbage Collection Fund,Finance General,For Professional Services for Information Technology Development,0.0,0.0
0B32,99,0140,1912739.0,1912739.0,Garbage Collection Fund,Finance General,For Professional and Technical Services and Other Third Party Benefit Agreements,0.0,0.0
0B40,50,9263,0.0,0.0,Houseshare Surcharge - Homeless Services Fund,Department of Family and Support Services,HOMELESS SERVICES,0.0,0.0
0B40,99,9713,0.0,0.0,Houseshare Surcharge - Homeless Services Fund,Finance General,TRANSFER - ADMINISTRATION,0.0,0.0
0B42,99,0455,6399900.0,6399900.0,Foreign Fire Insurance Tax Fund,Finance General,"For the Maintenance, Use, Benefit, and Enhancement of Emergency Response Vehicles",0.0,0.0
0B42,99,0526,15072100.0,15072100.0,Foreign Fire Insurance Tax Fund,Finance General,"For the Maintenance, Use, Benefit, or Enhancement of Fire Stations and Training Facilities",0.0,0.0
0B42,99,9287,3837000.0,3837000.0,Foreign Fire Insurance Tax Fund,Finance General,"For Other Maintenance, Use, and Benefits for the Chicago Fire Department (CFD)",0.0,0.0
0B43,50,0135,0.0,0.0,Houseshare Surcharge - Domestic Violence Fund,Department of Family and Support Services,DELEGATE AGENCIES,0.0,0.0
0B43,99,9713,0.0,0.0,Houseshare Surcharge - Domestic Violence Fund,Finance General,TRANSFER - ADMINISTRATION,0.0,0.0
0B70,1,0005,428424.0,0.0,Cannabis Regulation Tax,Office of the Mayor,Salaries and Wages - on Payroll,428424.0,0.0
0B70,1,0135,4674488.0,0.0,Cannabis Regulation Tax,Office of the Mayor,For Delegate Agencies,4674488.0,0.0
0B70,99,9102,7119088.0,12722000.0,Cannabis Regulation Tax,Finance General,Special Programs Costs,-5602912.0,-44.041125609180945
0B70,99,929B,500000.0,0.0,Cannabis Regulation Tax,Finance General,Restoration Committee,500000.0,0.0
0B89,41,0005,2076312.0,2076312.0,Opioid Settlement Fund,Chicago Department of Public Health,Salaries and Wages - on Payroll,0.0,0.0
0B89,41,0006,0.0,0.0,Opioid Settlement Fund,Chicago Department of Public Health,SALARY PROVISION,0.0,0.0
0B89,41,0015,6042.0,6042.0,Opioid Settlement Fund,Chicago Department of Public Health,Schedule Salary Adjustments,0.0,0.0
0B89,41,0135,12750000.0,12750000.0,Opioid Settlement Fund,Chicago Department of Public Health,For Delegate Agencies,0.0,0.0
0B89,41,0140,549582.0,549582.0,Opioid Settlement Fund,Chicago Department of Public Health,For Professional and Technical Services and Other Third Party Benefit Agreements,0.0,0.0
0B89,41,0145,0.0,0.0,Opioid Settlement Fund,Chicago Department of Public Health,LEGAL EXPENSES,0.0,0.0
0B89,41,0150,25000.0,25000.0,Opioid Settlement Fund,Chicago Department of Public Health,Publications and Reproduction - Outside Services.  To Be Expended with the Prior Approval of Graphics Services,0.0,0.0
0B89,41,0181,4380.0,4380.0,Opioid Settlement Fund,Chicago Department of Public Health,Mobile Communication Services,0.0,0.0
0B89,41,0245,8000.0,8000.0,Opioid Settlement Fund,Chicago Department of Public Health,Reimbursement to Travelers,0.0,0.0
0B89,41,0340,550684.0,550684.0,Opioid Settlement Fund,Chicago Department of Public Health,Material and Supplies,0.0,0.0
0B89,41,0446,30000.0,30000.0,Opioid Settlement Fund,Chicago Department of Public Health,For the Purchase of IT and Data Communication Hardware,0.0,0.0
0B89,99,0042,0.0,0.0,Opioid Settlement Fund,Finance General,For the Costs of Claims and Administration for Hospital and Medical Care Provided to Eligible Employees  Provided However  That All Payments to the In...,0.0,0.0
0B89,99,0045,0.0,0.0,Opioid Settlement Fund,Finance General,PREM TERM LIFE INSURANCE,0.0,0.0
0B89,99,0056,0.0,0.0,Opioid Settlement Fund,Finance General,DENTAL PLAN PREMIUMS,0.0,0.0
0B90,41,0005,545033.0,545033.0,Vaping Settlement Fund,Chicago Department of Public Health,Salaries and Wages - on Payroll,0.0,0.0
0B90,41,0006,0.0,0.0,Vaping Settlement Fund,Chicago Department of Public Health,SALARY PROVISION,0.0,0.0
0B90,41,0015,1920.0,1920.0,Vaping Settlement Fund,Chicago Department of Public Health,Schedule Salary Adjustments,0.0,0.0
0B90,41,0135,949131.0,949131.0,Vaping Settlement Fund,Chicago Department of Public Health,For Delegate Agencies,0.0,0.0
0B90,41,0140,475000.0,475000.0,Vaping Settlement Fund,Chicago Department of Public Health,For Professional and Technical Services and Other Third Party Benefit Agreements,0.0,0.0
0B90,41,0150,0.0,0.0,Vaping Settlement Fund,Chicago Department of Public Health,OUTSIDE GRAPHIC SERVICES,0.0,0.0
0B90,41,0190,450.0,450.0,Vaping Settlement Fund,Chicago Department of Public Health,Telephone - Centrex Billings,0.0,0.0
0B90,41,0245,10000.0,10000.0,Vaping Settlement Fund,Chicago Department of Public Health,Reimbursement to Travelers,0.0,0.0
0B90,41,0340,13790.0,13790.0,Vaping Settlement Fund,Chicago Department of Public Health,Material and Supplies,0.0,0.0
0B90,41,0446,4676.0,4676.0,Vaping Settlement Fund,Chicago Department of Public Health,For the Purchase of IT and Data Communication Hardware,0.0,0.0
0B90,99,0042,0.0,0.0,Vaping Settlement Fund,Finance General,For the Costs of Claims and Administration for Hospital and Medical Care Provided to Eligible Employees  Provided However  That All Payments to the In...,0.0,0.0
0B90,99,0045,0.0,0.0,Vaping Settlement Fund,Finance General,PREM TERM LIFE INSURANCE,0.0,0.0
0B90,99,0056,0.0,0.0,Vaping Settlement Fund,Finance General,DENTAL PLAN PREMIUMS,0.0,0.0
0B92,41,0005,61565.0,61565.0,Construction and Demolition Debris Management Fund,Chicago Department of Public Health,Salaries and Wages - on Payroll,0.0,0.0
0B92,41,0091,300.0,300.0,Construction and Demolition Debris Management Fund,Chicago Department of Public Health,Uniform Allowance,0.0,0.0
0B92,41,0149,170336.0,0.0,Construction and Demolition Debris Management Fund,Chicago Department of Public Health,For Software Maintenance and Licensing,170336.0,0.0
0B92,41,0169,500.0,500.0,Construction and Demolition Debris Management Fund,Chicago Department of Public Health,Technical Meeting Costs,0.0,0.0
0B92,41,0181,876.0,876.0,Construction and Demolition Debris Management Fund,Chicago Department of Public Health,Mobile Communication Services,0.0,0.0
0B92,41,0229,1100.0,1100.0,Construction and Demolition Debris Management Fund,Chicago Department of Public Health,Transportation and Expense Allowance,0.0,0.0
0B92,41,0319,300.0,300.0,Construction and Demolition Debris Management Fund,Chicago Department of Public Health,Clothing,0.0,0.0
0B92,41,0338,0.0,170336.0,Construction and Demolition Debris Management Fund,Chicago Department of Public Health,LICENSE STICKER TAG AND PLATES,-170336.0,-100.0
0B92,41,0340,473.0,473.0,Construction and Demolition Debris Management Fund,Chicago Department of Public Health,Material and Supplies,0.0,0.0
0B92,41,0350,2550.0,2550.0,Construction and Demolition Debris Management Fund,Chicago Department of Public Health,Stationery and Office Supplies,0.0,0.0
0B92,41,0450,176000.0,176000.0,Construction and Demolition Debris Management Fund,Chicago Department of Public Health,Vehicles,0.0,0.0
0B93,50,9263,13708000.0,13708000.0,Houseshare Surcharge - Homeless Services Fund,Department of Family and Support Services,Homeless Services,0.0,0.0
0B93,99,9713,1192000.0,1192000.0,Houseshare Surcharge - Homeless Services Fund,Finance General,Transfer to Specified Operating Funds for Administration,0.0,0.0
0B94,50,0135,10177040.0,10177040.0,Houseshare Surcharge - Domestic Violence Fund,Department of Family and Support Services,For Delegate Agencies,0.0,0.0
0B94,99,9713,884960.0,884960.0,Houseshare Surcharge - Domestic Violence Fund,Finance General,Transfer to Specified Operating Funds for Administration,0.0,0.0
0D43,54,0005,403256.0,403256.0,Neighborhoods Opportunity Fund,Department of Planning and Development,Salaries and Wages - on Payroll,0.0,0.0
0D43,54,0015,7446.0,7446.0,Neighborhoods Opportunity Fund,Department of Planning and Development,Schedule Salary Adjustments,0.0,0.0
0D43,54,0140,580000.0,580000.0,Neighborhoods Opportunity Fund,Department of Planning and Development,For Professional and Technical Services and Other Third Party Benefit Agreements,0.0,0.0
0D43,54,0149,1000.0,1000.0,Neighborhoods Opportunity Fund,Department of Planning and Development,For Software Maintenance and Licensing,0.0,0.0
0D43,54,0169,7500.0,7500.0,Neighborhoods Opportunity Fund,Department of Planning and Development,Technical Meeting Costs,0.0,0.0
0D43,54,0340,1500.0,1500.0,Neighborhoods Opportunity Fund,Department of Planning and Development,Material and Supplies,0.0,0.0
0D43,54,9103,61209644.0,55325644.0,Neighborhoods Opportunity Fund,Department of Planning and Development,Rehabilitation Loans and Grants,5884000.0,10.635212849939894
0D43,99,0029,9131.0,9131.0,Neighborhoods Opportunity Fund,Finance General,For Health Maintenance Organization Premiums (HMO) Provided to Eligible Employees and Their Families,0.0,0.0
0D43,99,0042,33032.0,33032.0,Neighborhoods Opportunity Fund,Finance General,For the Costs of Claims and Administration for Hospital and Medical Care Provided to Eligible Employees  Provided However  That All Payments to the In...,0.0,0.0
0D43,99,0045,324.0,324.0,Neighborhoods Opportunity Fund,Finance General,For the Cost of Claims and Administration or Premiums for Term Life Insurance,0.0,0.0
0D43,99,0052,613.0,613.0,Neighborhoods Opportunity Fund,Finance General,Costs of Claims and Administration for Hospital and Medical Care to Eligible Annuitants and Their Eligible Dependents,0.0,0.0
0D43,99,0056,1399.0,1399.0,Neighborhoods Opportunity Fund,Finance General,For the Cost of Claims and Administration or Premiums for a Co-Insured Dental Plan for Employees,0.0,0.0
0D43,99,0085,155.0,155.0,Neighborhoods Opportunity Fund,Finance General,City Deferred Compensation Contributions for Union Members,0.0,0.0
0D43,99,9610,201000.0,201000.0,Neighborhoods Opportunity Fund,Finance General,To Reimburse Corporate Fund for Pension Payments,0.0,0.0
0D43,99,9611,1484000.0,1484000.0,Neighborhoods Opportunity Fund,Finance General,To Reimburse the Corporate Fund for Indirect Costs Chargeable to Fund,0.0,0.0
0D44,54,9103,10782000.0,10782000.0,Citywide Adopt-a-landmark Fund,Department of Planning and Development,Rehabilitation Loans and Grants,0.0,0.0
0D45,54,9103,12298000.0,12298000.0,Local Impact Fund,Department of Planning and Development,Rehabilitation Loans and Grants,0.0,0.0
0H26,41,0005,114584.0,114584.0,Resource Conservation and Recovery Act - Subtitle D,Chicago Department of Public Health,Salaries and Wages - on Payroll,0.0,0.0
0H26,41,0015,6415.0,6415.0,Resource Conservation and Recovery Act - Subtitle D,Chicago Department of Public Health,Schedule Salary Adjustments,0.0,0.0
0H26,41,0044,74196.0,74196.0,Resource Conservation and Recovery Act - Subtitle D,Chicago Department of Public Health,Fringe Benefits,0.0,0.0
0H26,41,0140,148805.0,148805.0,Resource Conservation and Recovery Act - Subtitle D,Chicago Department of Public Health,For Professional and Technical Services and Other Third Party Benefit Agreements,0.0,0.0
0H86,41,0140,30000.0,0.0,Summer Food Program,Chicago Department of Public Health,For Professional and Technical Services and Other Third Party Benefit Agreements,30000.0,0.0
0J03,41,0005,1403653.0,1403653.0,Integrated HIV Programs to Support Ending the HIV Epidemic,Chicago Department of Public Health,Salaries and Wages - on Payroll,0.0,0.0
0J03,41,0006,3440750.0,3440750.0,Integrated HIV Programs to Support Ending the HIV Epidemic,Chicago Department of Public Health,Salary Provision,0.0,0.0
0J03,41,0015,13115.0,13115.0,Integrated HIV Programs to Support Ending the HIV Epidemic,Chicago Department of Public Health,Schedule Salary Adjustments,0.0,0.0
0J03,41,0044,972482.0,972482.0,Integrated HIV Programs to Support Ending the HIV Epidemic,Chicago Department of Public Health,Fringe Benefits,0.0,0.0
0J03,41,0135,1800000.0,1800000.0,Integrated HIV Programs to Support Ending the HIV Epidemic,Chicago Department of Public Health,For Delegate Agencies,0.0,0.0
0J32,41,0140,0.0,0.0,Housing Opportunities for People with AIDS (HOPWA),Chicago Department of Public Health,PROFESSIONAL AND TECHNICAL SERVICES,0.0,0.0
0J50,5,0005,108339.0,108339.0,Community Development Block Grant Year L,Office of Budget and Management,Salaries and Wages - on Payroll,0.0,0.0
0J50,5,0039,1502.0,1502.0,Community Development Block Grant Year L,Office of Budget and Management,For the Employment of Students as Trainees,0.0,0.0
0J50,5,0044,69704.0,69704.0,Community Development Block Grant Year L,Office of Budget and Management,Fringe Benefits,0.0,0.0
0J50,5,0140,105188.0,105188.0,Community Development Block Grant Year L,Office of Budget and Management,For Professional and Technical Services and Other Third Party Benefit Agreements,0.0,0.0
0J50,5,0152,10000.0,10000.0,Community Development Block Grant Year L,Office of Budget and Management,Advertising,0.0,0.0
0J50,5,0157,6810.0,6810.0,Community Development Block Grant Year L,Office of Budget and Management,Rental of Equipment and Services,0.0,0.0
0J50,5,0159,2600.0,2600.0,Community Development Block Grant Year L,Office of Budget and Management,Lease Purchase Agreements for Equipment and Machinery,0.0,0.0
0J50,5,0169,10000.0,10000.0,Community Development Block Grant Year L,Office of Budget and Management,Technical Meeting Costs,0.0,0.0
0J50,5,0190,1950.0,1950.0,Community Development Block Grant Year L,Office of Budget and Management,Telephone - Centrex Billings,0.0,0.0
0J50,5,0270,150.0,150.0,Community Development Block Grant Year L,Office of Budget and Management,Local Transportation,0.0,0.0
0J50,5,0348,1624.0,1624.0,Community Development Block Grant Year L,Office of Budget and Management,Books and Related Material,0.0,0.0
0J50,5,0350,3500.0,3500.0,Community Development Block Grant Year L,Office of Budget and Management,Stationery and Office Supplies,0.0,0.0
0J50,5,9438,5000.0,5000.0,Community Development Block Grant Year L,Office of Budget and Management,For Services Provided by the Department of Fleet and Facilities Management,0.0,0.0
0J50,21,0005,1863344.0,1863344.0,Community Development Block Grant Year L,Department of Housing,Salaries and Wages - on Payroll,0.0,0.0
0J50,21,0006,100000.0,100000.0,Community Development Block Grant Year L,Department of Housing,Salary Provision,0.0,0.0
0J50,21,0015,36128.0,36128.0,Community Development Block Grant Year L,Department of Housing,Schedule Salary Adjustments,0.0,0.0
0J50,21,0044,1245546.0,1245546.0,Community Development Block Grant Year L,Department of Housing,Fringe Benefits,0.0,0.0
0J50,21,0135,6000000.0,6000000.0,Community Development Block Grant Year L,Department of Housing,For Delegate Agencies,0.0,0.0
0J50,21,0138,0.0,0.0,Community Development Block Grant Year L,Department of Housing,IT MAINTENANCE,0.0,0.0
0J50,21,0140,1225000.0,1225000.0,Community Development Block Grant Year L,Department of Housing,For Professional and Technical Services and Other Third Party Benefit Agreements,0.0,0.0
0J50,21,0143,25000.0,25000.0,Community Development Block Grant Year L,Department of Housing,Court Reporting,0.0,0.0
0J50,21,0149,4400.0,4400.0,Community Development Block Grant Year L,Department of Housing,For Software Maintenance and Licensing,0.0,0.0
0J50,21,0155,300000.0,300000.0,Community Development Block Grant Year L,Department of Housing,Rental of Property,0.0,0.0
0J50,21,0169,49000.0,49000.0,Community Development Block Grant Year L,Department of Housing,Technical Meeting Costs,0.0,0.0
0J50,21,0340,1000.0,1000.0,Community Development Block Grant Year L,Department of Housing,Material and Supplies,0.0,0.0
0J50,21,0446,0.0,0.0,Community Development Block Grant Year L,Department of Housing,PURCHASE - IT HARDWARE,0.0,0.0
0J50,21,0801,2104378.0,2104378.0,Community Development Block Grant Year L,Department of Housing,Indirect Costs,0.0,0.0
0J50,21,9103,13775000.0,13775000.0,Community Development Block Grant Year L,Department of Housing,Rehabilitation Loans and Grants,0.0,0.0
0J50,21,9126,0.0,0.0,Community Development Block Grant Year L,Department of Housing,HEAT RECEIVERSHIP PGM,0.0,0.0
0J50,21,9264,0.0,0.0,Community Development Block Grant Year L,Department of Housing,EHRP,0.0,0.0
0J50,21,9265,0.0,0.0,Community Development Block Grant Year L,Department of Housing,HOME REPAIR PROGRAM,0.0,0.0
0J50,27,0005,0.0,0.0,Community Development Block Grant Year L,Department of Finance,SALARIES AND WAGES - ON PAYROLL,0.0,0.0
0J50,27,0044,0.0,0.0,Community Development Block Grant Year L,Department of Finance,FRINGE BENEFITS,0.0,0.0
0J50,31,0005,0.0,0.0,Community Development Block Grant Year L,Department of Law,SALARIES AND WAGES - ON PAYROLL,0.0,0.0
0J50,31,0015,0.0,0.0,Community Development Block Grant Year L,Department of Law,SCHEDULE SALARY ADJUSTMENTS,0.0,0.0
0J50,31,0044,0.0,0.0,Community Development Block Grant Year L,Department of Law,FRINGE BENEFITS,0.0,0.0
0J50,38,0005,201996.0,201996.0,Community Development Block Grant Year L,Department of Fleet and Facility Management,Salaries and Wages - on Payroll,0.0,0.0
0J50,38,0015,1818.0,1818.0,Community Development Block Grant Year L,Department of Fleet and Facility Management,Schedule Salary Adjustments,0.0,0.0
0J50,38,0044,153450.0,153450.0,Community Development Block Grant Year L,Department of Fleet and Facility Management,Fringe Benefits,0.0,0.0
0J50,38,0140,163001.0,163001.0,Community Development Block Grant Year L,Department of Fleet and Facility Management,For Professional and Technical Services and Other Third Party Benefit Agreements,0.0,0.0
0J50,41,0005,4658740.0,4658740.0,Community Development Block Grant Year L,Chicago Department of Public Health,Salaries and Wages - on Payroll,0.0,0.0
0J50,41,0015,26112.0,26112.0,Community Development Block Grant Year L,Chicago Department of Public Health,Schedule Salary Adjustments,0.0,0.0
0J50,41,0044,3388423.0,3388423.0,Community Development Block Grant Year L,Chicago Department of Public Health,Fringe Benefits,0.0,0.0
0J50,41,0135,500000.0,500000.0,Community Development Block Grant Year L,Chicago Department of Public Health,For Delegate Agencies,0.0,0.0
0J50,41,0140,395792.0,395792.0,Community Development Block Grant Year L,Chicago Department of Public Health,For Professional and Technical Services and Other Third Party Benefit Agreements,0.0,0.0
0J50,41,0149,35000.0,35000.0,Community Development Block Grant Year L,Chicago Department of Public Health,For Software Maintenance and Licensing,0.0,0.0
0J50,41,0342,96927.0,96927.0,Community Development Block Grant Year L,Chicago Department of Public Health,"Drugs, Medicine and Chemical Materials",0.0,0.0
0J50,41,0801,2526696.0,2526696.0,Community Development Block Grant Year L,Chicago Department of Public Health,Indirect Costs,0.0,0.0
0J50,45,0005,435517.0,435517.0,Community Development Block Grant Year L,Chicago Commission on Human Relations,Salaries and Wages - on Payroll,0.0,0.0
0J50,45,0006,3340.0,3340.0,Community Development Block Grant Year L,Chicago Commission on Human Relations,Salary Provision,0.0,0.0
0J50,45,0015,1608.0,1608.0,Community Development Block Grant Year L,Chicago Commission on Human Relations,Schedule Salary Adjustments,0.0,0.0
0J50,45,0044,335548.0,335548.0,Community Development Block Grant Year L,Chicago Commission on Human Relations,Fringe Benefits,0.0,0.0
0J50,45,0140,8649.0,8649.0,Community Development Block Grant Year L,Chicago Commission on Human Relations,For Professional and Technical Services and Other Third Party Benefit Agreements,0.0,0.0
0J50,45,0143,4000.0,4000.0,Community Development Block Grant Year L,Chicago Commission on Human Relations,Court Reporting,0.0,0.0
0J50,45,0152,8800.0,8800.0,Community Development Block Grant Year L,Chicago Commission on Human Relations,Advertising,0.0,0.0
0J50,45,0153,3200.0,3200.0,Community Development Block Grant Year L,Chicago Commission on Human Relations,Promotions,0.0,0.0
0J50,45,0159,1600.0,1600.0,Community Development Block Grant Year L,Chicago Commission on Human Relations,Lease Purchase Agreements for Equipment and Machinery,0.0,0.0
0J50,45,0169,7000.0,7000.0,Community Development Block Grant Year L,Chicago Commission on Human Relations,Technical Meeting Costs,0.0,0.0
0J50,45,0801,396479.0,396479.0,Community Development Block Grant Year L,Chicago Commission on Human Relations,Indirect Costs,0.0,0.0
0J50,48,0005,386122.0,386122.0,Community Development Block Grant Year L,Mayor's Office for People with Disabilities,Salaries and Wages - on Payroll,0.0,0.0
0J50,48,0015,3304.0,3304.0,Community Development Block Grant Year L,Mayor's Office for People with Disabilities,Schedule Salary Adjustments,0.0,0.0
0J50,48,0039,4304.0,4304.0,Community Development Block Grant Year L,Mayor's Office for People with Disabilities,For the Employment of Students as Trainees,0.0,0.0
0J50,48,0044,250024.0,250024.0,Community Development Block Grant Year L,Mayor's Office for People with Disabilities,Fringe Benefits,0.0,0.0
0J50,48,0135,1696000.0,1696000.0,Community Development Block Grant Year L,Mayor's Office for People with Disabilities,For Delegate Agencies,0.0,0.0
0J50,48,0138,88321.0,88321.0,Community Development Block Grant Year L,Mayor's Office for People with Disabilities,For Professional Services for Information Technology Maintenance,0.0,0.0
0J50,48,0140,1025000.0,1025000.0,Community Development Block Grant Year L,Mayor's Office for People with Disabilities,For Professional and Technical Services and Other Third Party Benefit Agreements,0.0,0.0
0J50,48,0270,340.0,340.0,Community Development Block Grant Year L,Mayor's Office for People with Disabilities,Local Transportation,0.0,0.0
0J50,48,0340,1382.0,1382.0,Community Development Block Grant Year L,Mayor's Office for People with Disabilities,Material and Supplies,0.0,0.0
0J50,48,0348,600.0,600.0,Community Development Block Grant Year L,Mayor's Office for People with Disabilities,Books and Related Material,0.0,0.0
0J50,48,0350,3790.0,3790.0,Community Development Block Grant Year L,Mayor's Office for People with Disabilities,Stationery and Office Supplies,0.0,0.0
0J50,48,0446,5925.0,5925.0,Community Development Block Grant Year L,Mayor's Office for People with Disabilities,For the Purchase of IT and Data Communication Hardware,0.0,0.0
0J50,48,0801,443968.0,443968.0,Community Development Block Grant Year L,Mayor's Office for People with Disabilities,Indirect Costs,0.0,0.0
0J50,50,0005,1185756.0,1185756.0,Community Development Block Grant Year L,Department of Family and Support Services,Salaries and Wages - on Payroll,0.0,0.0
0J50,50,0006,51197.0,51197.0,Community Development Block Grant Year L,Department of Family and Support Services,Salary Provision,0.0,0.0
0J50,50,0012,1663.0,1663.0,Community Development Block Grant Year L,Department of Family and Support Services,Contract Wage Increment - Prevailing Rate,0.0,0.0
0J50,50,0015,15001.0,15001.0,Community Development Block Grant Year L,Department of Family and Support Services,Schedule Salary Adjustments,0.0,0.0
0J50,50,0044,834948.0,834948.0,Community Development Block Grant Year L,Department of Family and Support Services,Fringe Benefits,0.0,0.0
0J50,50,0125,4500.0,4500.0,Community Development Block Grant Year L,Department of Family and Support Services,Office and Building Services,0.0,0.0
0J50,50,0135,8613843.0,8613843.0,Community Development Block Grant Year L,Department of Family and Support Services,For Delegate Agencies,0.0,0.0
0J50,50,0140,239808.0,239808.0,Community Development Block Grant Year L,Department of Family and Support Services,For Professional and Technical Services and Other Third Party Benefit Agreements,0.0,0.0
0J50,50,0152,500.0,500.0,Community Development Block Grant Year L,Department of Family and Support Services,Advertising,0.0,0.0
0J50,50,0157,200.0,200.0,Community Development Block Grant Year L,Department of Family and Support Services,Rental of Equipment and Services,0.0,0.0
0J50,50,0159,22625.0,22625.0,Community Development Block Grant Year L,Department of Family and Support Services,Lease Purchase Agreements for Equipment and Machinery,0.0,0.0
0J50,50,0166,69355.0,69355.0,Community Development Block Grant Year L,Department of Family and Support Services,"Dues, Subscriptions and Memberships",0.0,0.0
0J50,50,0169,5026.0,5026.0,Community Development Block Grant Year L,Department of Family and Support Services,Technical Meeting Costs,0.0,0.0
0J50,50,0190,135000.0,135000.0,Community Development Block Grant Year L,Department of Family and Support Services,Telephone - Centrex Billings,0.0,0.0
0J50,50,0197,16000.0,16000.0,Community Development Block Grant Year L,Department of Family and Support Services,Telephone - Maintenance and Repair of Equipment and Voicemail,0.0,0.0
0J50,50,0270,450.0,450.0,Community Development Block Grant Year L,Department of Family and Support Services,Local Transportation,0.0,0.0
0J50,50,0340,3775.0,3775.0,Community Development Block Grant Year L,Department of Family and Support Services,Material and Supplies,0.0,0.0
0J50,50,0350,2400.0,2400.0,Community Development Block Grant Year L,Department of Family and Support Services,Stationery and Office Supplies,0.0,0.0
0J50,50,0801,1305297.0,1305297.0,Community Development Block Grant Year L,Department of Family and Support Services,Indirect Costs,0.0,0.0
0J50,50,9438,13148.0,13148.0,Community Development Block Grant Year L,Department of Family and Support Services,For Services Provided by the Department of Fleet and Facilities Management,0.0,0.0
0J50,54,0005,985793.0,985793.0,Community Development Block Grant Year L,Department of Planning and Development,Salaries and Wages - on Payroll,0.0,0.0
0J50,54,0015,5471.0,5471.0,Community Development Block Grant Year L,Department of Planning and Development,Schedule Salary Adjustments,0.0,0.0
0J50,54,0044,656168.0,656168.0,Community Development Block Grant Year L,Department of Planning and Development,Fringe Benefits,0.0,0.0
0J50,54,0130,30000.0,30000.0,Community Development Block Grant Year L,Department of Planning and Development,Postage,0.0,0.0
0J50,54,0140,50000.0,50000.0,Community Development Block Grant Year L,Department of Planning and Development,For Professional and Technical Services and Other Third Party Benefit Agreements,0.0,0.0
0J50,54,0169,0.0,0.0,Community Development Block Grant Year L,Department of Planning and Development,TECHNICAL MEETING COSTS,0.0,0.0
0J50,54,0801,597882.0,597882.0,Community Development Block Grant Year L,Department of Planning and Development,Indirect Costs,0.0,0.0
0J50,67,0005,0.0,0.0,Community Development Block Grant Year L,Department of Buildings,SALARIES AND WAGES - ON PAYROLL,0.0,0.0
0J50,67,0015,0.0,0.0,Community Development Block Grant Year L,Department of Buildings,SCHEDULE SALARY ADJUSTMENTS,0.0,0.0
0J50,67,0020,0.0,0.0,Community Development Block Grant Year L,Department of Buildings,OVERTIME,0.0,0.0
0J50,67,0044,0.0,0.0,Community Development Block Grant Year L,Department of Buildings,FRINGE BENEFITS,0.0,0.0
0J50,67,0140,0.0,0.0,Community Development Block Grant Year L,Department of Buildings,PROFESSIONAL AND TECHNICAL SERVICES,0.0,0.0
0J50,67,0162,0.0,0.0,Community Development Block Grant Year L,Department of Buildings,REPAIR/MAINT EQUIPMENT,0.0,0.0
0J50,67,0181,0.0,0.0,Community Development Block Grant Year L,Department of Buildings,MOBILE COMMUNICATION SERVICES,0.0,0.0
0J50,67,0229,0.0,0.0,Community Development Block Grant Year L,Department of Buildings,TRANSPORTATION AND EXPENSE ALLOWANCE,0.0,0.0
0J50,84,0140,0.0,0.0,Community Development Block Grant Year L,Chicago Department of Transportation,PROFESSIONAL AND TECHNICAL SERVICES,0.0,0.0
0J50,88,0140,0.0,0.0,Community Development Block Grant Year L,Department of Water Management,PROFESSIONAL AND TECHNICAL SERVICES,0.0,0.0
0J50,88,0540,23000000.0,23000000.0,Community Development Block Grant Year L,Department of Water Management,Construction of Buildings and Other Structures,0.0,0.0
0J63,5,0140,0.0,0.0,Community Development Block Grant - Disaster Recovery,Office of Budget and Management,PROFESSIONAL AND TECHNICAL SERVICES,0.0,0.0
0J68,41,0005,1058914.0,1058914.0,Ending the HIV Epidemic - A Plan for America - Ryan White HIV/AIDS,Chicago Department of Public Health,Salaries and Wages - on Payroll,0.0,0.0
0J68,41,0015,8898.0,8898.0,Ending the HIV Epidemic - A Plan for America - Ryan White HIV/AIDS,Chicago Department of Public Health,Schedule Salary Adjustments,0.0,0.0
0J68,41,0044,739227.0,739227.0,Ending the HIV Epidemic - A Plan for America - Ryan White HIV/AIDS,Chicago Department of Public Health,Fringe Benefits,0.0,0.0
0J68,41,0135,6239476.0,5314488.0,Ending the HIV Epidemic - A Plan for America - Ryan White HIV/AIDS,Chicago Department of Public Health,For Delegate Agencies,924988.0,17.40502565816312
0J68,41,0801,878473.0,878473.0,Ending the HIV Epidemic - A Plan for America - Ryan White HIV/AIDS,Chicago Department of Public Health,Indirect Costs,0.0,0.0
0J87,48,0140,82000.0,298000.0,CHA Home Modification Program,Mayor's Office for People with Disabilities,For Professional and Technical Services and Other Third Party Benefit Agreements,-216000.0,-72.48322147651007
0K51,21,0135,10000000.0,10000000.0,Low Income Housing Trust Fund,Department of Housing,For Delegate Agencies,0.0,0.0
0K51,21,0938,0.0,0.0,Low Income Housing Trust Fund,Department of Housing,LOW INCOME HOUSING,0.0,0.0
0L26,50,0135,375000.0,375000.0,Assistance Grants for Victims of Human Trafficking,Department of Family and Support Services,For Delegate Agencies,0.0,0.0
0L32,84,0540,690507.0,690507.0,Congestion Mitigation Air Quality - Federal,Chicago Department of Transportation,Construction of Buildings and Other Structures,0.0,0.0
0L37,84,0540,35317.0,35317.0,Cook County Highway,Chicago Department of Transportation,Construction of Buildings and Other Structures,0.0,0.0
0L48,84,0540,172627.0,172627.0,Surface Transportation Program - Federal - Construction,Chicago Department of Transportation,Construction of Buildings and Other Structures,0.0,0.0
0L64,84,0540,1094000.0,1094000.0,Enhanced Mobility of Seniors and Individuals with Disabilities,Chicago Department of Transportation,Construction of Buildings and Other Structures,0.0,0.0
0L73,84,0540,0.0,0.0,Congestion Mitigation Air Quality - Federal,Chicago Department of Transportation,CONSTRUCTION OF BUILDINGS AND STRUCTURES,0.0,0.0
0L74,84,0540,154700.0,154700.0,Cook County Highway Program,Chicago Department of Transportation,Construction of Buildings and Other Structures,0.0,0.0
0L76,84,0540,0.0,0.0,High Priority / SAFETEA - LU - Federal,Chicago Department of Transportation,CONSTRUCTION OF BUILDINGS AND STRUCTURES,0.0,0.0
0L77,84,0540,0.0,0.0,Highway Safety Improvement,Chicago Department of Transportation,CONSTRUCTION OF BUILDINGS AND STRUCTURES,0.0,0.0
0L85,84,0540,1473942.0,1473942.0,State Only Chicago Commitment,Chicago Department of Transportation,Construction of Buildings and Other Structures,0.0,0.0
0L87,84,0540,1947529.0,1947529.0,Surface Transportation Program - Construction,Chicago Department of Transportation,Construction of Buildings and Other Structures,0.0,0.0
0L89,84,0540,0.0,0.0,Transportation Alternatives,Chicago Department of Transportation,CONSTRUCTION OF BUILDINGS AND STRUCTURES,0.0,0.0
0L93,84,0540,194893.0,194893.0,Federal Railroad Administration,Chicago Department of Transportation,Construction of Buildings and Other Structures,0.0,0.0
0L94,84,0540,1611600.0,1611600.0,New Freedom,Chicago Department of Transportation,Construction of Buildings and Other Structures,0.0,0.0
0L98,84,0540,217189572.0,217189572.0,IDOT Transportation Funds,Chicago Department of Transportation,Construction of Buildings and Other Structures,0.0,0.0
0L99,84,0540,2318999.0,2318999.0,National Priority Safety,Chicago Department of Transportation,Construction of Buildings and Other Structures,0.0,0.0
0M09,84,0140,500000.0,500000.0,Federal/State Transportation Project,Chicago Department of Transportation,For Professional and Technical Services and Other Third Party Benefit Agreements,0.0,0.0
0M85,84,0540,0.0,0.0,Create Economic Benefits Study,Chicago Department of Transportation,CONSTRUCTION OF BUILDINGS AND STRUCTURES,0.0,0.0
0M88,84,0540,0.0,0.0,Congestion Mitigation Air Quality - Federal,Chicago Department of Transportation,CONSTRUCTION OF BUILDINGS AND STRUCTURES,0.0,0.0
0M93,84,0540,1100202.0,1100202.0,Surface Transportation Program - Construction,Chicago Department of Transportation,Construction of Buildings and Other Structures,0.0,0.0
0N00,57,0005,57508.0,57508.0,Improving CPD's Response to Domestic Violence  Sexual Assault  and Stalking,Chicago Police Department,Salaries and Wages - on Payroll,0.0,0.0
0N00,57,0015,1512.0,1512.0,Improving CPD's Response to Domestic Violence  Sexual Assault  and Stalking,Chicago Police Department,Schedule Salary Adjustments,0.0,0.0
0N00,57,0044,42495.0,42495.0,Improving CPD's Response to Domestic Violence  Sexual Assault  and Stalking,Chicago Police Department,Fringe Benefits,0.0,0.0
0N00,57,0140,440485.0,440485.0,Improving CPD's Response to Domestic Violence  Sexual Assault  and Stalking,Chicago Police Department,For Professional and Technical Services and Other Third Party Benefit Agreements,0.0,0.0
0N12,50,0140,0.0,0.0,Emergency Pet Preservation Program,Department of Family and Support Services,PROFESSIONAL AND TECHNICAL SERVICES,0.0,0.0
0N74,57,0991,0.0,0.0,Cops Hiring Program,Chicago Police Department,MATCHING AND SUPPLEMENTAL GRANTS,0.0,0.0
0P20,70,0005,786314.0,786314.0,Illinois Department of Commerce and Economic Opportunity,Department of Business Affairs and Consumer Protection,Salaries and Wages - on Payroll,0.0,0.0
0P20,70,0015,16735.0,16735.0,Illinois Department of Commerce and Economic Opportunity,Department of Business Affairs and Consumer Protection,Schedule Salary Adjustments,0.0,0.0
0P20,70,0044,517113.0,517113.0,Illinois Department of Commerce and Economic Opportunity,Department of Business Affairs and Consumer Protection,Fringe Benefits,0.0,0.0
0P20,70,0138,17259.0,17259.0,Illinois Department of Commerce and Economic Opportunity,Department of Business Affairs and Consumer Protection,For Professional Services for Information Technology Maintenance,0.0,0.0
0P20,70,0140,25978.0,25978.0,Illinois Department of Commerce and Economic Opportunity,Department of Business Affairs and Consumer Protection,For Professional and Technical Services and Other Third Party Benefit Agreements,0.0,0.0
0P20,70,0446,140434.0,140434.0,Illinois Department of Commerce and Economic Opportunity,Department of Business Affairs and Consumer Protection,For the Purchase of IT and Data Communication Hardware,0.0,0.0
0P20,70,9046,5961642.0,5961642.0,Illinois Department of Commerce and Economic Opportunity,Department of Business Affairs and Consumer Protection,For Operations and Maintenance Reserve,0.0,0.0
0P20,70,9470,534525.0,534525.0,Illinois Department of Commerce and Economic Opportunity,Department of Business Affairs and Consumer Protection,For Services Provided by Business Affairs and Consumer Protection,0.0,0.0
0P72,23,0140,8640000.0,8640000.0,DCASE - Private Grants,Department of Cultural Affairs and Special Events,For Professional and Technical Services and Other Third Party Benefit Agreements,0.0,0.0
0P72,23,0991,0.0,0.0,DCASE - Private Grants,Department of Cultural Affairs and Special Events,MATCHING AND SUPPLEMENTAL GRANTS,0.0,0.0
0P87,51,0140,2413000.0,2413000.0,CPD - Private Grants,Office of Public Safety Administration,For Professional and Technical Services and Other Third Party Benefit Agreements,0.0,0.0
0P87,57,0140,113000.0,113000.0,CPD - Private Grants,Chicago Police Department,For Professional and Technical Services and Other Third Party Benefit Agreements,0.0,0.0
0P87,58,0140,105000.0,105000.0,CPD - Private Grants,Office of Emergency Management and Communications,For Professional and Technical Services and Other Third Party Benefit Agreements,0.0,0.0
0P87,59,0140,100000.0,100000.0,CPD - Private Grants,Chicago Fire Department,For Professional and Technical Services and Other Third Party Benefit Agreements,0.0,0.0
0U00,41,0005,182650.0,182650.0,Lead Hazard Reduction Demonstration,Chicago Department of Public Health,Salaries and Wages - on Payroll,0.0,0.0
0U00,41,0015,1512.0,1512.0,Lead Hazard Reduction Demonstration,Chicago Department of Public Health,Schedule Salary Adjustments,0.0,0.0
0U00,41,0044,123527.0,123527.0,Lead Hazard Reduction Demonstration,Chicago Department of Public Health,Fringe Benefits,0.0,0.0
0U00,41,0140,8264311.0,8264311.0,Lead Hazard Reduction Demonstration,Chicago Department of Public Health,For Professional and Technical Services and Other Third Party Benefit Agreements,0.0,0.0
0U09,41,0005,656682.0,656682.0,Hospital Preparedness Program (HPP),Chicago Department of Public Health,Salaries and Wages - on Payroll,0.0,0.0
0U09,41,0006,292367.0,292367.0,Hospital Preparedness Program (HPP),Chicago Department of Public Health,Salary Provision,0.0,0.0
0U09,41,0015,7597.0,7597.0,Hospital Preparedness Program (HPP),Chicago Department of Public Health,Schedule Salary Adjustments,0.0,0.0
0U09,41,0044,425219.0,425219.0,Hospital Preparedness Program (HPP),Chicago Department of Public Health,Fringe Benefits,0.0,0.0
0U09,41,0135,2025794.0,2025794.0,Hospital Preparedness Program (HPP),Chicago Department of Public Health,For Delegate Agencies,0.0,0.0
0U09,41,0140,462027.0,462027.0,Hospital Preparedness Program (HPP),Chicago Department of Public Health,For Professional and Technical Services and Other Third Party Benefit Agreements,0.0,0.0
0U09,41,0270,11830.0,11830.0,Hospital Preparedness Program (HPP),Chicago Department of Public Health,Local Transportation,0.0,0.0
0U09,41,0340,2455.0,2455.0,Hospital Preparedness Program (HPP),Chicago Department of Public Health,Material and Supplies,0.0,0.0
0U09,41,0446,764.0,764.0,Hospital Preparedness Program (HPP),Chicago Department of Public Health,For the Purchase of IT and Data Communication Hardware,0.0,0.0
0U09,41,0801,230265.0,230265.0,Hospital Preparedness Program (HPP),Chicago Department of Public Health,Indirect Costs,0.0,0.0
0U10,6,0006,387710.0,387710.0,Public Health Emergency Preparedness (PHEP),Department of Technology and Innovation,Salary Provision,0.0,0.0
0U10,38,0005,0.0,0.0,Public Health Emergency Preparedness (PHEP),Department of Fleet and Facility Management,SALARIES AND WAGES - ON PAYROLL,0.0,0.0
0U10,38,0006,0.0,0.0,Public Health Emergency Preparedness (PHEP),Department of Fleet and Facility Management,SALARY PROVISION,0.0,0.0
0U10,38,0044,0.0,0.0,Public Health Emergency Preparedness (PHEP),Department of Fleet and Facility Management,FRINGE BENEFITS,0.0,0.0
0U10,41,0005,3062015.0,3062015.0,Public Health Emergency Preparedness (PHEP),Chicago Department of Public Health,Salaries and Wages - on Payroll,0.0,0.0
0U10,41,0006,200952.0,200952.0,Public Health Emergency Preparedness (PHEP),Chicago Department of Public Health,Salary Provision,0.0,0.0
0U10,41,0015,25126.0,25126.0,Public Health Emergency Preparedness (PHEP),Chicago Department of Public Health,Schedule Salary Adjustments,0.0,0.0
0U10,41,0044,2017839.0,2017839.0,Public Health Emergency Preparedness (PHEP),Chicago Department of Public Health,Fringe Benefits,0.0,0.0
0U10,41,0140,6629727.0,6629727.0,Public Health Emergency Preparedness (PHEP),Chicago Department of Public Health,For Professional and Technical Services and Other Third Party Benefit Agreements,0.0,0.0
0U10,41,0270,11394.0,11394.0,Public Health Emergency Preparedness (PHEP),Chicago Department of Public Health,Local Transportation,0.0,0.0
0U10,41,0340,165455.0,165455.0,Public Health Emergency Preparedness (PHEP),Chicago Department of Public Health,Material and Supplies,0.0,0.0
0U10,41,0342,17485.0,17485.0,Public Health Emergency Preparedness (PHEP),Chicago Department of Public Health,"Drugs, Medicine and Chemical Materials",0.0,0.0
0U10,41,0801,1235007.0,1235007.0,Public Health Emergency Preparedness (PHEP),Chicago Department of Public Health,Indirect Costs,0.0,0.0
0U23,41,0005,4695029.0,4695029.0,Immunizations and Vaccines for Children,Chicago Department of Public Health,Salaries and Wages - on Payroll,0.0,0.0
0U23,41,0015,58176.0,58176.0,Immunizations and Vaccines for Children,Chicago Department of Public Health,Schedule Salary Adjustments,0.0,0.0
0U23,41,0020,85744.0,85744.0,Immunizations and Vaccines for Children,Chicago Department of Public Health,Overtime,0.0,0.0
0U23,41,0044,3142025.0,3142025.0,Immunizations and Vaccines for Children,Chicago Department of Public Health,Fringe Benefits,0.0,0.0
0U23,41,0135,0.0,0.0,Immunizations and Vaccines for Children,Chicago Department of Public Health,DELEGATE AGENCIES,0.0,0.0
0U23,41,0140,28252399.0,25019128.0,Immunizations and Vaccines for Children,Chicago Department of Public Health,For Professional and Technical Services and Other Third Party Benefit Agreements,3233271.0,12.923196204120305
0U23,41,0340,32898.0,32898.0,Immunizations and Vaccines for Children,Chicago Department of Public Health,Material and Supplies,0.0,0.0
0U23,41,0801,940000.0,940000.0,Immunizations and Vaccines for Children,Chicago Department of Public Health,Indirect Costs,0.0,0.0
0U23,70,0140,0.0,0.0,Immunizations and Vaccines for Children,Department of Business Affairs and Consumer Protection,PROFESSIONAL AND TECHNICAL SERVICES,0.0,0.0
0U27,41,0005,168643.0,168643.0,Morbidity and Risk Behavior Surveillance / Medical Monitoring Project,Chicago Department of Public Health,Salaries and Wages - on Payroll,0.0,0.0
0U27,41,0006,523532.0,523532.0,Morbidity and Risk Behavior Surveillance / Medical Monitoring Project,Chicago Department of Public Health,Salary Provision,0.0,0.0
0U27,41,0044,113781.0,113781.0,Morbidity and Risk Behavior Surveillance / Medical Monitoring Project,Chicago Department of Public Health,Fringe Benefits,0.0,0.0
0U27,41,0140,669044.0,669044.0,Morbidity and Risk Behavior Surveillance / Medical Monitoring Project,Chicago Department of Public Health,For Professional and Technical Services and Other Third Party Benefit Agreements,0.0,0.0
0U27,41,0270,6000.0,6000.0,Morbidity and Risk Behavior Surveillance / Medical Monitoring Project,Chicago Department of Public Health,Local Transportation,0.0,0.0
0U27,41,0801,222000.0,222000.0,Morbidity and Risk Behavior Surveillance / Medical Monitoring Project,Chicago Department of Public Health,Indirect Costs,0.0,0.0
0U36,41,0005,460232.0,460232.0,Tuberculosis Control,Chicago Department of Public Health,Salaries and Wages - on Payroll,0.0,0.0
0U36,41,0006,716583.0,716583.0,Tuberculosis Control,Chicago Department of Public Health,Salary Provision,0.0,0.0
0U36,41,0015,3474.0,3474.0,Tuberculosis Control,Chicago Department of Public Health,Schedule Salary Adjustments,0.0,0.0
0U36,41,0044,309002.0,309002.0,Tuberculosis Control,Chicago Department of Public Health,Fringe Benefits,0.0,0.0
0U36,41,0140,693709.0,693709.0,Tuberculosis Control,Chicago Department of Public Health,For Professional and Technical Services and Other Third Party Benefit Agreements,0.0,0.0
0U36,41,0270,20000.0,20000.0,Tuberculosis Control,Chicago Department of Public Health,Local Transportation,0.0,0.0
0U36,41,0340,10000.0,10000.0,Tuberculosis Control,Chicago Department of Public Health,Material and Supplies,0.0,0.0
0U40,41,0005,2874127.0,2874127.0,Integrated HIV Surveillance and Protection,Chicago Department of Public Health,Salaries and Wages - on Payroll,0.0,0.0
0U40,41,0015,25917.0,25917.0,Integrated HIV Surveillance and Protection,Chicago Department of Public Health,Schedule Salary Adjustments,0.0,0.0
0U40,41,0020,6858.0,6858.0,Integrated HIV Surveillance and Protection,Chicago Department of Public Health,Overtime,0.0,0.0
0U40,41,0044,1938506.0,1938506.0,Integrated HIV Surveillance and Protection,Chicago Department of Public Health,Fringe Benefits,0.0,0.0
0U40,41,0135,6503997.0,6503997.0,Integrated HIV Surveillance and Protection,Chicago Department of Public Health,For Delegate Agencies,0.0,0.0
0U40,41,0340,139113.0,139113.0,Integrated HIV Surveillance and Protection,Chicago Department of Public Health,Material and Supplies,0.0,0.0
0U40,41,0801,441482.0,441482.0,Integrated HIV Surveillance and Protection,Chicago Department of Public Health,Indirect Costs,0.0,0.0
0U44,41,0140,0.0,0.0,Lead Hazard Reduction,Chicago Department of Public Health,PROFESSIONAL AND TECHNICAL SERVICES,0.0,0.0
0U52,41,0005,18088003.0,18088003.0,Building Epidemiology and Health It Capacity,Chicago Department of Public Health,Salaries and Wages - on Payroll,0.0,0.0
0U52,41,0006,2001602.0,2001602.0,Building Epidemiology and Health It Capacity,Chicago Department of Public Health,Salary Provision,0.0,0.0
0U52,41,0015,174926.0,174926.0,Building Epidemiology and Health It Capacity,Chicago Department of Public Health,Schedule Salary Adjustments,0.0,0.0
0U52,41,0044,12127669.0,12127669.0,Building Epidemiology and Health It Capacity,Chicago Department of Public Health,Fringe Benefits,0.0,0.0
0U52,41,0140,174559240.0,174559240.0,Building Epidemiology and Health It Capacity,Chicago Department of Public Health,For Professional and Technical Services and Other Third Party Benefit Agreements,0.0,0.0
0U52,41,0270,246564.0,246564.0,Building Epidemiology and Health It Capacity,Chicago Department of Public Health,Local Transportation,0.0,0.0
0U52,41,0340,1280442.0,1280442.0,Building Epidemiology and Health It Capacity,Chicago Department of Public Health,Material and Supplies,0.0,0.0
0U52,41,0801,15993302.0,15993302.0,Building Epidemiology and Health It Capacity,Chicago Department of Public Health,Indirect Costs,0.0,0.0
0U65,41,0005,956648.0,956648.0,Sexually Transmitted Disease Prevention,Chicago Department of Public Health,Salaries and Wages - on Payroll,0.0,0.0
0U65,41,0015,3371.0,3371.0,Sexually Transmitted Disease Prevention,Chicago Department of Public Health,Schedule Salary Adjustments,0.0,0.0
0U65,41,0044,637022.0,637022.0,Sexually Transmitted Disease Prevention,Chicago Department of Public Health,Fringe Benefits,0.0,0.0
0U65,41,0135,1954100.0,1702959.0,Sexually Transmitted Disease Prevention,Chicago Department of Public Health,For Delegate Agencies,251141.0,14.747330969213
0U86,41,0005,0.0,0.0,Overdose Data to Action,Chicago Department of Public Health,SALARIES AND WAGES - ON PAYROLL,0.0,0.0
0U86,41,0015,0.0,0.0,Overdose Data to Action,Chicago Department of Public Health,SCHEDULE SALARY ADJUSTMENTS,0.0,0.0
0U86,41,0044,0.0,0.0,Overdose Data to Action,Chicago Department of Public Health,FRINGE BENEFITS,0.0,0.0
0U86,41,0140,0.0,0.0,Overdose Data to Action,Chicago Department of Public Health,PROFESSIONAL AND TECHNICAL SERVICES,0.0,0.0
0U94,58,0140,0.0,0.0,Port Security,Office of Emergency Management and Communications,PROFESSIONAL AND TECHNICAL SERVICES,0.0,0.0
0V24,21,9103,86000.0,86000.0,Home Program,Department of Housing,Rehabilitation Loans and Grants,0.0,0.0
0V35,59,0005,147840.0,147840.0,Securing the Cities,Chicago Fire Department,Salaries and Wages - on Payroll,0.0,0.0
0V35,59,0006,475091.0,475091.0,Securing the Cities,Chicago Fire Department,Salary Provision,0.0,0.0
0V35,59,0015,1618.0,1618.0,Securing the Cities,Chicago Fire Department,Schedule Salary Adjustments,0.0,0.0
0V35,59,0020,264000.0,264000.0,Securing the Cities,Chicago Fire Department,Overtime,0.0,0.0
0V35,59,0044,95730.0,95730.0,Securing the Cities,Chicago Fire Department,Fringe Benefits,0.0,0.0
0V35,59,0140,5024721.0,5024721.0,Securing the Cities,Chicago Fire Department,For Professional and Technical Services and Other Third Party Benefit Agreements,0.0,0.0
0V35,59,0181,4000.0,4000.0,Securing the Cities,Chicago Fire Department,Mobile Communication Services,0.0,0.0
0V35,59,0340,34000.0,34000.0,Securing the Cities,Chicago Fire Department,Material and Supplies,0.0,0.0
0V35,59,0421,3863000.0,3863000.0,Securing the Cities,Chicago Fire Department,Machinery and Equipment,0.0,0.0
0V35,59,0801,325000.0,325000.0,Securing the Cities,Chicago Fire Department,Indirect Costs,0.0,0.0
0V47,21,9103,119000.0,119000.0,Home Investment Partnership,Department of Housing,Rehabilitation Loans and Grants,0.0,0.0
0V50,57,0135,0.0,0.0,Edward Byrne Memorial Justice Assistance,Chicago Police Department,DELEGATE AGENCIES,0.0,0.0
0V50,57,0140,0.0,0.0,Edward Byrne Memorial Justice Assistance,Chicago Police Department,PROFESSIONAL AND TECHNICAL SERVICES,0.0,0.0
0V50,57,0149,0.0,0.0,Edward Byrne Memorial Justice Assistance,Chicago Police Department,SOFTWARE MAINTENANCE AND LICENSING,0.0,0.0
0V50,57,0229,0.0,0.0,Edward Byrne Memorial Justice Assistance,Chicago Police Department,TRANSPORTATION AND EXPENSE ALLOWANCE,0.0,0.0
0V50,57,0340,0.0,0.0,Edward Byrne Memorial Justice Assistance,Chicago Police Department,MATERIAL AND SUPPLIES,0.0,0.0
0V50,57,0421,0.0,0.0,Edward Byrne Memorial Justice Assistance,Chicago Police Department,MACHINERY AND EQUIPMENT,0.0,0.0
0V50,57,0801,0.0,0.0,Edward Byrne Memorial Justice Assistance,Chicago Police Department,INDIRECT COSTS,0.0,0.0
0V63,58,0140,0.0,0.0,Port Security,Office of Emergency Management and Communications,PROFESSIONAL AND TECHNICAL SERVICES,0.0,0.0
0V75,57,0140,0.0,0.0,First Responders Comprehensive Addiction and Recovery,Chicago Police Department,PROFESSIONAL AND TECHNICAL SERVICES,0.0,0.0
0V89,57,0140,0.0,0.0,Justice and Mental Health Collaboration,Chicago Police Department,PROFESSIONAL AND TECHNICAL SERVICES,0.0,0.0
0V99,51,0005,91247.0,91247.0,Edward Byrne Memorial Justice Assistance Grant (JAG),Office of Public Safety Administration,Salaries and Wages - on Payroll,0.0,0.0
0V99,51,0006,742.0,742.0,Edward Byrne Memorial Justice Assistance Grant (JAG),Office of Public Safety Administration,Salary Provision,0.0,0.0
0V99,51,0044,69011.0,69011.0,Edward Byrne Memorial Justice Assistance Grant (JAG),Office of Public Safety Administration,Fringe Benefits,0.0,0.0
0V99,57,0006,1787000.0,1787000.0,Edward Byrne Memorial Justice Assistance Grant (JAG),Chicago Police Department,Salary Provision,0.0,0.0
0V99,57,0135,0.0,0.0,Edward Byrne Memorial Justice Assistance Grant (JAG),Chicago Police Department,DELEGATE AGENCIES,0.0,0.0
0V99,57,0140,0.0,0.0,Edward Byrne Memorial Justice Assistance Grant (JAG),Chicago Police Department,PROFESSIONAL AND TECHNICAL SERVICES,0.0,0.0
0V99,57,0229,0.0,0.0,Edward Byrne Memorial Justice Assistance Grant (JAG),Chicago Police Department,TRANSPORTATION AND EXPENSE ALLOWANCE,0.0,0.0
0V99,57,0340,0.0,0.0,Edward Byrne Memorial Justice Assistance Grant (JAG),Chicago Police Department,MATERIAL AND SUPPLIES,0.0,0.0
0V99,57,0801,0.0,0.0,Edward Byrne Memorial Justice Assistance Grant (JAG),Chicago Police Department,INDIRECT COSTS,0.0,0.0
0W01,84,0540,28047000.0,28047000.0,Chicago Transit Authority Infrastructure Improvement,Chicago Department of Transportation,Construction of Buildings and Other Structures,0.0,0.0
0W02,84,0540,140283404.0,140283404.0,Congestion Mitigation Air Quality (CMAQ),Chicago Department of Transportation,Construction of Buildings and Other Structures,0.0,0.0
0W03,84,0540,45739652.0,45739652.0,Cook County Highway Program,Chicago Department of Transportation,Construction of Buildings and Other Structures,0.0,0.0
0W05,84,0540,2283284.0,2283284.0,High Priority Project Program,Chicago Department of Transportation,Construction of Buildings and Other Structures,0.0,0.0
0W06,84,0540,3983927.0,3983927.0,Highway Safety Improvement Program,Chicago Department of Transportation,Construction of Buildings and Other Structures,0.0,0.0
0W11,84,0540,2506559.0,2506559.0,Illinois Transportation Enhancement Program,Chicago Department of Transportation,Construction of Buildings and Other Structures,0.0,0.0
0W13,84,0540,258600.0,258600.0,Safe Routes to School,Chicago Department of Transportation,Construction of Buildings and Other Structures,0.0,0.0
0W15,84,0540,3910994.0,3910994.0,State Planning and Research,Chicago Department of Transportation,Construction of Buildings and Other Structures,0.0,0.0
0W16,84,0540,228423275.0,228423275.0,Surface Transportation Program (STP),Chicago Department of Transportation,Construction of Buildings and Other Structures,0.0,0.0
0W18,84,0540,6535661.0,6535661.0,Transportation Alternative,Chicago Department of Transportation,Construction of Buildings and Other Structures,0.0,0.0
0W20,84,0991,291259.0,291259.0,Transportation Planning,Chicago Department of Transportation,To Provide for Matching and Supplementary Grant Funds Currently in Effect as Well as New Grants,0.0,0.0
0W21,84,0005,262621.0,262621.0,Uniform Work Program,Chicago Department of Transportation,Salaries and Wages - on Payroll,0.0,0.0
0W21,84,0015,2824.0,2824.0,Uniform Work Program,Chicago Department of Transportation,Schedule Salary Adjustments,0.0,0.0
0W21,84,0044,170055.0,170055.0,Uniform Work Program,Chicago Department of Transportation,Fringe Benefits,0.0,0.0
0W21,84,0140,1304500.0,1304500.0,Uniform Work Program,Chicago Department of Transportation,For Professional and Technical Services and Other Third Party Benefit Agreements,0.0,0.0
0W22,84,0540,56174.0,56174.0,Illinois Secretary of State Grant,Chicago Department of Transportation,Construction of Buildings and Other Structures,0.0,0.0
0W23,84,0540,62732925.0,62732925.0,Illinois Competitive Freight Program,Chicago Department of Transportation,Construction of Buildings and Other Structures,0.0,0.0
0W24,84,0540,141315000.0,141315000.0,Department of Commerce and Economic Opportunity,Chicago Department of Transportation,Construction of Buildings and Other Structures,0.0,0.0
0W29,5,0140,0.0,0.0,Public Assistance,Office of Budget and Management,PROFESSIONAL AND TECHNICAL SERVICES,0.0,0.0
0W32,84,0540,159528000.0,159528000.0,Rebuild Illinois,Chicago Department of Transportation,Construction of Buildings and Other Structures,0.0,0.0
0W33,50,0135,82000.0,82000.0,Assistance Grants for Victims of Human Trafficking,Department of Family and Support Services,For Delegate Agencies,0.0,0.0
0W39,1,0005,130900.0,130900.0,MO - Private Grants,Office of the Mayor,Salaries and Wages - on Payroll,0.0,0.0
0W39,1,0006,447373.0,447373.0,MO - Private Grants,Office of the Mayor,Salary Provision,0.0,0.0
0W39,1,0044,96727.0,96727.0,MO - Private Grants,Office of the Mayor,Fringe Benefits,0.0,0.0
0W39,1,0140,140000.0,140000.0,MO - Private Grants,Office of the Mayor,For Professional and Technical Services and Other Third Party Benefit Agreements,0.0,0.0
0W43,21,9103,14728000.0,14728000.0,Home Investment Partnership,Department of Housing,Rehabilitation Loans and Grants,0.0,0.0
0W49,57,0140,0.0,0.0,Chicago Southside Early Diversion Program,Chicago Police Department,PROFESSIONAL AND TECHNICAL SERVICES,0.0,0.0
0W50,57,0005,0.0,0.0,Motor Vehicle Theft Prevention,Chicago Police Department,SALARIES AND WAGES - ON PAYROLL,0.0,0.0
0W50,57,0020,0.0,0.0,Motor Vehicle Theft Prevention,Chicago Police Department,OVERTIME,0.0,0.0
0W50,57,0044,0.0,0.0,Motor Vehicle Theft Prevention,Chicago Police Department,FRINGE BENEFITS,0.0,0.0
0W50,57,0140,0.0,0.0,Motor Vehicle Theft Prevention,Chicago Police Department,PROFESSIONAL AND TECHNICAL SERVICES,0.0,0.0
0W50,57,0157,0.0,0.0,Motor Vehicle Theft Prevention,Chicago Police Department,RENTAL EQUIPMENT AND SERVICES,0.0,0.0
0W50,57,0229,0.0,0.0,Motor Vehicle Theft Prevention,Chicago Police Department,TRANSPORTATION AND EXPENSE ALLOWANCE,0.0,0.0
0W50,57,0340,0.0,0.0,Motor Vehicle Theft Prevention,Chicago Police Department,MATERIAL AND SUPPLIES,0.0,0.0
0W50,57,0421,0.0,0.0,Motor Vehicle Theft Prevention,Chicago Police Department,MACHINERY AND EQUIPMENT,0.0,0.0
0W50,57,0450,0.0,0.0,Motor Vehicle Theft Prevention,Chicago Police Department,VEHICLES,0.0,0.0
0W50,57,0801,0.0,0.0,Motor Vehicle Theft Prevention,Chicago Police Department,INDIRECT COSTS,0.0,0.0
0W53,57,0005,0.0,0.0,Law Enforcement-Based Victim Specialist Program,Chicago Police Department,SALARIES AND WAGES - ON PAYROLL,0.0,0.0
0W53,57,0015,0.0,0.0,Law Enforcement-Based Victim Specialist Program,Chicago Police Department,SCHEDULE SALARY ADJUSTMENTS,0.0,0.0
0W53,57,0044,0.0,0.0,Law Enforcement-Based Victim Specialist Program,Chicago Police Department,FRINGE BENEFITS,0.0,0.0
0W54,57,9254,0.0,0.0,Law Enforcement Mental Health and Wellness,Chicago Police Department,VIOLENCE REDUCTION PROGRAM,0.0,0.0
0W59,6,0140,1430000.0,1430000.0,Urban Areas Security Initiative,Department of Technology and Innovation,For Professional and Technical Services and Other Third Party Benefit Agreements,0.0,0.0
0W59,38,0140,0.0,0.0,Urban Areas Security Initiative,Department of Fleet and Facility Management,PROFESSIONAL AND TECHNICAL SERVICES,0.0,0.0
0W59,51,0005,0.0,0.0,Urban Areas Security Initiative,Office of Public Safety Administration,SALARIES AND WAGES - ON PAYROLL,0.0,0.0
0W59,51,0015,0.0,0.0,Urban Areas Security Initiative,Office of Public Safety Administration,SCHEDULE SALARY ADJUSTMENTS,0.0,0.0
0W59,51,0044,0.0,0.0,Urban Areas Security Initiative,Office of Public Safety Administration,FRINGE BENEFITS,0.0,0.0
0W59,51,0140,10905000.0,0.0,Urban Areas Security Initiative,Office of Public Safety Administration,For Professional and Technical Services and Other Third Party Benefit Agreements,10905000.0,0.0
0W59,57,0005,68534.0,68534.0,Urban Areas Security Initiative,Chicago Police Department,Salaries and Wages - on Payroll,0.0,0.0
0W59,57,0015,948.0,948.0,Urban Areas Security Initiative,Chicago Police Department,Schedule Salary Adjustments,0.0,0.0
0W59,57,0044,50642.0,50642.0,Urban Areas Security Initiative,Chicago Police Department,Fringe Benefits,0.0,0.0
0W59,57,0451,3724876.0,3724876.0,Urban Areas Security Initiative,Chicago Police Department,For Purchase of Vehicles for Use by the Police and Fire Departments,0.0,0.0
0W59,58,0140,1991000.0,1885000.0,Urban Areas Security Initiative,Office of Emergency Management and Communications,For Professional and Technical Services and Other Third Party Benefit Agreements,106000.0,5.623342175066313
0W59,59,0140,9850000.0,9303000.0,Urban Areas Security Initiative,Chicago Fire Department,For Professional and Technical Services and Other Third Party Benefit Agreements,547000.0,5.879823712780823
0W60,41,0140,0.0,0.0,Public Health Crisis Response,Chicago Department of Public Health,PROFESSIONAL AND TECHNICAL SERVICES,0.0,0.0
0W74,21,9103,11708000.0,11708000.0,Home Program,Department of Housing,Rehabilitation Loans and Grants,0.0,0.0
0W78,48,0140,13000.0,13000.0,RTA - ADA Certification Appeals,Mayor's Office for People with Disabilities,For Professional and Technical Services and Other Third Party Benefit Agreements,0.0,0.0
0W81,21,0140,2579000.0,2579000.0,Abandoned Residential Property Municipality Relief,Department of Housing,For Professional and Technical Services and Other Third Party Benefit Agreements,0.0,0.0
0W82,21,9103,11005000.0,11005000.0,Home Investment Partnership,Department of Housing,Rehabilitation Loans and Grants,0.0,0.0
0W87,54,0540,500000.0,500000.0,Green Infrastructure Program,Department of Planning and Development,Construction of Buildings and Other Structures,0.0,0.0
0W90,54,0540,500000.0,500000.0,Green Infrastructure Program,Department of Planning and Development,Construction of Buildings and Other Structures,0.0,0.0
0W95,58,0140,0.0,0.0,Port Security,Office of Emergency Management and Communications,PROFESSIONAL AND TECHNICAL SERVICES,0.0,0.0
0W96,38,0140,0.0,0.0,Urban Areas Security Initiative,Department of Fleet and Facility Management,PROFESSIONAL AND TECHNICAL SERVICES,0.0,0.0
0W96,57,0006,0.0,0.0,Urban Areas Security Initiative,Chicago Police Department,SALARY PROVISION,0.0,0.0
0W96,57,0140,0.0,0.0,Urban Areas Security Initiative,Chicago Police Department,PROFESSIONAL AND TECHNICAL SERVICES,0.0,0.0
0W96,58,0006,0.0,0.0,Urban Areas Security Initiative,Office of Emergency Management and Communications,SALARY PROVISION,0.0,0.0
0W96,58,0140,0.0,0.0,Urban Areas Security Initiative,Office of Emergency Management and Communications,PROFESSIONAL AND TECHNICAL SERVICES,0.0,0.0
0W96,59,0140,0.0,0.0,Urban Areas Security Initiative,Chicago Fire Department,PROFESSIONAL AND TECHNICAL SERVICES,0.0,0.0
0Y11,50,0135,0.0,0.0,Emergency Solutions,Department of Family and Support Services,DELEGATE AGENCIES,0.0,0.0
0Y33,50,0140,0.0,0.0,Early Head Start Initiative,Department of Family and Support Services,PROFESSIONAL AND TECHNICAL SERVICES,0.0,0.0
0Y34,50,0140,0.0,0.0,Head Start  and Early Head Start,Department of Family and Support Services,PROFESSIONAL AND TECHNICAL SERVICES,0.0,0.0
0Y48,50,0135,0.0,0.0,Early Head Start - Child Care Partnership,Department of Family and Support Services,DELEGATE AGENCIES,0.0,0.0
0Y51,50,0135,0.0,0.0,Early Head Start Expansion,Department of Family and Support Services,DELEGATE AGENCIES,0.0,0.0
0Y51,50,0245,0.0,0.0,Early Head Start Expansion,Department of Family and Support Services,REIMBURSEMENT TO TRAVELERS,0.0,0.0
0Y51,50,0270,0.0,0.0,Early Head Start Expansion,Department of Family and Support Services,LOCAL TRANSPORTATION,0.0,0.0
0Y51,50,0340,0.0,0.0,Early Head Start Expansion,Department of Family and Support Services,MATERIAL AND SUPPLIES,0.0,0.0
0Y51,50,0801,0.0,0.0,Early Head Start Expansion,Department of Family and Support Services,INDIRECT COSTS,0.0,0.0
0Y53,50,0135,0.0,0.0,Emergency Solutions,Department of Family and Support Services,DELEGATE AGENCIES,0.0,0.0
0Y55,23,0140,1803000.0,1803000.0,Cultural Sector Building,Department of Cultural Affairs and Special Events,For Professional and Technical Services and Other Third Party Benefit Agreements,0.0,0.0
0Y55,23,0991,550000.0,550000.0,Cultural Sector Building,Department of Cultural Affairs and Special Events,To Provide for Matching and Supplementary Grant Funds Currently in Effect as Well as New Grants,0.0,0.0
0Y57,50,0140,0.0,0.0,Area Plan on Aging,Department of Family and Support Services,PROFESSIONAL AND TECHNICAL SERVICES,0.0,0.0
0Y58,50,0140,0.0,0.0,Domestic Violence Help Line,Department of Family and Support Services,PROFESSIONAL AND TECHNICAL SERVICES,0.0,0.0
0Y59,50,0140,0.0,0.0,State Domestic Violence Help Line - Match,Department of Family and Support Services,PROFESSIONAL AND TECHNICAL SERVICES,0.0,0.0
0Y74,21,0140,0.0,0.0,Abandoned Residential Property Relief,Department of Housing,PROFESSIONAL AND TECHNICAL SERVICES,0.0,0.0
0Y78,50,0005,0.0,0.0,Alzheimer's Disease Program Initiative,Department of Family and Support Services,SALARIES AND WAGES - ON PAYROLL,0.0,0.0
0Y78,50,0015,0.0,0.0,Alzheimer's Disease Program Initiative,Department of Family and Support Services,SCHEDULE SALARY ADJUSTMENTS,0.0,0.0
0Y78,50,0044,0.0,0.0,Alzheimer's Disease Program Initiative,Department of Family and Support Services,FRINGE BENEFITS,0.0,0.0
0Y78,50,0140,0.0,0.0,Alzheimer's Disease Program Initiative,Department of Family and Support Services,PROFESSIONAL AND TECHNICAL SERVICES,0.0,0.0
0Y87,50,0130,0.0,0.0,Foster Grandparents,Department of Family and Support Services,POSTAGE,0.0,0.0
0Y88,50,0135,0.0,0.0,Area Plan on Aging,Department of Family and Support Services,DELEGATE AGENCIES,0.0,0.0
0Y92,41,0140,1169000.0,1169000.0,Housing Opportunities for People with AIDS (HOPWA),Chicago Department of Public Health,For Professional and Technical Services and Other Third Party Benefit Agreements,0.0,0.0
0Y96,41,0135,2537000.0,2537000.0,Ryan White HIV Care Act - Part A Emergency Relief,Chicago Department of Public Health,For Delegate Agencies,0.0,0.0
0Y97,41,0140,0.0,0.0,Childhood Lead Poisoning Prevention,Chicago Department of Public Health,PROFESSIONAL AND TECHNICAL SERVICES,0.0,0.0
0Z01,1,0005,0.0,0.0,Smart Grid / Energy Efficiency Consumer Education,Office of the Mayor,SALARIES AND WAGES - ON PAYROLL,0.0,0.0
0Z01,1,0006,0.0,0.0,Smart Grid / Energy Efficiency Consumer Education,Office of the Mayor,SALARY PROVISION,0.0,0.0
0Z01,1,0044,0.0,0.0,Smart Grid / Energy Efficiency Consumer Education,Office of the Mayor,FRINGE BENEFITS,0.0,0.0
0Z39,38,0005,107554.0,107554.0,Anadarko / Streeterville Removal,Department of Fleet and Facility Management,Salaries and Wages - on Payroll,0.0,0.0
0Z39,38,0044,69644.0,69644.0,Anadarko / Streeterville Removal,Department of Fleet and Facility Management,Fringe Benefits,0.0,0.0
0Z39,38,0140,43758802.0,43758802.0,Anadarko / Streeterville Removal,Department of Fleet and Facility Management,For Professional and Technical Services and Other Third Party Benefit Agreements,0.0,0.0
0Z39,41,0005,160406.0,160406.0,Anadarko / Streeterville Removal,Chicago Department of Public Health,Salaries and Wages - on Payroll,0.0,0.0
0Z39,41,0015,2288.0,2288.0,Anadarko / Streeterville Removal,Chicago Department of Public Health,Schedule Salary Adjustments,0.0,0.0
0Z39,41,0044,109124.0,109124.0,Anadarko / Streeterville Removal,Chicago Department of Public Health,Fringe Benefits,0.0,0.0
0Z39,41,0140,1728182.0,1728182.0,Anadarko / Streeterville Removal,Chicago Department of Public Health,For Professional and Technical Services and Other Third Party Benefit Agreements,0.0,0.0
0Z44,23,0140,370000.0,370000.0,Visual Arts Exhibition,Department of Cultural Affairs and Special Events,For Professional and Technical Services and Other Third Party Benefit Agreements,0.0,0.0
0Z48,23,0140,100000.0,100000.0,Cultural Fund,Department of Cultural Affairs and Special Events,For Professional and Technical Services and Other Third Party Benefit Agreements,0.0,0.0
0Z73,57,0020,1291000.0,1291000.0,Port Security,Chicago Police Department,Overtime,0.0,0.0
0Z91,59,0140,0.0,0.0,Port Security,Chicago Fire Department,PROFESSIONAL AND TECHNICAL SERVICES,0.0,0.0
G004,50,0005,4509531.0,4509531.0,Head Start and Early Head Start,Department of Family and Support Services,Salaries and Wages - on Payroll,0.0,0.0
G004,50,0006,24621541.0,24621541.0,Head Start and Early Head Start,Department of Family and Support Services,Salary Provision,0.0,0.0
G004,50,0015,28425.0,28425.0,Head Start and Early Head Start,Department of Family and Support Services,Schedule Salary Adjustments,0.0,0.0
G004,50,0044,2973503.0,2973503.0,Head Start and Early Head Start,Department of Family and Support Services,Fringe Benefits,0.0,0.0
G004,50,0135,91405000.0,91405000.0,Head Start and Early Head Start,Department of Family and Support Services,For Delegate Agencies,0.0,0.0
G005,50,0140,0.0,0.0,Senior Companion Project - ACTION,Department of Family and Support Services,PROFESSIONAL AND TECHNICAL SERVICES,0.0,0.0
G006,50,0135,0.0,0.0,Title XX Donated Funds,Department of Family and Support Services,DELEGATE AGENCIES,0.0,0.0
G011,50,0135,0.0,0.0,Child Care Services,Department of Family and Support Services,DELEGATE AGENCIES,0.0,0.0
G012,50,0135,0.0,0.0,Emergency Solutions,Department of Family and Support Services,DELEGATE AGENCIES,0.0,0.0
G013,50,0135,0.0,0.0,Senior Medicare Patrol,Department of Family and Support Services,DELEGATE AGENCIES,0.0,0.0
G015,50,0140,0.0,0.0,Early Childhood Block Grant,Department of Family and Support Services,PROFESSIONAL AND TECHNICAL SERVICES,0.0,0.0
G016,51,0006,154000.0,154000.0,Edward Byrne Memorial Justice Assistance Grant (JAG),Office of Public Safety Administration,Salary Provision,0.0,0.0
G016,57,0005,501725.0,501725.0,Edward Byrne Memorial Justice Assistance Grant (JAG),Chicago Police Department,Salaries and Wages - on Payroll,0.0,0.0
G016,57,0044,315133.0,315133.0,Edward Byrne Memorial Justice Assistance Grant (JAG),Chicago Police Department,Fringe Benefits,0.0,0.0
G016,57,0140,264142.0,264142.0,Edward Byrne Memorial Justice Assistance Grant (JAG),Chicago Police Department,For Professional and Technical Services and Other Third Party Benefit Agreements,0.0,0.0
G016,57,0229,25000.0,25000.0,Edward Byrne Memorial Justice Assistance Grant (JAG),Chicago Police Department,Transportation and Expense Allowance,0.0,0.0
G016,57,0340,110000.0,110000.0,Edward Byrne Memorial Justice Assistance Grant (JAG),Chicago Police Department,Material and Supplies,0.0,0.0
G016,57,0421,100000.0,100000.0,Edward Byrne Memorial Justice Assistance Grant (JAG),Chicago Police Department,Machinery and Equipment,0.0,0.0
G016,57,0801,100000.0,100000.0,Edward Byrne Memorial Justice Assistance Grant (JAG),Chicago Police Department,Indirect Costs,0.0,0.0
G018,57,0006,1037000.0,1037000.0,Transit Security,Chicago Police Department,Salary Provision,0.0,0.0
G019,57,0006,0.0,0.0,COPS Hiring Program,Chicago Police Department,SALARY PROVISION,0.0,0.0
G021,58,0140,113000.0,113000.0,Port Security (OEMC),Office of Emergency Management and Communications,For Professional and Technical Services and Other Third Party Benefit Agreements,0.0,0.0
G022,59,0140,452000.0,452000.0,Port Security (CFD),Chicago Fire Department,For Professional and Technical Services and Other Third Party Benefit Agreements,0.0,0.0
G035,41,0140,7000.0,7000.0,Tanning Facilities Inspections,Chicago Department of Public Health,For Professional and Technical Services and Other Third Party Benefit Agreements,0.0,0.0
G042,50,0140,0.0,0.0,Head Start and Early Head Start,Department of Family and Support Services,PROFESSIONAL AND TECHNICAL SERVICES,0.0,0.0
G046,38,0140,0.0,0.0,Municipal Brownfields Redevelopment,Department of Fleet and Facility Management,PROFESSIONAL AND TECHNICAL SERVICES,0.0,0.0
G048,59,0140,0.0,0.0,Assistance to Firefighters,Chicago Fire Department,PROFESSIONAL AND TECHNICAL SERVICES,0.0,0.0
G049,59,0140,0.0,0.0,Assistance to Firefighters,Chicago Fire Department,PROFESSIONAL AND TECHNICAL SERVICES,0.0,0.0
G050,70,0006,0.0,0.0,Tobacco Enforcement Grant,Department of Business Affairs and Consumer Protection,SALARY PROVISION,0.0,0.0
G059,57,0140,3500000.0,3500000.0,Operation Legend,Chicago Police Department,For Professional and Technical Services and Other Third Party Benefit Agreements,0.0,0.0
G060,57,0140,1000000.0,1000000.0,Sexual Assault Kit Initiative (SAKI) Grant,Chicago Police Department,For Professional and Technical Services and Other Third Party Benefit Agreements,0.0,0.0
G061,57,0140,390000.0,390000.0,Juvenile Justice System Enhancements,Chicago Police Department,For Professional and Technical Services and Other Third Party Benefit Agreements,0.0,0.0
G062,58,0140,38000.0,38000.0,Port Security 2020 Match,Office of Emergency Management and Communications,For Professional and Technical Services and Other Third Party Benefit Agreements,0.0,0.0
G065,59,0140,151000.0,151000.0,Port Security 2020 Match,Chicago Fire Department,For Professional and Technical Services and Other Third Party Benefit Agreements,0.0,0.0
G066,58,0140,38000.0,38000.0,Port Security Match,Office of Emergency Management and Communications,For Professional and Technical Services and Other Third Party Benefit Agreements,0.0,0.0
G070,91,0540,0.0,0.0,Capital  Construction Grant,Chicago Public Library,CONSTRUCTION OF BUILDINGS AND STRUCTURES,0.0,0.0
G071,91,0540,10000000.0,10000000.0,Capital  Construction Grant,Chicago Public Library,Construction of Buildings and Other Structures,0.0,0.0
G077,23,0991,1755000.0,1755000.0,DCASE - Private Grants,Department of Cultural Affairs and Special Events,To Provide for Matching and Supplementary Grant Funds Currently in Effect as Well as New Grants,0.0,0.0
G087,85,0140,0.0,0.0,CARES Act Airport Grants (MDW),Chicago Department of Aviation,PROFESSIONAL AND TECHNICAL SERVICES,0.0,0.0
G088,85,0140,0.0,0.0,CARES Act Airport Grants (ORD),Chicago Department of Aviation,PROFESSIONAL AND TECHNICAL SERVICES,0.0,0.0
G091,50,0140,0.0,0.0,Summer Jobs Connect Program,Department of Family and Support Services,PROFESSIONAL AND TECHNICAL SERVICES,0.0,0.0
G092,6,0140,3105000.0,3105000.0,Urban Areas Security Initiative,Department of Technology and Innovation,For Professional and Technical Services and Other Third Party Benefit Agreements,0.0,0.0
G092,38,0140,0.0,0.0,Urban Areas Security Initiative,Department of Fleet and Facility Management,PROFESSIONAL AND TECHNICAL SERVICES,0.0,0.0
G092,51,0140,4754000.0,4754000.0,Urban Areas Security Initiative,Office of Public Safety Administration,For Professional and Technical Services and Other Third Party Benefit Agreements,0.0,0.0
G092,57,0140,6279000.0,6279000.0,Urban Areas Security Initiative,Chicago Police Department,For Professional and Technical Services and Other Third Party Benefit Agreements,0.0,0.0
G092,58,0140,1832000.0,1832000.0,Urban Areas Security Initiative,Office of Emergency Management and Communications,For Professional and Technical Services and Other Third Party Benefit Agreements,0.0,0.0
G092,59,0140,6312000.0,6312000.0,Urban Areas Security Initiative,Chicago Fire Department,For Professional and Technical Services and Other Third Party Benefit Agreements,0.0,0.0
G098,41,0140,315000.0,315000.0,HIV Behavioral Surveillance,Chicago Department of Public Health,For Professional and Technical Services and Other Third Party Benefit Agreements,0.0,0.0
G100,50,0982,0.0,0.0,Senior Companion Project-State Match,Department of Family and Support Services,RECOGNITION FOR HEROSIM,0.0,0.0
G101,50,0135,0.0,0.0,Senior Medicare Patrol,Department of Family and Support Services,DELEGATE AGENCIES,0.0,0.0
G102,50,0006,0.0,0.0,Senior Health Assistance Program,Department of Family and Support Services,SALARY PROVISION,0.0,0.0
G103,50,0005,0.0,0.0,Senior Companion Project,Department of Family and Support Services,SALARIES AND WAGES - ON PAYROLL,0.0,0.0
G103,50,0044,0.0,0.0,Senior Companion Project,Department of Family and Support Services,FRINGE BENEFITS,0.0,0.0
G103,50,0050,0.0,0.0,Senior Companion Project,Department of Family and Support Services,STIPENDS,0.0,0.0
G103,50,0140,0.0,0.0,Senior Companion Project,Department of Family and Support Services,PROFESSIONAL AND TECHNICAL SERVICES,0.0,0.0
G103,50,0229,0.0,0.0,Senior Companion Project,Department of Family and Support Services,TRANSPORTATION AND EXPENSE ALLOWANCE,0.0,0.0
G103,50,0270,0.0,0.0,Senior Companion Project,Department of Family and Support Services,LOCAL TRANSPORTATION,0.0,0.0
G104,50,0991,0.0,0.0,Senior Companion Project,Department of Family and Support Services,MATCHING AND SUPPLEMENTAL GRANTS,0.0,0.0
G106,50,0340,0.0,0.0,Emergency Solution,Department of Family and Support Services,MATERIAL AND SUPPLIES,0.0,0.0
G107,50,0140,0.0,0.0,Benefit Access Application Grant,Department of Family and Support Services,PROFESSIONAL AND TECHNICAL SERVICES,0.0,0.0
G108,50,0006,0.0,0.0,Long Term Care Provider Fund,Department of Family and Support Services,SALARY PROVISION,0.0,0.0
G110,50,0006,0.0,0.0,Longterm Care System Development,Department of Family and Support Services,SALARY PROVISION,0.0,0.0
G110,50,0801,0.0,0.0,Longterm Care System Development,Department of Family and Support Services,INDIRECT COSTS,0.0,0.0
G111,50,0006,0.0,0.0,Elder Abuse and Neglect,Department of Family and Support Services,SALARY PROVISION,0.0,0.0
G111,50,0801,0.0,0.0,Elder Abuse and Neglect,Department of Family and Support Services,INDIRECT COSTS,0.0,0.0
G112,50,0140,0.0,0.0,Summer Jobs Connect Program,Department of Family and Support Services,PROFESSIONAL AND TECHNICAL SERVICES,0.0,0.0
G113,50,0135,0.0,0.0,Title XX Donated Funds Cash Match,Department of Family and Support Services,DELEGATE AGENCIES,0.0,0.0
G115,50,0006,0.0,0.0,Early Head Start -Child Care Partnership,Department of Family and Support Services,SALARY PROVISION,0.0,0.0
G116,50,0135,0.0,0.0,Early Childhood Block Grant,Department of Family and Support Services,DELEGATE AGENCIES,0.0,0.0
G117,41,0005,324128.0,324128.0,HOPWA,Chicago Department of Public Health,Salaries and Wages - on Payroll,0.0,0.0
G117,41,0015,8002.0,8002.0,HOPWA,Chicago Department of Public Health,Schedule Salary Adjustments,0.0,0.0
G117,41,0044,216604.0,216604.0,HOPWA,Chicago Department of Public Health,Fringe Benefits,0.0,0.0
G117,41,0140,4598266.0,4598266.0,HOPWA,Chicago Department of Public Health,For Professional and Technical Services and Other Third Party Benefit Agreements,0.0,0.0
G118,21,0140,0.0,0.0,Abandoned Residential Property Relief,Department of Housing,PROFESSIONAL AND TECHNICAL SERVICES,0.0,0.0
G120,50,0135,0.0,0.0,Title XX Donated Funds,Department of Family and Support Services,DELEGATE AGENCIES,0.0,0.0
G121,50,0135,0.0,0.0,Title XX Donated Funds Cash Match,Department of Family and Support Services,DELEGATE AGENCIES,0.0,0.0
G122,50,0135,0.0,0.0,Title XX Donated Funds,Department of Family and Support Services,DELEGATE AGENCIES,0.0,0.0
G123,50,0135,0.0,0.0,Title XX Donated Funds Cash Match,Department of Family and Support Services,DELEGATE AGENCIES,0.0,0.0
G124,50,0135,0.0,0.0,Child Care Services,Department of Family and Support Services,DELEGATE AGENCIES,0.0,0.0
G126,50,0135,0.0,0.0,Chicago Domestic Violence Help Line,Department of Family and Support Services,DELEGATE AGENCIES,0.0,0.0
G127,50,0135,8000000.0,8000000.0,Area Plan on Aging,Department of Family and Support Services,For Delegate Agencies,0.0,0.0
G128,50,0006,0.0,0.0,Area Plan on Aging,Department of Family and Support Services,SALARY PROVISION,0.0,0.0
G128,50,0135,0.0,0.0,Area Plan on Aging,Department of Family and Support Services,DELEGATE AGENCIES,0.0,0.0
G129,50,0991,0.0,0.0,Area Plan on Aging,Department of Family and Support Services,MATCHING AND SUPPLEMENTAL GRANTS,0.0,0.0
G130,50,0135,0.0,0.0,Area Plan on Aging,Department of Family and Support Services,DELEGATE AGENCIES,0.0,0.0
G131,50,0135,0.0,0.0,Foster Grandparents,Department of Family and Support Services,DELEGATE AGENCIES,0.0,0.0
G132,50,0991,0.0,0.0,Foster Grandparents,Department of Family and Support Services,MATCHING AND SUPPLEMENTAL GRANTS,0.0,0.0
G135,41,0005,0.0,0.0,Underground Storage Tank Inspection,Chicago Department of Public Health,SALARIES AND WAGES - ON PAYROLL,0.0,0.0
G135,41,0015,0.0,0.0,Underground Storage Tank Inspection,Chicago Department of Public Health,SCHEDULE SALARY ADJUSTMENTS,0.0,0.0
G135,41,0044,0.0,0.0,Underground Storage Tank Inspection,Chicago Department of Public Health,FRINGE BENEFITS,0.0,0.0
G135,41,0140,205000.0,205000.0,Underground Storage Tank Inspection,Chicago Department of Public Health,For Professional and Technical Services and Other Third Party Benefit Agreements,0.0,0.0
G139,91,0140,0.0,0.0,Illinois Library Development,Chicago Public Library,PROFESSIONAL AND TECHNICAL SERVICES,0.0,0.0
G140,91,0005,0.0,0.0,Illinois Library Development,Chicago Public Library,SALARIES AND WAGES - ON PAYROLL,0.0,0.0
G140,91,0006,0.0,0.0,Illinois Library Development,Chicago Public Library,SALARY PROVISION,0.0,0.0
G140,91,0044,0.0,0.0,Illinois Library Development,Chicago Public Library,FRINGE BENEFITS,0.0,0.0
G141,41,0005,0.0,0.0,Tobacco Free Communities,Chicago Department of Public Health,SALARIES AND WAGES - ON PAYROLL,0.0,0.0
G141,41,0015,0.0,0.0,Tobacco Free Communities,Chicago Department of Public Health,SCHEDULE SALARY ADJUSTMENTS,0.0,0.0
G141,41,0044,0.0,0.0,Tobacco Free Communities,Chicago Department of Public Health,FRINGE BENEFITS,0.0,0.0
G141,41,0140,0.0,0.0,Tobacco Free Communities,Chicago Department of Public Health,PROFESSIONAL AND TECHNICAL SERVICES,0.0,0.0
G144,41,0140,1494847.0,671000.0,HOPWA Housing and Health Study,Chicago Department of Public Health,For Professional and Technical Services and Other Third Party Benefit Agreements,823847.0,122.77898658718331
G145,41,0140,0.0,0.0,Air Pollution Control Program,Chicago Department of Public Health,PROFESSIONAL AND TECHNICAL SERVICES,0.0,0.0
G149,50,0140,0.0,0.0,Title XX Donated Funds,Department of Family and Support Services,PROFESSIONAL AND TECHNICAL SERVICES,0.0,0.0
G150,50,0991,0.0,0.0,Title XX Donated Funds,Department of Family and Support Services,MATCHING AND SUPPLEMENTAL GRANTS,0.0,0.0
G152,50,0140,0.0,0.0,Title XX Donated Funds,Department of Family and Support Services,PROFESSIONAL AND TECHNICAL SERVICES,0.0,0.0
G153,50,0140,0.0,0.0,Title XX Donated Funds,Department of Family and Support Services,PROFESSIONAL AND TECHNICAL SERVICES,0.0,0.0
G154,50,0006,0.0,0.0,Medicare Improvements for Patients and Providers Act (MIPPA),Department of Family and Support Services,SALARY PROVISION,0.0,0.0
G155,50,0140,0.0,0.0,State Foster Grandparents,Department of Family and Support Services,PROFESSIONAL AND TECHNICAL SERVICES,0.0,0.0
G157,50,0140,0.0,0.0,Title XX Donated Funds,Department of Family and Support Services,PROFESSIONAL AND TECHNICAL SERVICES,0.0,0.0
G158,50,0140,0.0,0.0,Title XX Donated Funds,Department of Family and Support Services,PROFESSIONAL AND TECHNICAL SERVICES,0.0,0.0
G159,41,0140,300000.0,96000.0,Summer Food and Adult and Child Care,Chicago Department of Public Health,For Professional and Technical Services and Other Third Party Benefit Agreements,204000.0,212.5
G160,50,0135,0.0,0.0,Senior Companion Project,Department of Family and Support Services,DELEGATE AGENCIES,0.0,0.0
G163,41,0005,0.0,0.0,Women Infants and Children Nutrition,Chicago Department of Public Health,SALARIES AND WAGES - ON PAYROLL,0.0,0.0
G163,41,0015,0.0,0.0,Women Infants and Children Nutrition,Chicago Department of Public Health,SCHEDULE SALARY ADJUSTMENTS,0.0,0.0
G163,41,0044,0.0,0.0,Women Infants and Children Nutrition,Chicago Department of Public Health,FRINGE BENEFITS,0.0,0.0
G163,41,0140,0.0,0.0,Women Infants and Children Nutrition,Chicago Department of Public Health,PROFESSIONAL AND TECHNICAL SERVICES,0.0,0.0
G166,48,0140,0.0,0.0,Substance Use Prevention Program for the Deaf and Hard of Hearing,Mayor's Office for People with Disabilities,PROFESSIONAL AND TECHNICAL SERVICES,0.0,0.0
G167,1,0006,130000.0,130000.0,Water Policy Program,Office of the Mayor,Salary Provision,0.0,0.0
G168,1,0140,130000.0,130000.0,Water Policy Program,Office of the Mayor,For Professional and Technical Services and Other Third Party Benefit Agreements,0.0,0.0
G169,57,0006,4850000.0,4850000.0,Cops Hiring Program,Chicago Police Department,Salary Provision,0.0,0.0
G170,57,0991,4437000.0,4437000.0,Cops Hiring Program,Chicago Police Department,To Provide for Matching and Supplementary Grant Funds Currently in Effect as Well as New Grants,0.0,0.0
G173,57,0451,97000.0,97000.0,Port Security Grant Program,Chicago Police Department,For Purchase of Vehicles for Use by the Police and Fire Departments,0.0,0.0
G174,57,0451,33000.0,33000.0,Port Security Grant Program,Chicago Police Department,For Purchase of Vehicles for Use by the Police and Fire Departments,0.0,0.0
G175,50,0005,0.0,0.0,Head Start and Early Head Start,Department of Family and Support Services,SALARIES AND WAGES - ON PAYROLL,0.0,0.0
G175,50,0015,0.0,0.0,Head Start and Early Head Start,Department of Family and Support Services,SCHEDULE SALARY ADJUSTMENTS,0.0,0.0
G175,50,0044,0.0,0.0,Head Start and Early Head Start,Department of Family and Support Services,FRINGE BENEFITS,0.0,0.0
G177,50,0982,0.0,0.0,Senior Companion Project-State Match,Department of Family and Support Services,RECOGNITION FOR HEROSIM,0.0,0.0
G184,59,0140,205000.0,205000.0,Assistance to Firefighters,Chicago Fire Department,For Professional and Technical Services and Other Third Party Benefit Agreements,0.0,0.0
G185,59,0991,31000.0,31000.0,Assistance to Firefighters,Chicago Fire Department,To Provide for Matching and Supplementary Grant Funds Currently in Effect as Well as New Grants,0.0,0.0
G188,6,0005,414053.0,414053.0,Urban Areas Security Initiative,Department of Technology and Innovation,Salaries and Wages - on Payroll,0.0,0.0
G188,6,0044,276818.0,276818.0,Urban Areas Security Initiative,Department of Technology and Innovation,Fringe Benefits,0.0,0.0
G188,6,0140,4280129.0,4280129.0,Urban Areas Security Initiative,Department of Technology and Innovation,For Professional and Technical Services and Other Third Party Benefit Agreements,0.0,0.0
G188,38,0005,0.0,0.0,Urban Areas Security Initiative,Department of Fleet and Facility Management,SALARIES AND WAGES - ON PAYROLL,0.0,0.0
G188,38,0044,0.0,0.0,Urban Areas Security Initiative,Department of Fleet and Facility Management,FRINGE BENEFITS,0.0,0.0
G188,38,0140,0.0,0.0,Urban Areas Security Initiative,Department of Fleet and Facility Management,PROFESSIONAL AND TECHNICAL SERVICES,0.0,0.0
G188,51,0140,6491000.0,6491000.0,Urban Areas Security Initiative,Office of Public Safety Administration,For Professional and Technical Services and Other Third Party Benefit Agreements,0.0,0.0
G188,57,0140,18135000.0,18135000.0,Urban Areas Security Initiative,Chicago Police Department,For Professional and Technical Services and Other Third Party Benefit Agreements,0.0,0.0
G188,58,0005,0.0,0.0,Urban Areas Security Initiative,Office of Emergency Management and Communications,SALARIES AND WAGES - ON PAYROLL,0.0,0.0
G188,58,0015,0.0,0.0,Urban Areas Security Initiative,Office of Emergency Management and Communications,SCHEDULE SALARY ADJUSTMENTS,0.0,0.0
G188,58,0044,0.0,0.0,Urban Areas Security Initiative,Office of Emergency Management and Communications,FRINGE BENEFITS,0.0,0.0
G188,58,0140,3250000.0,3250000.0,Urban Areas Security Initiative,Office of Emergency Management and Communications,For Professional and Technical Services and Other Third Party Benefit Agreements,0.0,0.0
G188,59,0140,6615000.0,6615000.0,Urban Areas Security Initiative,Chicago Fire Department,For Professional and Technical Services and Other Third Party Benefit Agreements,0.0,0.0
G191,59,0140,236000.0,236000.0,Port Security Grant Program,Chicago Fire Department,For Professional and Technical Services and Other Third Party Benefit Agreements,0.0,0.0
G192,59,0140,79000.0,79000.0,Port Security Grant Program,Chicago Fire Department,For Professional and Technical Services and Other Third Party Benefit Agreements,0.0,0.0
G196,57,0020,0.0,0.0,Injury Prevention Pedestrian Safety,Chicago Police Department,OVERTIME,0.0,0.0
G197,51,0140,157000.0,157000.0,Edward Byrne Memorial Justice Assistance Grant,Office of Public Safety Administration,For Professional and Technical Services and Other Third Party Benefit Agreements,0.0,0.0
G197,57,0140,1498000.0,1498000.0,Edward Byrne Memorial Justice Assistance Grant,Chicago Police Department,For Professional and Technical Services and Other Third Party Benefit Agreements,0.0,0.0
G199,57,0020,0.0,0.0,Sustained Traffic Enforcement Program,Chicago Police Department,OVERTIME,0.0,0.0
G204,50,0135,0.0,0.0,Emergency and Transitional Housing,Department of Family and Support Services,DELEGATE AGENCIES,0.0,0.0
G207,41,0991,0.0,0.0,Air Pollution Control,Chicago Department of Public Health,MATCHING AND SUPPLEMENTAL GRANTS,0.0,0.0
G209,21,9103,19212000.0,19212000.0,Home Investment Partnership,Department of Housing,Rehabilitation Loans and Grants,0.0,0.0
G212,51,0140,157000.0,157000.0,Edward Byrne Memorial Justice Assistance Grant (JAG),Office of Public Safety Administration,For Professional and Technical Services and Other Third Party Benefit Agreements,0.0,0.0
G212,57,0140,2276000.0,2276000.0,Edward Byrne Memorial Justice Assistance Grant (JAG),Chicago Police Department,For Professional and Technical Services and Other Third Party Benefit Agreements,0.0,0.0
G214,57,0006,1577000.0,1577000.0,COPS Hiring Program,Chicago Police Department,Salary Provision,0.0,0.0
G215,57,0991,4904310.0,4904310.0,COPS Hiring Program,Chicago Police Department,To Provide for Matching and Supplementary Grant Funds Currently in Effect as Well as New Grants,0.0,0.0
G217,23,0140,121000.0,121000.0,Farmers Markets,Department of Cultural Affairs and Special Events,For Professional and Technical Services and Other Third Party Benefit Agreements,0.0,0.0
G218,23,0991,40000.0,40000.0,Farmers Markets,Department of Cultural Affairs and Special Events,To Provide for Matching and Supplementary Grant Funds Currently in Effect as Well as New Grants,0.0,0.0
G223,41,0005,0.0,0.0,Ryan White HIV Care Act Part A,Chicago Department of Public Health,SALARIES AND WAGES - ON PAYROLL,0.0,0.0
G223,41,0015,0.0,0.0,Ryan White HIV Care Act Part A,Chicago Department of Public Health,SCHEDULE SALARY ADJUSTMENTS,0.0,0.0
G223,41,0044,0.0,0.0,Ryan White HIV Care Act Part A,Chicago Department of Public Health,FRINGE BENEFITS,0.0,0.0
G223,41,0140,3230000.0,3230000.0,Ryan White HIV Care Act Part A,Chicago Department of Public Health,For Professional and Technical Services and Other Third Party Benefit Agreements,0.0,0.0
G228,41,0005,0.0,0.0,Childhood Lead Poisoning Prevention,Chicago Department of Public Health,SALARIES AND WAGES - ON PAYROLL,0.0,0.0
G228,41,0015,0.0,0.0,Childhood Lead Poisoning Prevention,Chicago Department of Public Health,SCHEDULE SALARY ADJUSTMENTS,0.0,0.0
G228,41,0044,0.0,0.0,Childhood Lead Poisoning Prevention,Chicago Department of Public Health,FRINGE BENEFITS,0.0,0.0
G228,41,0140,0.0,0.0,Childhood Lead Poisoning Prevention,Chicago Department of Public Health,PROFESSIONAL AND TECHNICAL SERVICES,0.0,0.0
G230,41,0005,0.0,0.0,Mosquito Vector Prevention (Tire Funds),Chicago Department of Public Health,SALARIES AND WAGES - ON PAYROLL,0.0,0.0
G230,41,0044,0.0,0.0,Mosquito Vector Prevention (Tire Funds),Chicago Department of Public Health,FRINGE BENEFITS,0.0,0.0
G230,41,0140,0.0,0.0,Mosquito Vector Prevention (Tire Funds),Chicago Department of Public Health,PROFESSIONAL AND TECHNICAL SERVICES,0.0,0.0
G231,41,0005,0.0,0.0,Local Health Protection,Chicago Department of Public Health,SALARIES AND WAGES - ON PAYROLL,0.0,0.0
G231,41,0015,0.0,0.0,Local Health Protection,Chicago Department of Public Health,SCHEDULE SALARY ADJUSTMENTS,0.0,0.0
G231,41,0044,0.0,0.0,Local Health Protection,Chicago Department of Public Health,FRINGE BENEFITS,0.0,0.0
G231,41,0140,0.0,0.0,Local Health Protection,Chicago Department of Public Health,PROFESSIONAL AND TECHNICAL SERVICES,0.0,0.0
G232,41,0140,7000.0,7000.0,Tanning Facilities Inspections,Chicago Department of Public Health,For Professional and Technical Services and Other Third Party Benefit Agreements,0.0,0.0
G233,41,0140,96000.0,96000.0,Body Art and Tanning Inspection Program,Chicago Department of Public Health,For Professional and Technical Services and Other Third Party Benefit Agreements,0.0,0.0
G234,41,0140,0.0,0.0,Pre-Exposure Prophylaxis (PREP),Chicago Department of Public Health,PROFESSIONAL AND TECHNICAL SERVICES,0.0,0.0
G235,57,0140,650000.0,650000.0,Transit Security,Chicago Police Department,For Professional and Technical Services and Other Third Party Benefit Agreements,0.0,0.0
G238,57,0140,175000.0,175000.0,Law Enforcement Mental Health and Wellness Act,Chicago Police Department,For Professional and Technical Services and Other Third Party Benefit Agreements,0.0,0.0
G239,57,0020,634000.0,634000.0,Transit Security,Chicago Police Department,Overtime,0.0,0.0
G239,57,0140,654000.0,654000.0,Transit Security,Chicago Police Department,For Professional and Technical Services and Other Third Party Benefit Agreements,0.0,0.0
G242,41,0005,0.0,0.0,Family Connects,Chicago Department of Public Health,SALARIES AND WAGES - ON PAYROLL,0.0,0.0
G242,41,0015,0.0,0.0,Family Connects,Chicago Department of Public Health,SCHEDULE SALARY ADJUSTMENTS,0.0,0.0
G242,41,0044,0.0,0.0,Family Connects,Chicago Department of Public Health,FRINGE BENEFITS,0.0,0.0
G245,58,0140,0.0,0.0,Emergency Management Assitance,Office of Emergency Management and Communications,PROFESSIONAL AND TECHNICAL SERVICES,0.0,0.0
G248,54,0140,200000.0,200000.0,Equitable Transit Oriented Development,Department of Planning and Development,For Professional and Technical Services and Other Third Party Benefit Agreements,0.0,0.0
G249,54,0140,800000.0,800000.0,Equitable Transit Oriented Development,Department of Planning and Development,For Professional and Technical Services and Other Third Party Benefit Agreements,0.0,0.0
G251,41,0140,40000.0,40000.0,Oral Health Promotion,Chicago Department of Public Health,For Professional and Technical Services and Other Third Party Benefit Agreements,0.0,0.0
G259,58,0140,150000.0,150000.0,Hazardous Materials Emergency Preparedness,Office of Emergency Management and Communications,For Professional and Technical Services and Other Third Party Benefit Agreements,0.0,0.0
G263,54,0135,0.0,0.0,Small Business Resiliency Program,Department of Planning and Development,DELEGATE AGENCIES,0.0,0.0
G264,59,0140,650000.0,650000.0,Securing the Cities,Chicago Fire Department,For Professional and Technical Services and Other Third Party Benefit Agreements,0.0,0.0
G265,41,0005,0.0,0.0,Lead Poisoning Surveillance,Chicago Department of Public Health,SALARIES AND WAGES - ON PAYROLL,0.0,0.0
G265,41,0015,0.0,0.0,Lead Poisoning Surveillance,Chicago Department of Public Health,SCHEDULE SALARY ADJUSTMENTS,0.0,0.0
G265,41,0044,0.0,0.0,Lead Poisoning Surveillance,Chicago Department of Public Health,FRINGE BENEFITS,0.0,0.0
G265,41,0135,0.0,0.0,Lead Poisoning Surveillance,Chicago Department of Public Health,DELEGATE AGENCIES,0.0,0.0
G265,41,0140,150000.0,150000.0,Lead Poisoning Surveillance,Chicago Department of Public Health,For Professional and Technical Services and Other Third Party Benefit Agreements,0.0,0.0
G265,41,0340,0.0,0.0,Lead Poisoning Surveillance,Chicago Department of Public Health,MATERIAL AND SUPPLIES,0.0,0.0
G265,41,0801,0.0,0.0,Lead Poisoning Surveillance,Chicago Department of Public Health,INDIRECT COSTS,0.0,0.0
G267,41,0005,0.0,0.0,C3 Clinical and Translation Research,Chicago Department of Public Health,SALARIES AND WAGES - ON PAYROLL,0.0,0.0
G267,41,0044,0.0,0.0,C3 Clinical and Translation Research,Chicago Department of Public Health,FRINGE BENEFITS,0.0,0.0
G268,41,0006,0.0,0.0,C3 Clinical and Translation Research,Chicago Department of Public Health,SALARY PROVISION,0.0,0.0
G269,41,0006,0.0,0.0,C3 Clinical and Translation Research,Chicago Department of Public Health,SALARY PROVISION,0.0,0.0
G272,59,0140,0.0,0.0,Fire Academy Training and Improvement,Chicago Fire Department,PROFESSIONAL AND TECHNICAL SERVICES,0.0,0.0
G273,58,0140,900000.0,900000.0,Port Security Grant Program,Office of Emergency Management and Communications,For Professional and Technical Services and Other Third Party Benefit Agreements,0.0,0.0
G274,58,0140,300000.0,300000.0,Port Security Grant Program,Office of Emergency Management and Communications,For Professional and Technical Services and Other Third Party Benefit Agreements,0.0,0.0
G276,81,0140,0.0,0.0,State Urban Forestry Resilience (Tree Planting),Department of Streets and Sanitation,PROFESSIONAL AND TECHNICAL SERVICES,0.0,0.0
G282,41,0140,70000.0,70000.0,Healthy Chicago 3.0,Chicago Department of Public Health,For Professional and Technical Services and Other Third Party Benefit Agreements,0.0,0.0
G286,50,0991,0.0,0.0,Chicago Domestic Violence Help Line,Department of Family and Support Services,MATCHING AND SUPPLEMENTAL GRANTS,0.0,0.0
G287,50,0140,0.0,0.0,Chicago Domestic Violence Help Line,Department of Family and Support Services,PROFESSIONAL AND TECHNICAL SERVICES,0.0,0.0
G290,57,0140,700000.0,700000.0,Local Law Enforcement Crime Gun Intelligence Center Integration Initiative,Chicago Police Department,For Professional and Technical Services and Other Third Party Benefit Agreements,0.0,0.0
G294,57,0140,125000.0,125000.0,Law Enforcement Mental Health and Wellness Act,Chicago Police Department,For Professional and Technical Services and Other Third Party Benefit Agreements,0.0,0.0
G296,57,0140,504000.0,504000.0,Connect and Protect,Chicago Police Department,For Professional and Technical Services and Other Third Party Benefit Agreements,0.0,0.0
G302,59,0140,0.0,0.0,Mobile Integrated Heath Unit,Chicago Fire Department,PROFESSIONAL AND TECHNICAL SERVICES,0.0,0.0
G303,50,0140,276000.0,276000.0,Chicago Domestic Violence Help Line,Department of Family and Support Services,For Professional and Technical Services and Other Third Party Benefit Agreements,0.0,0.0
G304,57,0140,200000.0,200000.0,Connect and Protect,Chicago Police Department,For Professional and Technical Services and Other Third Party Benefit Agreements,0.0,0.0
G305,58,0140,1000000.0,1000000.0,Regional Catastrophic Preparedness,Office of Emergency Management and Communications,For Professional and Technical Services and Other Third Party Benefit Agreements,0.0,0.0
G306,59,0140,650000.0,650000.0,Securing the City,Chicago Fire Department,For Professional and Technical Services and Other Third Party Benefit Agreements,0.0,0.0
G307,41,0006,0.0,0.0,Adult Viral Hepatitis,Chicago Department of Public Health,SALARY PROVISION,0.0,0.0
G307,41,0140,125248.0,125248.0,Adult Viral Hepatitis,Chicago Department of Public Health,For Professional and Technical Services and Other Third Party Benefit Agreements,0.0,0.0
G307,41,0181,89752.0,89752.0,Adult Viral Hepatitis,Chicago Department of Public Health,Mobile Communication Services,0.0,0.0
G307,41,0270,0.0,0.0,Adult Viral Hepatitis,Chicago Department of Public Health,LOCAL TRANSPORTATION,0.0,0.0
G307,41,0340,0.0,0.0,Adult Viral Hepatitis,Chicago Department of Public Health,MATERIAL AND SUPPLIES,0.0,0.0
G314,41,0140,65000.0,65000.0,Resource Conservation And Recovery Act D,Chicago Department of Public Health,For Professional and Technical Services and Other Third Party Benefit Agreements,0.0,0.0
G323,59,0140,5000000.0,5000000.0,Capital Construction Grant,Chicago Fire Department,For Professional and Technical Services and Other Third Party Benefit Agreements,0.0,0.0
G327,50,0140,0.0,0.0,My Chi. My Future,Department of Family and Support Services,PROFESSIONAL AND TECHNICAL SERVICES,0.0,0.0
G329,41,0140,0.0,0.0,Solid Waste Management,Chicago Department of Public Health,PROFESSIONAL AND TECHNICAL SERVICES,0.0,0.0
G330,41,0140,75000.0,75000.0,Resource Conservation And Recovery Act D,Chicago Department of Public Health,For Professional and Technical Services and Other Third Party Benefit Agreements,0.0,0.0
G332,41,0140,0.0,0.0,Maternal & Child Health,Chicago Department of Public Health,PROFESSIONAL AND TECHNICAL SERVICES,0.0,0.0
G333,57,0140,57000.0,57000.0,Project Safe Neighborhoods,Chicago Police Department,For Professional and Technical Services and Other Third Party Benefit Agreements,0.0,0.0
G334,50,0140,371000.0,371000.0,Juvenile Justice System Girls Empowerment And Motivation Series,Department of Family and Support Services,For Professional and Technical Services and Other Third Party Benefit Agreements,0.0,0.0
G335,67,0140,225000.0,225000.0,Hazard Mitigation Program,Department of Buildings,For Professional and Technical Services and Other Third Party Benefit Agreements,0.0,0.0
G337,41,0140,500000.0,500000.0,Lead Poisoning Surveillance,Chicago Department of Public Health,For Professional and Technical Services and Other Third Party Benefit Agreements,0.0,0.0
G338,48,0005,0.0,0.0,Substance Use Prevention Program for the Deaf and Hard of Hearing,Mayor's Office for People with Disabilities,SALARIES AND WAGES - ON PAYROLL,0.0,0.0
G338,48,0006,196032.0,196032.0,Substance Use Prevention Program for the Deaf and Hard of Hearing,Mayor's Office for People with Disabilities,Salary Provision,0.0,0.0
G338,48,0015,0.0,0.0,Substance Use Prevention Program for the Deaf and Hard of Hearing,Mayor's Office for People with Disabilities,SCHEDULE SALARY ADJUSTMENTS,0.0,0.0
G338,48,0044,0.0,0.0,Substance Use Prevention Program for the Deaf and Hard of Hearing,Mayor's Office for People with Disabilities,FRINGE BENEFITS,0.0,0.0
G340,41,0140,550000.0,550000.0,Underground Storage Tank Inspection,Chicago Department of Public Health,For Professional and Technical Services and Other Third Party Benefit Agreements,0.0,0.0
G341,41,0005,0.0,0.0,Solid Waste Management,Chicago Department of Public Health,SALARIES AND WAGES - ON PAYROLL,0.0,0.0
G341,41,0006,145000.0,145000.0,Solid Waste Management,Chicago Department of Public Health,Salary Provision,0.0,0.0
G341,41,0044,0.0,0.0,Solid Waste Management,Chicago Department of Public Health,FRINGE BENEFITS,0.0,0.0
G341,41,0140,28000.0,28000.0,Solid Waste Management,Chicago Department of Public Health,For Professional and Technical Services and Other Third Party Benefit Agreements,0.0,0.0
G343,50,0140,26000.0,26000.0,Senior Medicare Patrol,Department of Family and Support Services,For Professional and Technical Services and Other Third Party Benefit Agreements,0.0,0.0
G344,50,0005,90660.0,0.0,Long Term Care Ombudsman,Department of Family and Support Services,Salaries and Wages - on Payroll,90660.0,0.0
G344,50,0006,202340.0,293000.0,Long Term Care Ombudsman,Department of Family and Support Services,Salary Provision,-90660.0,-30.941979522184297
G344,50,0140,0.0,0.0,Long Term Care Ombudsman,Department of Family and Support Services,PROFESSIONAL AND TECHNICAL SERVICES,0.0,0.0
G345,50,0006,147000.0,147000.0,Medicare Improvements For Patients And Providers,Department of Family and Support Services,Salary Provision,0.0,0.0
G345,50,0140,147000.0,147000.0,Medicare Improvements For Patients And Providers,Department of Family and Support Services,For Professional and Technical Services and Other Third Party Benefit Agreements,0.0,0.0
G346,50,0140,200000.0,200000.0,Senior Benefits Access Application Program,Department of Family and Support Services,For Professional and Technical Services and Other Third Party Benefit Agreements,0.0,0.0
G347,50,0140,62000.0,62000.0,Longterm Care System Development,Department of Family and Support Services,For Professional and Technical Services and Other Third Party Benefit Agreements,0.0,0.0
G348,50,0005,0.0,0.0,Senior Health Assistance Program,Department of Family and Support Services,SALARIES AND WAGES - ON PAYROLL,0.0,0.0
G348,50,0044,0.0,0.0,Senior Health Assistance Program,Department of Family and Support Services,FRINGE BENEFITS,0.0,0.0
G348,50,0140,334000.0,334000.0,Senior Health Assistance Program,Department of Family and Support Services,For Professional and Technical Services and Other Third Party Benefit Agreements,0.0,0.0
G349,50,0140,62000.0,62000.0,Elder Abuse And Neglect,Department of Family and Support Services,For Professional and Technical Services and Other Third Party Benefit Agreements,0.0,0.0
G350,41,0140,3418000.0,3086000.0,Injury Prevention and Control Research,Chicago Department of Public Health,For Professional and Technical Services and Other Third Party Benefit Agreements,332000.0,10.758263123784834
G351,50,0005,6934270.0,6934270.0,Area Plan On Aging,Department of Family and Support Services,Salaries and Wages - on Payroll,0.0,0.0
G351,50,0015,65880.0,65880.0,Area Plan On Aging,Department of Family and Support Services,Schedule Salary Adjustments,0.0,0.0
G351,50,0044,4527407.0,4527407.0,Area Plan On Aging,Department of Family and Support Services,Fringe Benefits,0.0,0.0
G351,50,0135,2738443.0,2738443.0,Area Plan On Aging,Department of Family and Support Services,For Delegate Agencies,0.0,0.0
G352,41,0140,1075000.0,315000.0,Adult Viral Hepatitis,Chicago Department of Public Health,For Professional and Technical Services and Other Third Party Benefit Agreements,760000.0,241.26984126984127
G356,50,0005,0.0,0.0,Child Care Services,Department of Family and Support Services,SALARIES AND WAGES - ON PAYROLL,0.0,0.0
G356,50,0015,0.0,0.0,Child Care Services,Department of Family and Support Services,SCHEDULE SALARY ADJUSTMENTS,0.0,0.0
G356,50,0044,0.0,0.0,Child Care Services,Department of Family and Support Services,FRINGE BENEFITS,0.0,0.0
G356,50,0135,7816000.0,7816000.0,Child Care Services,Department of Family and Support Services,For Delegate Agencies,0.0,0.0
G357,50,0005,0.0,0.0,Early Childhood Block Grant,Department of Family and Support Services,SALARIES AND WAGES - ON PAYROLL,0.0,0.0
G357,50,0015,0.0,0.0,Early Childhood Block Grant,Department of Family and Support Services,SCHEDULE SALARY ADJUSTMENTS,0.0,0.0
G357,50,0044,0.0,0.0,Early Childhood Block Grant,Department of Family and Support Services,FRINGE BENEFITS,0.0,0.0
G357,50,0135,101125000.0,84177000.0,Early Childhood Block Grant,Department of Family and Support Services,For Delegate Agencies,16948000.0,20.133765755491407
G357,50,0140,0.0,0.0,Early Childhood Block Grant,Department of Family and Support Services,PROFESSIONAL AND TECHNICAL SERVICES,0.0,0.0
G359,50,0140,357000.0,357000.0,Chicago Domestic Violence Help Line,Department of Family and Support Services,For Professional and Technical Services and Other Third Party Benefit Agreements,0.0,0.0
G359,50,0991,0.0,0.0,Chicago Domestic Violence Help Line,Department of Family and Support Services,MATCHING AND SUPPLEMENTAL GRANTS,0.0,0.0
G360,50,0140,455000.0,455000.0,Chicago Domestic Violence Help Line,Department of Family and Support Services,For Professional and Technical Services and Other Third Party Benefit Agreements,0.0,0.0
G361,50,0005,0.0,0.0,Emergency And Transition Housing,Department of Family and Support Services,SALARIES AND WAGES - ON PAYROLL,0.0,0.0
G361,50,0044,0.0,0.0,Emergency And Transition Housing,Department of Family and Support Services,FRINGE BENEFITS,0.0,0.0
G361,50,0135,0.0,0.0,Emergency And Transition Housing,Department of Family and Support Services,DELEGATE AGENCIES,0.0,0.0
G361,50,0140,11800000.0,7800000.0,Emergency And Transition Housing,Department of Family and Support Services,For Professional and Technical Services and Other Third Party Benefit Agreements,4000000.0,51.28205128205128
G361,50,0190,0.0,0.0,Emergency And Transition Housing,Department of Family and Support Services,TELEPHONE - CENTREX BILLINGS,0.0,0.0
G361,50,0801,0.0,0.0,Emergency And Transition Housing,Department of Family and Support Services,INDIRECT COSTS,0.0,0.0
G362,50,0005,0.0,0.0,Community Services Block Grant,Department of Family and Support Services,SALARIES AND WAGES - ON PAYROLL,0.0,0.0
G362,50,0015,0.0,0.0,Community Services Block Grant,Department of Family and Support Services,SCHEDULE SALARY ADJUSTMENTS,0.0,0.0
G362,50,0044,0.0,0.0,Community Services Block Grant,Department of Family and Support Services,FRINGE BENEFITS,0.0,0.0
G362,50,0125,0.0,0.0,Community Services Block Grant,Department of Family and Support Services,OFFICE AND BUILDING SERVICES,0.0,0.0
G362,50,0135,0.0,0.0,Community Services Block Grant,Department of Family and Support Services,DELEGATE AGENCIES,0.0,0.0
G362,50,0140,0.0,0.0,Community Services Block Grant,Department of Family and Support Services,PROFESSIONAL AND TECHNICAL SERVICES,0.0,0.0
G362,50,0155,0.0,0.0,Community Services Block Grant,Department of Family and Support Services,RENTAL OF PROPERTY,0.0,0.0
G362,50,0159,0.0,0.0,Community Services Block Grant,Department of Family and Support Services,LEASE/PURCHASE EQUIPMENT,0.0,0.0
G362,50,0190,0.0,0.0,Community Services Block Grant,Department of Family and Support Services,TELEPHONE - CENTREX BILLINGS,0.0,0.0
G362,50,0340,0.0,0.0,Community Services Block Grant,Department of Family and Support Services,MATERIAL AND SUPPLIES,0.0,0.0
G362,50,0350,0.0,0.0,Community Services Block Grant,Department of Family and Support Services,STATIONERY AND OFFICE SUPPLIES,0.0,0.0
G362,50,0801,0.0,0.0,Community Services Block Grant,Department of Family and Support Services,INDIRECT COSTS,0.0,0.0
G363,50,0005,0.0,0.0,Emergency Solution,Department of Family and Support Services,SALARIES AND WAGES - ON PAYROLL,0.0,0.0
G363,50,0015,0.0,0.0,Emergency Solution,Department of Family and Support Services,SCHEDULE SALARY ADJUSTMENTS,0.0,0.0
G363,50,0044,0.0,0.0,Emergency Solution,Department of Family and Support Services,FRINGE BENEFITS,0.0,0.0
G363,50,0135,4441000.0,4441000.0,Emergency Solution,Department of Family and Support Services,For Delegate Agencies,0.0,0.0
G363,50,0140,0.0,0.0,Emergency Solution,Department of Family and Support Services,PROFESSIONAL AND TECHNICAL SERVICES,0.0,0.0
G363,50,0270,0.0,0.0,Emergency Solution,Department of Family and Support Services,LOCAL TRANSPORTATION,0.0,0.0
G363,50,0340,0.0,0.0,Emergency Solution,Department of Family and Support Services,MATERIAL AND SUPPLIES,0.0,0.0
G365,50,0005,346464.0,346464.0,CHA Family Supportive Services,Department of Family and Support Services,Salaries and Wages - on Payroll,0.0,0.0
G365,50,0015,3333.0,3333.0,CHA Family Supportive Services,Department of Family and Support Services,Schedule Salary Adjustments,0.0,0.0
G365,50,0044,224345.0,224345.0,CHA Family Supportive Services,Department of Family and Support Services,Fringe Benefits,0.0,0.0
G365,50,0135,1390658.0,1390658.0,CHA Family Supportive Services,Department of Family and Support Services,For Delegate Agencies,0.0,0.0
G365,50,0801,189200.0,189200.0,CHA Family Supportive Services,Department of Family and Support Services,Indirect Costs,0.0,0.0
G366,50,0135,16639000.0,14639000.0,Area Plan On Aging-State,Department of Family and Support Services,For Delegate Agencies,2000000.0,13.662135391761732
G368,50,0140,41000.0,41000.0,Senior Companion Project-State Match,Department of Family and Support Services,For Professional and Technical Services and Other Third Party Benefit Agreements,0.0,0.0
G369,50,0140,357000.0,357000.0,Senior Companion Project-City Match,Department of Family and Support Services,For Professional and Technical Services and Other Third Party Benefit Agreements,0.0,0.0
G369,50,0991,139000.0,139000.0,Senior Companion Project-City Match,Department of Family and Support Services,To Provide for Matching and Supplementary Grant Funds Currently in Effect as Well as New Grants,0.0,0.0
G370,50,0140,59000.0,59000.0,State Foster Grandparents,Department of Family and Support Services,For Professional and Technical Services and Other Third Party Benefit Agreements,0.0,0.0
G371,50,0991,245000.0,245000.0,Foster Grandparents-City Match,Department of Family and Support Services,To Provide for Matching and Supplementary Grant Funds Currently in Effect as Well as New Grants,0.0,0.0
G372,50,0005,0.0,0.0,Foster Grandparents,Department of Family and Support Services,SALARIES AND WAGES - ON PAYROLL,0.0,0.0
G372,50,0015,0.0,0.0,Foster Grandparents,Department of Family and Support Services,SCHEDULE SALARY ADJUSTMENTS,0.0,0.0
G372,50,0044,0.0,0.0,Foster Grandparents,Department of Family and Support Services,FRINGE BENEFITS,0.0,0.0
G372,50,0135,894000.0,894000.0,Foster Grandparents,Department of Family and Support Services,For Delegate Agencies,0.0,0.0
G373,50,0991,186000.0,186000.0,Area Plan On Aging-City Match,Department of Family and Support Services,To Provide for Matching and Supplementary Grant Funds Currently in Effect as Well as New Grants,0.0,0.0
G374,50,0135,150000.0,150000.0,Area Plan On Aging-Program Income,Department of Family and Support Services,For Delegate Agencies,0.0,0.0
G375,41,0140,8862000.0,8862000.0,Housing Opportunities for People with Aids,Chicago Department of Public Health,For Professional and Technical Services and Other Third Party Benefit Agreements,0.0,0.0
G377,21,0005,0.0,0.0,Home Investment Partnership,Department of Housing,SALARIES AND WAGES - ON PAYROLL,0.0,0.0
G377,21,0015,0.0,0.0,Home Investment Partnership,Department of Housing,SCHEDULE SALARY ADJUSTMENTS,0.0,0.0
G377,21,0044,0.0,0.0,Home Investment Partnership,Department of Housing,FRINGE BENEFITS,0.0,0.0
G377,21,0135,0.0,0.0,Home Investment Partnership,Department of Housing,DELEGATE AGENCIES,0.0,0.0
G377,21,0155,0.0,0.0,Home Investment Partnership,Department of Housing,RENTAL OF PROPERTY,0.0,0.0
G377,21,0169,0.0,0.0,Home Investment Partnership,Department of Housing,TECHNICAL MEETING COSTS,0.0,0.0
G377,21,0801,0.0,0.0,Home Investment Partnership,Department of Housing,INDIRECT COSTS,0.0,0.0
G377,21,9103,19879000.0,19879000.0,Home Investment Partnership,Department of Housing,Rehabilitation Loans and Grants,0.0,0.0
G377,54,0005,0.0,0.0,Home Investment Partnership,Department of Planning and Development,SALARIES AND WAGES - ON PAYROLL,0.0,0.0
G377,54,0006,0.0,0.0,Home Investment Partnership,Department of Planning and Development,SALARY PROVISION,0.0,0.0
G377,54,0044,0.0,0.0,Home Investment Partnership,Department of Planning and Development,FRINGE BENEFITS,0.0,0.0
G378,84,0540,19138000.0,19138000.0,Nationally Significant Multimodal Freight & Highway Projects (INFRA),Chicago Department of Transportation,Construction of Buildings and Other Structures,0.0,0.0
G379,54,9103,0.0,0.0,Green Infrastructure Program,Department of Planning and Development,REHABILITATION LOANS GT,0.0,0.0
G382,91,0140,0.0,0.0,Project Next Generation,Chicago Public Library,PROFESSIONAL AND TECHNICAL SERVICES,0.0,0.0
G383,91,0005,4955703.0,4955703.0,Illinois Library Development,Chicago Public Library,Salaries and Wages - on Payroll,0.0,0.0
G383,91,0006,0.0,0.0,Illinois Library Development,Chicago Public Library,SALARY PROVISION,0.0,0.0
G383,91,0015,31599.0,31599.0,Illinois Library Development,Chicago Public Library,Schedule Salary Adjustments,0.0,0.0
G383,91,0044,3448698.0,3448698.0,Illinois Library Development,Chicago Public Library,Fringe Benefits,0.0,0.0
G384,57,0140,444000.0,444000.0,Port Security,Chicago Police Department,For Professional and Technical Services and Other Third Party Benefit Agreements,0.0,0.0
G385,57,0140,148000.0,148000.0,Port Security,Chicago Police Department,For Professional and Technical Services and Other Third Party Benefit Agreements,0.0,0.0
G386,6,0140,7800000.0,7800000.0,Urban Areas Security Initiative,Department of Technology and Innovation,For Professional and Technical Services and Other Third Party Benefit Agreements,0.0,0.0
G386,38,0140,0.0,0.0,Urban Areas Security Initiative,Department of Fleet and Facility Management,PROFESSIONAL AND TECHNICAL SERVICES,0.0,0.0
G386,51,0006,2000000.0,2000000.0,Urban Areas Security Initiative,Office of Public Safety Administration,Salary Provision,0.0,0.0
G386,51,0140,6810000.0,6810000.0,Urban Areas Security Initiative,Office of Public Safety Administration,For Professional and Technical Services and Other Third Party Benefit Agreements,0.0,0.0
G386,57,0140,13000000.0,13000000.0,Urban Areas Security Initiative,Chicago Police Department,For Professional and Technical Services and Other Third Party Benefit Agreements,0.0,0.0
G386,58,0140,4000000.0,4000000.0,Urban Areas Security Initiative,Office of Emergency Management and Communications,For Professional and Technical Services and Other Third Party Benefit Agreements,0.0,0.0
G386,59,0140,11000000.0,11000000.0,Urban Areas Security Initiative,Chicago Fire Department,For Professional and Technical Services and Other Third Party Benefit Agreements,0.0,0.0
G387,58,0140,750000.0,750000.0,Emergency Management Assistance,Office of Emergency Management and Communications,For Professional and Technical Services and Other Third Party Benefit Agreements,0.0,0.0
G394,57,0005,0.0,0.0,Improving CPD's Response To Domestic Violence,Chicago Police Department,SALARIES AND WAGES - ON PAYROLL,0.0,0.0
G394,57,0015,0.0,0.0,Improving CPD's Response To Domestic Violence,Chicago Police Department,SCHEDULE SALARY ADJUSTMENTS,0.0,0.0
G394,57,0044,0.0,0.0,Improving CPD's Response To Domestic Violence,Chicago Police Department,FRINGE BENEFITS,0.0,0.0
G395,57,0140,250000.0,250000.0,Law Enforcement Mental Health And Wellness Act,Chicago Police Department,For Professional and Technical Services and Other Third Party Benefit Agreements,0.0,0.0
G396,57,0005,2207955.0,3543957.0,Cops Hiring Program,Chicago Police Department,Salaries and Wages - on Payroll,-1336002.0,-37.69803076053124
G396,57,0006,2244048.0,0.0,Cops Hiring Program,Chicago Police Department,Salary Provision,2244048.0,0.0
G396,57,0044,1797997.0,2706043.0,Cops Hiring Program,Chicago Police Department,Fringe Benefits,-908046.0,-33.55622952037348
G397,57,0991,0.0,0.0,Cops Hiring Program,Chicago Police Department,MATCHING AND SUPPLEMENTAL GRANTS,0.0,0.0
G400,57,0006,650000.0,650000.0,Transit Security,Chicago Police Department,Salary Provision,0.0,0.0
G401,57,0140,71000.0,71000.0,Violence Against Women Sexual Assault,Chicago Police Department,For Professional and Technical Services and Other Third Party Benefit Agreements,0.0,0.0
G402,57,0991,19000.0,19000.0,Violence Against Women Sexual Assault,Chicago Police Department,To Provide for Matching and Supplementary Grant Funds Currently in Effect as Well as New Grants,0.0,0.0
G403,57,0140,150000.0,150000.0,Impaired Driving Prevention Training,Chicago Police Department,For Professional and Technical Services and Other Third Party Benefit Agreements,0.0,0.0
G407,58,0140,1200000.0,1200000.0,Preparedness And Response,Office of Emergency Management and Communications,For Professional and Technical Services and Other Third Party Benefit Agreements,0.0,0.0
G409,57,0005,0.0,0.0,Violence Against Women Domestic Violence,Chicago Police Department,SALARIES AND WAGES - ON PAYROLL,0.0,0.0
G409,57,0015,0.0,0.0,Violence Against Women Domestic Violence,Chicago Police Department,SCHEDULE SALARY ADJUSTMENTS,0.0,0.0
G409,57,0044,0.0,0.0,Violence Against Women Domestic Violence,Chicago Police Department,FRINGE BENEFITS,0.0,0.0
G411,70,0140,330000.0,330000.0,Tobacco Enforcement Grant,Department of Business Affairs and Consumer Protection,For Professional and Technical Services and Other Third Party Benefit Agreements,0.0,0.0
G412,41,0140,848019.0,848019.0,IL Tobacco Free,Chicago Department of Public Health,For Professional and Technical Services and Other Third Party Benefit Agreements,0.0,0.0
G413,84,0540,4000000.0,4000000.0,CDOT - Private Grants,Chicago Department of Transportation,Construction of Buildings and Other Structures,0.0,0.0
G415,57,0140,1300000.0,1300000.0,Sustained Traffic Enforcement Program,Chicago Police Department,For Professional and Technical Services and Other Third Party Benefit Agreements,0.0,0.0
G417,41,0005,0.0,0.0,HIV Behavioral Surveillance,Chicago Department of Public Health,SALARIES AND WAGES - ON PAYROLL,0.0,0.0
G417,41,0044,0.0,0.0,HIV Behavioral Surveillance,Chicago Department of Public Health,FRINGE BENEFITS,0.0,0.0
G417,41,0140,786408.0,382000.0,HIV Behavioral Surveillance,Chicago Department of Public Health,For Professional and Technical Services and Other Third Party Benefit Agreements,404408.0,105.86596858638744
G420,51,0140,479840.0,479840.0,Edward Byrne Memorial Justice Assistance Grant,Office of Public Safety Administration,For Professional and Technical Services and Other Third Party Benefit Agreements,0.0,0.0
G420,57,0140,2174000.0,2174000.0,Edward Byrne Memorial Justice Assistance Grant,Chicago Police Department,For Professional and Technical Services and Other Third Party Benefit Agreements,0.0,0.0
G423,59,0005,1216015.0,1216015.0,Fire Academy Training And Improvement,Chicago Fire Department,Salaries and Wages - on Payroll,0.0,0.0
G423,59,0015,6038.0,6038.0,Fire Academy Training And Improvement,Chicago Fire Department,Schedule Salary Adjustments,0.0,0.0
G423,59,0044,799243.0,799243.0,Fire Academy Training And Improvement,Chicago Fire Department,Fringe Benefits,0.0,0.0
G423,59,0140,1397704.0,1397704.0,Fire Academy Training And Improvement,Chicago Fire Department,For Professional and Technical Services and Other Third Party Benefit Agreements,0.0,0.0
G426,41,0005,481185.0,481185.0,Air Pollution Control Program,Chicago Department of Public Health,Salaries and Wages - on Payroll,0.0,0.0
G426,41,0044,317098.0,317098.0,Air Pollution Control Program,Chicago Department of Public Health,Fringe Benefits,0.0,0.0
G426,41,0140,430055.0,430055.0,Air Pollution Control Program,Chicago Department of Public Health,For Professional and Technical Services and Other Third Party Benefit Agreements,0.0,0.0
G427,41,0991,410000.0,410000.0,Air Pollution Control Program,Chicago Department of Public Health,To Provide for Matching and Supplementary Grant Funds Currently in Effect as Well as New Grants,0.0,0.0
G431,41,0140,5000000.0,5000000.0,Women Infants and Children Nutrition,Chicago Department of Public Health,For Professional and Technical Services and Other Third Party Benefit Agreements,0.0,0.0
G433,41,0005,133177.0,133177.0,Ryan White HIV Care Act Part A,Chicago Department of Public Health,Salaries and Wages - on Payroll,0.0,0.0
G433,41,0015,1106.0,1106.0,Ryan White HIV Care Act Part A,Chicago Department of Public Health,Schedule Salary Adjustments,0.0,0.0
G433,41,0044,91260.0,91260.0,Ryan White HIV Care Act Part A,Chicago Department of Public Health,Fringe Benefits,0.0,0.0
G433,41,0140,25018457.0,25018457.0,Ryan White HIV Care Act Part A,Chicago Department of Public Health,For Professional and Technical Services and Other Third Party Benefit Agreements,0.0,0.0
G434,23,0140,40000.0,40000.0,NEA Art Works,Department of Cultural Affairs and Special Events,For Professional and Technical Services and Other Third Party Benefit Agreements,0.0,0.0
G435,23,0991,40000.0,40000.0,City Match,Department of Cultural Affairs and Special Events,To Provide for Matching and Supplementary Grant Funds Currently in Effect as Well as New Grants,0.0,0.0
G436,23,0140,200000.0,200000.0,Our Town,Department of Cultural Affairs and Special Events,For Professional and Technical Services and Other Third Party Benefit Agreements,0.0,0.0
G437,23,0991,200000.0,200000.0,City Match,Department of Cultural Affairs and Special Events,To Provide for Matching and Supplementary Grant Funds Currently in Effect as Well as New Grants,0.0,0.0
G440,23,0140,0.0,0.0,IAC Partners in Excellence (PIE),Department of Cultural Affairs and Special Events,PROFESSIONAL AND TECHNICAL SERVICES,0.0,0.0
G441,23,0991,0.0,0.0,City Match,Department of Cultural Affairs and Special Events,MATCHING AND SUPPLEMENTAL GRANTS,0.0,0.0
G442,23,0140,0.0,0.0,Community Arts Access Program,Department of Cultural Affairs and Special Events,PROFESSIONAL AND TECHNICAL SERVICES,0.0,0.0
G443,23,0991,0.0,0.0,City Match,Department of Cultural Affairs and Special Events,MATCHING AND SUPPLEMENTAL GRANTS,0.0,0.0
G447,41,0005,721233.0,721233.0,Maternal and Child Health,Chicago Department of Public Health,Salaries and Wages - on Payroll,0.0,0.0
G447,41,0006,1400000.0,1400000.0,Maternal and Child Health,Chicago Department of Public Health,Salary Provision,0.0,0.0
G447,41,0015,8976.0,8976.0,Maternal and Child Health,Chicago Department of Public Health,Schedule Salary Adjustments,0.0,0.0
G447,41,0044,507819.0,507819.0,Maternal and Child Health,Chicago Department of Public Health,Fringe Benefits,0.0,0.0
G447,41,0140,2462972.0,2462972.0,Maternal and Child Health,Chicago Department of Public Health,For Professional and Technical Services and Other Third Party Benefit Agreements,0.0,0.0
G448,41,0140,575000.0,400000.0,Chicago Family Connects,Chicago Department of Public Health,For Professional and Technical Services and Other Third Party Benefit Agreements,175000.0,43.75
G449,41,0140,40000.0,40000.0,C3 Clinical and Translation Research,Chicago Department of Public Health,For Professional and Technical Services and Other Third Party Benefit Agreements,0.0,0.0
G450,41,0140,40000.0,40000.0,C3 Clinical and Translation Research,Chicago Department of Public Health,For Professional and Technical Services and Other Third Party Benefit Agreements,0.0,0.0
G451,41,0140,40000.0,40000.0,C3 Clinical and Translation Research,Chicago Department of Public Health,For Professional and Technical Services and Other Third Party Benefit Agreements,0.0,0.0
G452,57,0140,110000.0,100000.0,Project Safe Neighborhoods,Chicago Police Department,For Professional and Technical Services and Other Third Party Benefit Agreements,10000.0,10.0
G453,50,0006,17500000.0,17500000.0,Early Head Start -Child Care Partnership,Department of Family and Support Services,Salary Provision,0.0,0.0
G453,50,0140,3104000.0,3104000.0,Early Head Start -Child Care Partnership,Department of Family and Support Services,For Professional and Technical Services and Other Third Party Benefit Agreements,0.0,0.0
G455,41,0140,150000.0,150000.0,Resource Conservation Recovery Act-Subtitle D,Chicago Department of Public Health,For Professional and Technical Services and Other Third Party Benefit Agreements,0.0,0.0
G457,88,0140,0.0,0.0,Hazard Mitigation Grant Program,Department of Water Management,PROFESSIONAL AND TECHNICAL SERVICES,0.0,0.0
G458,88,0140,0.0,0.0,Hazard Mitigation Grant Program,Department of Water Management,PROFESSIONAL AND TECHNICAL SERVICES,0.0,0.0
G459,41,0140,680000.0,680000.0,Lead Based Paint Hazard Control (Torrens Fund),Chicago Department of Public Health,For Professional and Technical Services and Other Third Party Benefit Agreements,0.0,0.0
G460,41,0140,400000.0,575000.0,Chicago Family Connects,Chicago Department of Public Health,For Professional and Technical Services and Other Third Party Benefit Agreements,-175000.0,-30.434782608695656
G461,50,0140,0.0,0.0,The National Academy of State Health Policy,Department of Family and Support Services,PROFESSIONAL AND TECHNICAL SERVICES,0.0,0.0
G463,54,0140,0.0,0.0,Build Illinois Bond Fund,Department of Planning and Development,PROFESSIONAL AND TECHNICAL SERVICES,0.0,0.0
G463,54,9103,26000000.0,26000000.0,Build Illinois Bond Fund,Department of Planning and Development,Rehabilitation Loans and Grants,0.0,0.0
G464,54,0006,150000.0,150000.0,African American Cultural Heritage Action Fund,Department of Planning and Development,Salary Provision,0.0,0.0
G464,54,0140,0.0,0.0,African American Cultural Heritage Action Fund,Department of Planning and Development,PROFESSIONAL AND TECHNICAL SERVICES,0.0,0.0
G465,41,0140,0.0,0.0,Chicago Family Connects,Chicago Department of Public Health,PROFESSIONAL AND TECHNICAL SERVICES,0.0,0.0
G466,91,0140,50000.0,50000.0,State Capital Construction Program,Chicago Public Library,For Professional and Technical Services and Other Third Party Benefit Agreements,0.0,0.0
G467,48,0005,57508.0,57508.0,Training and Services to End Violence Against Women with Disabilities,Mayor's Office for People with Disabilities,Salaries and Wages - on Payroll,0.0,0.0
G467,48,0006,10148.0,10148.0,Training and Services to End Violence Against Women with Disabilities,Mayor's Office for People with Disabilities,Salary Provision,0.0,0.0
G467,48,0015,1512.0,1512.0,Training and Services to End Violence Against Women with Disabilities,Mayor's Office for People with Disabilities,Schedule Salary Adjustments,0.0,0.0
G467,48,0044,42495.0,42495.0,Training and Services to End Violence Against Women with Disabilities,Mayor's Office for People with Disabilities,Fringe Benefits,0.0,0.0
G467,48,0140,313337.0,313337.0,Training and Services to End Violence Against Women with Disabilities,Mayor's Office for People with Disabilities,For Professional and Technical Services and Other Third Party Benefit Agreements,0.0,0.0
G468,41,0140,2687000.0,2687000.0,Lead Poisoning Prevention - Childhood Lead Poisoning Prevention (BASE),Chicago Department of Public Health,For Professional and Technical Services and Other Third Party Benefit Agreements,0.0,0.0
G469,41,0140,431632.0,431632.0,Vector Surveillance and Control,Chicago Department of Public Health,For Professional and Technical Services and Other Third Party Benefit Agreements,0.0,0.0
G470,41,0140,3650000.0,3650000.0,Local Health Protection,Chicago Department of Public Health,For Professional and Technical Services and Other Third Party Benefit Agreements,0.0,0.0
G471,41,0140,7000.0,7000.0,Tanning Facilities Inspections,Chicago Department of Public Health,For Professional and Technical Services and Other Third Party Benefit Agreements,0.0,0.0
G472,41,0140,123307.0,123307.0,Pre-Exposure Prophylaxis (PREP),Chicago Department of Public Health,For Professional and Technical Services and Other Third Party Benefit Agreements,0.0,0.0
G473,41,0140,123900.0,123900.0,Body Art Facilities Inspections,Chicago Department of Public Health,For Professional and Technical Services and Other Third Party Benefit Agreements,0.0,0.0
G475,41,0140,0.0,0.0,Healthy Chicago,Chicago Department of Public Health,PROFESSIONAL AND TECHNICAL SERVICES,0.0,0.0
G476,23,0140,54000.0,54000.0,Partners in Excellence,Department of Cultural Affairs and Special Events,For Professional and Technical Services and Other Third Party Benefit Agreements,0.0,0.0
G477,23,0991,54000.0,54000.0,Partners in Excellence,Department of Cultural Affairs and Special Events,To Provide for Matching and Supplementary Grant Funds Currently in Effect as Well as New Grants,0.0,0.0
G478,23,0140,182000.0,182000.0,Community Arts Access Program,Department of Cultural Affairs and Special Events,For Professional and Technical Services and Other Third Party Benefit Agreements,0.0,0.0
G479,57,0140,500000.0,500000.0,COPS Technology and Equipment Program,Chicago Police Department,For Professional and Technical Services and Other Third Party Benefit Agreements,0.0,0.0
G480,57,0140,500000.0,500000.0,Byrne Discretionary Community Project,Chicago Police Department,For Professional and Technical Services and Other Third Party Benefit Agreements,0.0,0.0
G481,48,0005,0.0,0.0,Disabled Survivors of Gun and Community Violence Assistance Program,Mayor's Office for People with Disabilities,SALARIES AND WAGES - ON PAYROLL,0.0,0.0
G481,48,0140,0.0,0.0,Disabled Survivors of Gun and Community Violence Assistance Program,Mayor's Office for People with Disabilities,PROFESSIONAL AND TECHNICAL SERVICES,0.0,0.0
G482,50,0140,537000.0,537000.0,Title XX Donated Funds,Department of Family and Support Services,For Professional and Technical Services and Other Third Party Benefit Agreements,0.0,0.0
G483,50,0135,179000.0,179000.0,Title XX Donated Funds,Department of Family and Support Services,For Delegate Agencies,0.0,0.0
G484,50,0091,509000.0,509000.0,Title XX Donated Funds,Department of Family and Support Services,Uniform Allowance,0.0,0.0
G484,50,0140,0.0,0.0,Title XX Donated Funds,Department of Family and Support Services,PROFESSIONAL AND TECHNICAL SERVICES,0.0,0.0
G485,50,0135,170000.0,170000.0,Title XX Donated Funds,Department of Family and Support Services,For Delegate Agencies,0.0,0.0
G486,50,0140,211000.0,211000.0,Title XX Donated Funds,Department of Family and Support Services,For Professional and Technical Services and Other Third Party Benefit Agreements,0.0,0.0
G487,50,0140,71000.0,71000.0,Title XX Donated Funds,Department of Family and Support Services,For Professional and Technical Services and Other Third Party Benefit Agreements,0.0,0.0
G488,5,0140,0.0,0.0,Emergency Food and Shelter,Office of Budget and Management,PROFESSIONAL AND TECHNICAL SERVICES,0.0,0.0
G489,21,0135,0.0,0.0,Court Based Rental Assistance Program,Department of Housing,DELEGATE AGENCIES,0.0,0.0
G490,38,0140,500000.0,500000.0,Brownsfield Redevelopment,Department of Fleet and Facility Management,For Professional and Technical Services and Other Third Party Benefit Agreements,0.0,0.0
G492,23,0140,200000.0,200000.0,City Match,Department of Cultural Affairs and Special Events,For Professional and Technical Services and Other Third Party Benefit Agreements,0.0,0.0
G493,41,0140,133000.0,133000.0,Crisis Assistance Response And Engagement,Chicago Department of Public Health,For Professional and Technical Services and Other Third Party Benefit Agreements,0.0,0.0
G494,41,0140,200000.0,200000.0,NFL Social Justice,Chicago Department of Public Health,For Professional and Technical Services and Other Third Party Benefit Agreements,0.0,0.0
G495,50,0140,1869000.0,1869000.0,Transit and Homelessness Support,Department of Family and Support Services,For Professional and Technical Services and Other Third Party Benefit Agreements,0.0,0.0
G496,21,9103,2000000.0,2000000.0,Economic Development Initiative  Community Project Funding and Misc. Grants,Department of Housing,Rehabilitation Loans and Grants,0.0,0.0
G497,21,9103,2000000.0,2000000.0,Economic Development Initiative  Community Project Funding and Misc. Grants,Department of Housing,Rehabilitation Loans and Grants,0.0,0.0
G498,48,0005,57508.0,57508.0,Disabled Survivors of Gun and Community Violence Assistance Program,Mayor's Office for People with Disabilities,Salaries and Wages - on Payroll,0.0,0.0
G498,48,0006,10148.0,10148.0,Disabled Survivors of Gun and Community Violence Assistance Program,Mayor's Office for People with Disabilities,Salary Provision,0.0,0.0
G498,48,0015,1512.0,1512.0,Disabled Survivors of Gun and Community Violence Assistance Program,Mayor's Office for People with Disabilities,Schedule Salary Adjustments,0.0,0.0
G498,48,0044,42495.0,42495.0,Disabled Survivors of Gun and Community Violence Assistance Program,Mayor's Office for People with Disabilities,Fringe Benefits,0.0,0.0
G498,48,0140,238337.0,238337.0,Disabled Survivors of Gun and Community Violence Assistance Program,Mayor's Office for People with Disabilities,For Professional and Technical Services and Other Third Party Benefit Agreements,0.0,0.0
G503,41,0140,1662000.0,1662000.0,Public Health Crisis Response,Chicago Department of Public Health,For Professional and Technical Services and Other Third Party Benefit Agreements,0.0,0.0
G505,57,0140,5000.0,5000.0,Community Victims Awareness Project,Chicago Police Department,For Professional and Technical Services and Other Third Party Benefit Agreements,0.0,0.0
G506,41,0005,108892.0,108892.0,Lead Poisoning Surveillance,Chicago Department of Public Health,Salaries and Wages - on Payroll,0.0,0.0
G506,41,0006,3368.0,3368.0,Lead Poisoning Surveillance,Chicago Department of Public Health,Salary Provision,0.0,0.0
G506,41,0044,70511.0,70511.0,Lead Poisoning Surveillance,Chicago Department of Public Health,Fringe Benefits,0.0,0.0
G506,41,0140,275598.0,275598.0,Lead Poisoning Surveillance,Chicago Department of Public Health,For Professional and Technical Services and Other Third Party Benefit Agreements,0.0,0.0
G506,41,0340,854.0,854.0,Lead Poisoning Surveillance,Chicago Department of Public Health,Material and Supplies,0.0,0.0
G506,41,0801,22187.0,22187.0,Lead Poisoning Surveillance,Chicago Department of Public Health,Indirect Costs,0.0,0.0
G507,41,0140,750000.0,750000.0,Lead Based Paint Hazard Control (Torrens Fund),Chicago Department of Public Health,For Professional and Technical Services and Other Third Party Benefit Agreements,0.0,0.0
G508,41,0005,300137.0,300137.0,Family Connects,Chicago Department of Public Health,Salaries and Wages - on Payroll,0.0,0.0
G508,41,0006,3816.0,3816.0,Family Connects,Chicago Department of Public Health,Salary Provision,0.0,0.0
G508,41,0015,1700.0,1700.0,Family Connects,Chicago Department of Public Health,Schedule Salary Adjustments,0.0,0.0
G508,41,0044,194347.0,194347.0,Family Connects,Chicago Department of Public Health,Fringe Benefits,0.0,0.0
G509,41,0005,339117.0,339117.0,Family Connects,Chicago Department of Public Health,Salaries and Wages - on Payroll,0.0,0.0
G509,41,0006,1920.0,1920.0,Family Connects,Chicago Department of Public Health,Salary Provision,0.0,0.0
G509,41,0015,6376.0,6376.0,Family Connects,Chicago Department of Public Health,Schedule Salary Adjustments,0.0,0.0
G509,41,0044,252587.0,252587.0,Family Connects,Chicago Department of Public Health,Fringe Benefits,0.0,0.0
G510,41,0006,216270.0,216270.0,Adult Viral Hepatitis,Chicago Department of Public Health,Salary Provision,0.0,0.0
G510,41,0140,290230.0,236730.0,Adult Viral Hepatitis,Chicago Department of Public Health,For Professional and Technical Services and Other Third Party Benefit Agreements,53500.0,22.59958602627466
G510,41,0181,89752.0,89752.0,Adult Viral Hepatitis,Chicago Department of Public Health,Mobile Communication Services,0.0,0.0
G510,41,0270,1780.0,1780.0,Adult Viral Hepatitis,Chicago Department of Public Health,Local Transportation,0.0,0.0
G510,41,0340,468.0,468.0,Adult Viral Hepatitis,Chicago Department of Public Health,Material and Supplies,0.0,0.0
G511,41,0140,4156000.0,4156000.0,Injury Prevention and Control Research,Chicago Department of Public Health,For Professional and Technical Services and Other Third Party Benefit Agreements,0.0,0.0
G512,50,0140,537000.0,537000.0,Title XX Donated Funds,Department of Family and Support Services,For Professional and Technical Services and Other Third Party Benefit Agreements,0.0,0.0
G513,50,0140,179000.0,179000.0,Title XX Donated Funds,Department of Family and Support Services,For Professional and Technical Services and Other Third Party Benefit Agreements,0.0,0.0
G514,41,0005,1265732.0,1265732.0,Lead Poisoning Prevention - Childhood Lead Poisoning Prevention,Chicago Department of Public Health,Salaries and Wages - on Payroll,0.0,0.0
G514,41,0006,64156.0,64156.0,Lead Poisoning Prevention - Childhood Lead Poisoning Prevention,Chicago Department of Public Health,Salary Provision,0.0,0.0
G514,41,0015,10938.0,10938.0,Lead Poisoning Prevention - Childhood Lead Poisoning Prevention,Chicago Department of Public Health,Schedule Salary Adjustments,0.0,0.0
G514,41,0044,835303.0,835303.0,Lead Poisoning Prevention - Childhood Lead Poisoning Prevention,Chicago Department of Public Health,Fringe Benefits,0.0,0.0
G514,41,0140,510871.0,510871.0,Lead Poisoning Prevention - Childhood Lead Poisoning Prevention,Chicago Department of Public Health,For Professional and Technical Services and Other Third Party Benefit Agreements,0.0,0.0
G515,50,0140,211000.0,211000.0,Title XX Donated Funds,Department of Family and Support Services,For Professional and Technical Services and Other Third Party Benefit Agreements,0.0,0.0
G516,50,0140,71000.0,71000.0,Title XX Donated Funds,Department of Family and Support Services,For Professional and Technical Services and Other Third Party Benefit Agreements,0.0,0.0
G517,50,0091,509000.0,509000.0,Title XX Donated Funds,Department of Family and Support Services,Uniform Allowance,0.0,0.0
G518,50,0140,170000.0,170000.0,Title XX Donated Funds,Department of Family and Support Services,For Professional and Technical Services and Other Third Party Benefit Agreements,0.0,0.0
G519,41,0005,2615409.0,2615409.0,Maternal and Child Health Block Grant,Chicago Department of Public Health,Salaries and Wages - on Payroll,0.0,0.0
G519,41,0015,46972.0,46972.0,Maternal and Child Health Block Grant,Chicago Department of Public Health,Schedule Salary Adjustments,0.0,0.0
G519,41,0044,1812041.0,1812041.0,Maternal and Child Health Block Grant,Chicago Department of Public Health,Fringe Benefits,0.0,0.0
G519,41,0140,625578.0,625578.0,Maternal and Child Health Block Grant,Chicago Department of Public Health,For Professional and Technical Services and Other Third Party Benefit Agreements,0.0,0.0
G520,91,0005,107554.0,107554.0,Illinois Library Development,Chicago Public Library,Salaries and Wages - on Payroll,0.0,0.0
G520,91,0006,8257186.0,8257186.0,Illinois Library Development,Chicago Public Library,Salary Provision,0.0,0.0
G520,91,0015,1616.0,1616.0,Illinois Library Development,Chicago Public Library,Schedule Salary Adjustments,0.0,0.0
G520,91,0044,69644.0,69644.0,Illinois Library Development,Chicago Public Library,Fringe Benefits,0.0,0.0
G522,41,0006,40000.0,40000.0,C3 Clinical and Translation Research,Chicago Department of Public Health,Salary Provision,0.0,0.0
G523,41,0006,40000.0,40000.0,C3 Clinical and Translation Research,Chicago Department of Public Health,Salary Provision,0.0,0.0
G524,41,0005,1693.0,1693.0,C3 Clinical and Translation Research,Chicago Department of Public Health,Salaries and Wages - on Payroll,0.0,0.0
G524,41,0015,1674.0,1674.0,C3 Clinical and Translation Research,Chicago Department of Public Health,Schedule Salary Adjustments,0.0,0.0
G524,41,0044,46633.0,46633.0,C3 Clinical and Translation Research,Chicago Department of Public Health,Fringe Benefits,0.0,0.0
G525,6,0005,348700.0,348700.0,Bioterrorism Public Health Emergency Preparedness,Department of Technology and Innovation,Salaries and Wages - on Payroll,0.0,0.0
G525,6,0044,255300.0,255300.0,Bioterrorism Public Health Emergency Preparedness,Department of Technology and Innovation,Fringe Benefits,0.0,0.0
G525,41,0140,11300000.0,11300000.0,Bioterrorism Public Health Emergency Preparedness,Chicago Department of Public Health,For Professional and Technical Services and Other Third Party Benefit Agreements,0.0,0.0
G526,41,0005,131113.0,131113.0,Comprehensive Health Protection,Chicago Department of Public Health,Salaries and Wages - on Payroll,0.0,0.0
G526,41,0006,4055.0,4055.0,Comprehensive Health Protection,Chicago Department of Public Health,Salary Provision,0.0,0.0
G526,41,0015,5992.0,5992.0,Comprehensive Health Protection,Chicago Department of Public Health,Schedule Salary Adjustments,0.0,0.0
G526,41,0044,84899.0,84899.0,Comprehensive Health Protection,Chicago Department of Public Health,Fringe Benefits,0.0,0.0
G526,41,0140,253941.0,253941.0,Comprehensive Health Protection,Chicago Department of Public Health,For Professional and Technical Services and Other Third Party Benefit Agreements,0.0,0.0
G527,41,0006,860000.0,860000.0,Bioterrorism Hospital Preparedness Program,Chicago Department of Public Health,Salary Provision,0.0,0.0
G527,41,0135,1500000.0,1500000.0,Bioterrorism Hospital Preparedness Program,Chicago Department of Public Health,For Delegate Agencies,0.0,0.0
G527,41,0140,840000.0,840000.0,Bioterrorism Hospital Preparedness Program,Chicago Department of Public Health,For Professional and Technical Services and Other Third Party Benefit Agreements,0.0,0.0
G528,48,0005,0.0,105469.0,Substance Use Prevention Program for the Deaf and Hard of Hearing,Mayor's Office for People with Disabilities,SALARIES AND WAGES - ON PAYROLL,-105469.0,-100.0
G528,48,0015,0.0,398.0,Substance Use Prevention Program for the Deaf and Hard of Hearing,Mayor's Office for People with Disabilities,SCHEDULE SALARY ADJUSTMENTS,-398.0,-100.0
G528,48,0044,0.0,85133.0,Substance Use Prevention Program for the Deaf and Hard of Hearing,Mayor's Office for People with Disabilities,FRINGE BENEFITS,-85133.0,-100.0
G528,48,0140,40000.0,0.0,Substance Use Prevention Program for the Deaf and Hard of Hearing,Mayor's Office for People with Disabilities,For Professional and Technical Services and Other Third Party Benefit Agreements,40000.0,0.0
G529,48,0005,105469.0,0.0,Substance Use Prevention Program for the Deaf and Hard of Hearing,Mayor's Office for People with Disabilities,Salaries and Wages - on Payroll,105469.0,0.0
G529,48,0015,398.0,0.0,Substance Use Prevention Program for the Deaf and Hard of Hearing,Mayor's Office for People with Disabilities,Schedule Salary Adjustments,398.0,0.0
G529,48,0044,85133.0,0.0,Substance Use Prevention Program for the Deaf and Hard of Hearing,Mayor's Office for People with Disabilities,Fringe Benefits,85133.0,0.0
G529,48,0140,0.0,40000.0,Substance Use Prevention Program for the Deaf and Hard of Hearing,Mayor's Office for People with Disabilities,PROFESSIONAL AND TECHNICAL SERVICES,-40000.0,-100.0
G532,57,0006,850000.0,850000.0,Body-Worn Camera Policy & Implementation,Chicago Police Department,Salary Provision,0.0,0.0
G533,57,0991,850000.0,850000.0,Body-Worn Camera Policy & Implementation-City Match,Chicago Police Department,To Provide for Matching and Supplementary Grant Funds Currently in Effect as Well as New Grants,0.0,0.0
G535,57,0140,350000.0,350000.0,Community Policing Development,Chicago Police Department,For Professional and Technical Services and Other Third Party Benefit Agreements,0.0,0.0
G536,57,0005,3423185.0,3423185.0,Cops Hiring Program,Chicago Police Department,Salaries and Wages - on Payroll,0.0,0.0
G536,57,0015,106074.0,106074.0,Cops Hiring Program,Chicago Police Department,Schedule Salary Adjustments,0.0,0.0
G536,57,0044,2720741.0,2720741.0,Cops Hiring Program,Chicago Police Department,Fringe Benefits,0.0,0.0
G537,57,0005,1938210.0,1938210.0,Cops Hiring Program-City Match,Chicago Police Department,Salaries and Wages - on Payroll,0.0,0.0
G537,57,0015,118272.0,118272.0,Cops Hiring Program-City Match,Chicago Police Department,Schedule Salary Adjustments,0.0,0.0
G537,57,0044,2543518.0,2543518.0,Cops Hiring Program-City Match,Chicago Police Department,Fringe Benefits,0.0,0.0
G538,51,0140,210000.0,0.0,Edward Byrne Memorial Justice Assistance Grant (JAG),Office of Public Safety Administration,For Professional and Technical Services and Other Third Party Benefit Agreements,210000.0,0.0
G538,57,0140,2450000.0,0.0,Edward Byrne Memorial Justice Assistance Grant (JAG),Chicago Police Department,For Professional and Technical Services and Other Third Party Benefit Agreements,2450000.0,0.0
G539,57,0006,1300000.0,1300000.0,Sustained Traffic Enforcement Program,Chicago Police Department,Salary Provision,0.0,0.0
G540,57,0140,175000.0,175000.0,Law Enforcement Mental Health and Wellness Act,Chicago Police Department,For Professional and Technical Services and Other Third Party Benefit Agreements,0.0,0.0
G541,57,0140,1000000.0,1000000.0,Paul Coverdell Forensic Science Improvement,Chicago Police Department,For Professional and Technical Services and Other Third Party Benefit Agreements,0.0,0.0
G543,57,0140,225000.0,225000.0,Impaired Driving Prevention Training,Chicago Police Department,For Professional and Technical Services and Other Third Party Benefit Agreements,0.0,0.0
G544,21,0005,2036405.0,2063633.0,Home Investment Partnership FY24,Department of Housing,Salaries and Wages - on Payroll,-27228.0,-1.319420652800183
G544,21,0015,31859.0,31859.0,Home Investment Partnership FY24,Department of Housing,Schedule Salary Adjustments,0.0,0.0
G544,21,0044,1360045.0,1360045.0,Home Investment Partnership FY24,Department of Housing,Fringe Benefits,0.0,0.0
G544,21,0135,327228.0,300000.0,Home Investment Partnership FY24,Department of Housing,For Delegate Agencies,27228.0,9.075999999999999
G544,21,0169,18000.0,18000.0,Home Investment Partnership FY24,Department of Housing,Technical Meeting Costs,0.0,0.0
G544,21,9103,17620463.0,17620463.0,Home Investment Partnership FY24,Department of Housing,Rehabilitation Loans and Grants,0.0,0.0
G545,59,0140,4500000.0,4500000.0,Fire Academy Training And Improvement,Chicago Fire Department,For Professional and Technical Services and Other Third Party Benefit Agreements,0.0,0.0
G546,41,0140,137000.0,137000.0,Comprehensive Health Protection,Chicago Department of Public Health,For Professional and Technical Services and Other Third Party Benefit Agreements,0.0,0.0
G547,41,0140,7000.0,7000.0,Comprehensive Health Protection,Chicago Department of Public Health,For Professional and Technical Services and Other Third Party Benefit Agreements,0.0,0.0
G548,41,0140,136000.0,136000.0,Comprehensive Health Protection,Chicago Department of Public Health,For Professional and Technical Services and Other Third Party Benefit Agreements,0.0,0.0
G549,41,0005,2077350.0,2077350.0,Comprehensive Health Protection,Chicago Department of Public Health,Salaries and Wages - on Payroll,0.0,0.0
G549,41,0015,11643.0,11643.0,Comprehensive Health Protection,Chicago Department of Public Health,Schedule Salary Adjustments,0.0,0.0
G549,41,0044,1377897.0,1377897.0,Comprehensive Health Protection,Chicago Department of Public Health,Fringe Benefits,0.0,0.0
G549,41,0140,533110.0,533110.0,Comprehensive Health Protection,Chicago Department of Public Health,For Professional and Technical Services and Other Third Party Benefit Agreements,0.0,0.0
G550,58,0140,1200000.0,1200000.0,Port Security 2024,Office of Emergency Management and Communications,For Professional and Technical Services and Other Third Party Benefit Agreements,0.0,0.0
G551,58,0140,400000.0,400000.0,Port Security 2024 Match,Office of Emergency Management and Communications,For Professional and Technical Services and Other Third Party Benefit Agreements,0.0,0.0
G552,6,0140,7800000.0,7800000.0,Urban Areas Security Initiative,Department of Technology and Innovation,For Professional and Technical Services and Other Third Party Benefit Agreements,0.0,0.0
G552,51,0005,1101793.0,1101793.0,Urban Areas Security Initiative,Office of Public Safety Administration,Salaries and Wages - on Payroll,0.0,0.0
G552,51,0015,11255.0,11255.0,Urban Areas Security Initiative,Office of Public Safety Administration,Schedule Salary Adjustments,0.0,0.0
G552,51,0044,739664.0,739664.0,Urban Areas Security Initiative,Office of Public Safety Administration,Fringe Benefits,0.0,0.0
G552,51,0140,7347288.0,7347288.0,Urban Areas Security Initiative,Office of Public Safety Administration,For Professional and Technical Services and Other Third Party Benefit Agreements,0.0,0.0
G552,57,0140,13000000.0,13000000.0,Urban Areas Security Initiative,Chicago Police Department,For Professional and Technical Services and Other Third Party Benefit Agreements,0.0,0.0
G552,58,0140,4000000.0,4000000.0,Urban Areas Security Initiative,Office of Emergency Management and Communications,For Professional and Technical Services and Other Third Party Benefit Agreements,0.0,0.0
G552,59,0140,11000000.0,11000000.0,Urban Areas Security Initiative,Chicago Fire Department,For Professional and Technical Services and Other Third Party Benefit Agreements,0.0,0.0
G553,58,0140,750000.0,750000.0,Emergency Management Assistance,Office of Emergency Management and Communications,For Professional and Technical Services and Other Third Party Benefit Agreements,0.0,0.0
G554,58,0140,150000.0,150000.0,Hazardous Materials Emergency Preparedness,Office of Emergency Management and Communications,For Professional and Technical Services and Other Third Party Benefit Agreements,0.0,0.0
G555,41,0020,50000.0,50000.0,Care Van Blue Cross,Chicago Department of Public Health,Overtime,0.0,0.0
G556,59,0140,750000.0,750000.0,Assistance to Firefighters,Chicago Fire Department,For Professional and Technical Services and Other Third Party Benefit Agreements,0.0,0.0
G557,59,0991,250000.0,250000.0,Assistance to Firefighters,Chicago Fire Department,To Provide for Matching and Supplementary Grant Funds Currently in Effect as Well as New Grants,0.0,0.0
G558,41,0006,4350000.0,4350000.0,Immunization,Chicago Department of Public Health,Salary Provision,0.0,0.0
G558,41,0140,1650000.0,1650000.0,Immunization,Chicago Department of Public Health,For Professional and Technical Services and Other Third Party Benefit Agreements,0.0,0.0
G559,41,0140,11000000.0,11000000.0,Housing Opportunities for People with Aids (HOPWA),Chicago Department of Public Health,For Professional and Technical Services and Other Third Party Benefit Agreements,0.0,0.0
G560,41,0140,150000.0,150000.0,Resource Conservation,Chicago Department of Public Health,For Professional and Technical Services and Other Third Party Benefit Agreements,0.0,0.0
G561,41,0005,54125.0,54125.0,Solid Waste Management,Chicago Department of Public Health,Salaries and Wages - on Payroll,0.0,0.0
G561,41,0015,1608.0,1608.0,Solid Waste Management,Chicago Department of Public Health,Schedule Salary Adjustments,0.0,0.0
G561,41,0044,42495.0,42495.0,Solid Waste Management,Chicago Department of Public Health,Fringe Benefits,0.0,0.0
G561,41,0140,74772.0,74772.0,Solid Waste Management,Chicago Department of Public Health,For Professional and Technical Services and Other Third Party Benefit Agreements,0.0,0.0
G562,41,0140,25000.0,25000.0,Healthy Chicago 2.0,Chicago Department of Public Health,For Professional and Technical Services and Other Third Party Benefit Agreements,0.0,0.0
G563,41,0005,308496.0,308496.0,Underground Storage Tank Inspection,Chicago Department of Public Health,Salaries and Wages - on Payroll,0.0,0.0
G563,41,0015,2484.0,2484.0,Underground Storage Tank Inspection,Chicago Department of Public Health,Schedule Salary Adjustments,0.0,0.0
G563,41,0044,239020.0,239020.0,Underground Storage Tank Inspection,Chicago Department of Public Health,Fringe Benefits,0.0,0.0
G564,23,0140,100000.0,100000.0,NEA Our Town,Department of Cultural Affairs and Special Events,For Professional and Technical Services and Other Third Party Benefit Agreements,0.0,0.0
G565,23,0991,100000.0,100000.0,City Match,Department of Cultural Affairs and Special Events,To Provide for Matching and Supplementary Grant Funds Currently in Effect as Well as New Grants,0.0,0.0
G566,23,0140,145000.0,145000.0,IAC CAAP,Department of Cultural Affairs and Special Events,For Professional and Technical Services and Other Third Party Benefit Agreements,0.0,0.0
G567,23,0991,37000.0,37000.0,City Match,Department of Cultural Affairs and Special Events,To Provide for Matching and Supplementary Grant Funds Currently in Effect as Well as New Grants,0.0,0.0
G568,23,0140,54000.0,54000.0,IAC Partners in Excellence (PIE),Department of Cultural Affairs and Special Events,For Professional and Technical Services and Other Third Party Benefit Agreements,0.0,0.0
G570,23,0140,50000.0,50000.0,NEA Art Works,Department of Cultural Affairs and Special Events,For Professional and Technical Services and Other Third Party Benefit Agreements,0.0,0.0
G571,23,0991,50000.0,50000.0,City Match,Department of Cultural Affairs and Special Events,To Provide for Matching and Supplementary Grant Funds Currently in Effect as Well as New Grants,0.0,0.0
G574,23,0140,100000.0,100000.0,NEA Art Works Media,Department of Cultural Affairs and Special Events,For Professional and Technical Services and Other Third Party Benefit Agreements,0.0,0.0
G575,23,0991,100000.0,100000.0,City Match,Department of Cultural Affairs and Special Events,To Provide for Matching and Supplementary Grant Funds Currently in Effect as Well as New Grants,0.0,0.0
G576,58,0140,1500000.0,1500000.0,Preparedness and Response,Office of Emergency Management and Communications,For Professional and Technical Services and Other Third Party Benefit Agreements,0.0,0.0
G577,58,0140,1000000.0,1000000.0,Regional Catastrophic Preparedness,Office of Emergency Management and Communications,For Professional and Technical Services and Other Third Party Benefit Agreements,0.0,0.0
G578,50,0005,444962.0,444962.0,Emergency Solution,Department of Family and Support Services,Salaries and Wages - on Payroll,0.0,0.0
G578,50,0015,10108.0,10108.0,Emergency Solution,Department of Family and Support Services,Schedule Salary Adjustments,0.0,0.0
G578,50,0044,288124.0,288124.0,Emergency Solution,Department of Family and Support Services,Fringe Benefits,0.0,0.0
G578,50,0135,5751906.0,5751906.0,Emergency Solution,Department of Family and Support Services,For Delegate Agencies,0.0,0.0
G578,50,0140,229687.0,229687.0,Emergency Solution,Department of Family and Support Services,For Professional and Technical Services and Other Third Party Benefit Agreements,0.0,0.0
G578,50,0270,800.0,800.0,Emergency Solution,Department of Family and Support Services,Local Transportation,0.0,0.0
G578,50,0340,7413.0,7413.0,Emergency Solution,Department of Family and Support Services,Material and Supplies,0.0,0.0
G579,50,0140,455000.0,455000.0,Chicago Domestic Violence Help Line,Department of Family and Support Services,For Professional and Technical Services and Other Third Party Benefit Agreements,0.0,0.0
G580,50,0991,357000.0,357000.0,Chicago Domestic Violence Help Line,Department of Family and Support Services,To Provide for Matching and Supplementary Grant Funds Currently in Effect as Well as New Grants,0.0,0.0
G581,41,0005,2053449.0,2053449.0,Ryan White HIV Care Act Part A,Chicago Department of Public Health,Salaries and Wages - on Payroll,0.0,0.0
G581,41,0006,111423.0,111423.0,Ryan White HIV Care Act Part A,Chicago Department of Public Health,Salary Provision,0.0,0.0
G581,41,0015,20613.0,20613.0,Ryan White HIV Care Act Part A,Chicago Department of Public Health,Schedule Salary Adjustments,0.0,0.0
G581,41,0044,1359758.0,1359758.0,Ryan White HIV Care Act Part A,Chicago Department of Public Health,Fringe Benefits,0.0,0.0
G581,41,0140,26454757.0,26454757.0,Ryan White HIV Care Act Part A,Chicago Department of Public Health,For Professional and Technical Services and Other Third Party Benefit Agreements,0.0,0.0
G583,48,0140,92000.0,92000.0,CHA Home Modification Program,Mayor's Office for People with Disabilities,For Professional and Technical Services and Other Third Party Benefit Agreements,0.0,0.0
G583,50,0140,450000.0,450000.0,CHA Home Modification Program,Department of Family and Support Services,For Professional and Technical Services and Other Third Party Benefit Agreements,0.0,0.0
G584,50,0005,4862356.0,4862356.0,Community Services Block Grant,Department of Family and Support Services,Salaries and Wages - on Payroll,0.0,0.0
G584,50,0015,44402.0,44402.0,Community Services Block Grant,Department of Family and Support Services,Schedule Salary Adjustments,0.0,0.0
G584,50,0044,3166002.0,3166002.0,Community Services Block Grant,Department of Family and Support Services,Fringe Benefits,0.0,0.0
G584,50,0125,33926.0,33926.0,Community Services Block Grant,Department of Family and Support Services,Office and Building Services,0.0,0.0
G584,50,0135,4815161.0,4815161.0,Community Services Block Grant,Department of Family and Support Services,For Delegate Agencies,0.0,0.0
G584,50,0140,40774.0,40774.0,Community Services Block Grant,Department of Family and Support Services,For Professional and Technical Services and Other Third Party Benefit Agreements,0.0,0.0
G584,50,0155,53570.0,53570.0,Community Services Block Grant,Department of Family and Support Services,Rental of Property,0.0,0.0
G584,50,0159,20892.0,20892.0,Community Services Block Grant,Department of Family and Support Services,Lease Purchase Agreements for Equipment and Machinery,0.0,0.0
G584,50,0190,53570.0,53570.0,Community Services Block Grant,Department of Family and Support Services,Telephone - Centrex Billings,0.0,0.0
G584,50,0340,10500.0,10500.0,Community Services Block Grant,Department of Family and Support Services,Material and Supplies,0.0,0.0
G584,50,0350,3285.0,3285.0,Community Services Block Grant,Department of Family and Support Services,Stationery and Office Supplies,0.0,0.0
G584,50,0801,695562.0,695562.0,Community Services Block Grant,Department of Family and Support Services,Indirect Costs,0.0,0.0
G585,50,0005,216935.0,216935.0,Emergency And Transition Housing,Department of Family and Support Services,Salaries and Wages - on Payroll,0.0,0.0
G585,50,0006,6709.0,6709.0,Emergency And Transition Housing,Department of Family and Support Services,Salary Provision,0.0,0.0
G585,50,0044,140471.0,140471.0,Emergency And Transition Housing,Department of Family and Support Services,Fringe Benefits,0.0,0.0
G585,50,0135,13113759.0,9395759.0,Emergency And Transition Housing,Department of Family and Support Services,For Delegate Agencies,3718000.0,39.57104476604817
G585,50,0140,15008.0,15008.0,Emergency And Transition Housing,Department of Family and Support Services,For Professional and Technical Services and Other Third Party Benefit Agreements,0.0,0.0
G585,50,0190,4359.0,4359.0,Emergency And Transition Housing,Department of Family and Support Services,Telephone - Centrex Billings,0.0,0.0
G585,50,0801,102759.0,102759.0,Emergency And Transition Housing,Department of Family and Support Services,Indirect Costs,0.0,0.0
G586,57,0006,1000000.0,1000000.0,Sexual Assault Kit Initiative,Chicago Police Department,Salary Provision,0.0,0.0
G588,57,0005,2803401.0,2803401.0,Transit Security,Chicago Police Department,Salaries and Wages - on Payroll,0.0,0.0
G588,57,0006,3776064.0,3776064.0,Transit Security,Chicago Police Department,Salary Provision,0.0,0.0
G588,57,0015,86632.0,86632.0,Transit Security,Chicago Police Department,Schedule Salary Adjustments,0.0,0.0
G588,57,0044,1833903.0,1833903.0,Transit Security,Chicago Police Department,Fringe Benefits,0.0,0.0
G589,57,0140,800000.0,800000.0,Smart Policing Initiative,Chicago Police Department,For Professional and Technical Services and Other Third Party Benefit Agreements,0.0,0.0
G590,57,0140,250000.0,0.0,Project Safe Neighborhoods,Chicago Police Department,For Professional and Technical Services and Other Third Party Benefit Agreements,250000.0,0.0
G591,57,0140,1200000.0,1200000.0,Port Security,Chicago Police Department,For Professional and Technical Services and Other Third Party Benefit Agreements,0.0,0.0
G592,57,0140,400000.0,400000.0,Port Security Match,Chicago Police Department,For Professional and Technical Services and Other Third Party Benefit Agreements,0.0,0.0
G594,57,0006,1600000.0,1600000.0,Comprehensive Opioid  Stimulant  And Substance Abuse Site-Based Program,Chicago Police Department,Salary Provision,0.0,0.0
G595,50,0135,150000.0,150000.0,Area Plan On Aging-Program Income,Department of Family and Support Services,For Delegate Agencies,0.0,0.0
G596,50,0991,189000.0,189000.0,Area Plan On Aging-City Match,Department of Family and Support Services,To Provide for Matching and Supplementary Grant Funds Currently in Effect as Well as New Grants,0.0,0.0
G597,50,0135,17000000.0,17000000.0,Area Plan On Aging-State,Department of Family and Support Services,For Delegate Agencies,0.0,0.0
G598,50,0005,172877.0,172877.0,Senior Health Assistance Program,Department of Family and Support Services,Salaries and Wages - on Payroll,0.0,0.0
G598,50,0006,54180.0,54180.0,Senior Health Assistance Program,Department of Family and Support Services,Salary Provision,0.0,0.0
G598,50,0044,111943.0,111943.0,Senior Health Assistance Program,Department of Family and Support Services,Fringe Benefits,0.0,0.0
G599,50,0140,238000.0,238000.0,Senior Benefits Access Program,Department of Family and Support Services,For Professional and Technical Services and Other Third Party Benefit Agreements,0.0,0.0
G601,50,0006,61542.0,61542.0,Elder Abuse and Neglect,Department of Family and Support Services,Salary Provision,0.0,0.0
G601,50,0801,6458.0,6458.0,Elder Abuse and Neglect,Department of Family and Support Services,Indirect Costs,0.0,0.0
G603,50,0005,0.0,187483.0,Longterm Care System Development,Department of Family and Support Services,SALARIES AND WAGES - ON PAYROLL,-187483.0,-100.0
G603,50,0015,0.0,1193.0,Longterm Care System Development,Department of Family and Support Services,SCHEDULE SALARY ADJUSTMENTS,-1193.0,-100.0
G603,50,0044,0.0,141474.0,Longterm Care System Development,Department of Family and Support Services,FRINGE BENEFITS,-141474.0,-100.0
G603,50,0801,0.0,64850.0,Longterm Care System Development,Department of Family and Support Services,INDIRECT COSTS,-64850.0,-100.0
G605,50,0005,135362.0,135362.0,Foster Grandparents,Department of Family and Support Services,Salaries and Wages - on Payroll,0.0,0.0
G605,50,0044,87650.0,87650.0,Foster Grandparents,Department of Family and Support Services,Fringe Benefits,0.0,0.0
G605,50,0135,441988.0,441988.0,Foster Grandparents,Department of Family and Support Services,For Delegate Agencies,0.0,0.0
G607,50,0991,245000.0,0.0,Foster Grandparents-City Match,Department of Family and Support Services,To Provide for Matching and Supplementary Grant Funds Currently in Effect as Well as New Grants,245000.0,0.0
G608,50,0005,99394.0,99394.0,Senior Companion Project,Department of Family and Support Services,Salaries and Wages - on Payroll,0.0,0.0
G608,50,0044,64360.0,64360.0,Senior Companion Project,Department of Family and Support Services,Fringe Benefits,0.0,0.0
G608,50,0140,211246.0,211246.0,Senior Companion Project,Department of Family and Support Services,For Professional and Technical Services and Other Third Party Benefit Agreements,0.0,0.0
G611,50,0005,1333729.0,1333729.0,Early Childhood Block Grant,Department of Family and Support Services,Salaries and Wages - on Payroll,0.0,0.0
G611,50,0015,8246.0,8246.0,Early Childhood Block Grant,Department of Family and Support Services,Schedule Salary Adjustments,0.0,0.0
G611,50,0044,884430.0,884430.0,Early Childhood Block Grant,Department of Family and Support Services,Fringe Benefits,0.0,0.0
G611,50,0140,98898595.0,98898595.0,Early Childhood Block Grant,Department of Family and Support Services,For Professional and Technical Services and Other Third Party Benefit Agreements,0.0,0.0
G612,41,0006,3000000.0,3000000.0,Epidemiology & Lab Capacity Prevention/Ctrl Emerging Infectious Diseases,Chicago Department of Public Health,Salary Provision,0.0,0.0
G612,41,0140,2000000.0,2000000.0,Epidemiology & Lab Capacity Prevention/Ctrl Emerging Infectious Diseases,Chicago Department of Public Health,For Professional and Technical Services and Other Third Party Benefit Agreements,0.0,0.0
G613,50,0005,772072.0,772072.0,Child Care Services,Department of Family and Support Services,Salaries and Wages - on Payroll,0.0,0.0
G613,50,0015,2546.0,2546.0,Child Care Services,Department of Family and Support Services,Schedule Salary Adjustments,0.0,0.0
G613,50,0044,508867.0,508867.0,Child Care Services,Department of Family and Support Services,Fringe Benefits,0.0,0.0
G613,50,0135,9716515.0,9716515.0,Child Care Services,Department of Family and Support Services,For Delegate Agencies,0.0,0.0
G614,50,0140,4540000.0,4540000.0,Early Head Start Expansion,Department of Family and Support Services,For Professional and Technical Services and Other Third Party Benefit Agreements,0.0,0.0
G615,50,0140,19000000.0,0.0,Early Head Start -Child Care Partnership,Department of Family and Support Services,For Professional and Technical Services and Other Third Party Benefit Agreements,19000000.0,0.0
G616,41,0005,263695.0,263695.0,IL Tobacco Free,Chicago Department of Public Health,Salaries and Wages - on Payroll,0.0,0.0
G616,41,0044,184420.0,184420.0,IL Tobacco Free,Chicago Department of Public Health,Fringe Benefits,0.0,0.0
G616,41,0140,484885.0,484885.0,IL Tobacco Free,Chicago Department of Public Health,For Professional and Technical Services and Other Third Party Benefit Agreements,0.0,0.0
G618,41,0005,60353.0,60353.0,HIV Behavioral Surveillance,Chicago Department of Public Health,Salaries and Wages - on Payroll,0.0,0.0
G618,41,0044,44598.0,44598.0,HIV Behavioral Surveillance,Chicago Department of Public Health,Fringe Benefits,0.0,0.0
G618,41,0140,1095049.0,1095049.0,HIV Behavioral Surveillance,Chicago Department of Public Health,For Professional and Technical Services and Other Third Party Benefit Agreements,0.0,0.0
G620,41,0140,80000.0,80000.0,Oral Health Promotion,Chicago Department of Public Health,For Professional and Technical Services and Other Third Party Benefit Agreements,0.0,0.0
G622,84,0140,15000000.0,15000000.0,Charging and Fueling Infrastructure (CFI),Chicago Department of Transportation,For Professional and Technical Services and Other Third Party Benefit Agreements,0.0,0.0
G623,84,0140,13500000.0,13500000.0,Coronavirus State and Local Fiscal Recovery Funds (CSFRF),Chicago Department of Transportation,For Professional and Technical Services and Other Third Party Benefit Agreements,0.0,0.0
G624,84,0140,5000000.0,5000000.0,Community Project Funding,Chicago Department of Transportation,For Professional and Technical Services and Other Third Party Benefit Agreements,0.0,0.0
G625,84,0540,20000000.0,20000000.0,Rebuilding American Infrastructure With Sustainability and Equity (RAISE),Chicago Department of Transportation,Construction of Buildings and Other Structures,0.0,0.0
G627,84,0140,73000000.0,73000000.0,Bridge Investment Program (BIP),Chicago Department of Transportation,For Professional and Technical Services and Other Third Party Benefit Agreements,0.0,0.0
G628,84,0140,407300.0,407300.0,Open Space Land Acquisition & Development (OSLAD),Chicago Department of Transportation,For Professional and Technical Services and Other Third Party Benefit Agreements,0.0,0.0
G629,84,0540,3000000.0,3000000.0,Illinois Special Bridge Program,Chicago Department of Transportation,Construction of Buildings and Other Structures,0.0,0.0
G631,41,0140,0.0,445000.0,Racial and Ethnic Approaches to Community Health,Chicago Department of Public Health,PROFESSIONAL AND TECHNICAL SERVICES,-445000.0,-100.0
G634,57,0005,48382.0,48382.0,Violence Against Women Domestic Violence,Chicago Police Department,Salaries and Wages - on Payroll,0.0,0.0
G634,57,0015,1074.0,1074.0,Violence Against Women Domestic Violence,Chicago Police Department,Schedule Salary Adjustments,0.0,0.0
G634,57,0044,50544.0,50544.0,Violence Against Women Domestic Violence,Chicago Police Department,Fringe Benefits,0.0,0.0
G635,57,0140,37000.0,37000.0,Violence Against Women Domestic Violence,Chicago Police Department,For Professional and Technical Services and Other Third Party Benefit Agreements,0.0,0.0
G637,57,0140,72000.0,72000.0,Violence Against Women Sexual Assault,Chicago Police Department,For Professional and Technical Services and Other Third Party Benefit Agreements,0.0,0.0
G638,57,0140,19000.0,19000.0,Violence Against Women Sexual Assault,Chicago Police Department,For Professional and Technical Services and Other Third Party Benefit Agreements,0.0,0.0
G640,41,0140,433704.0,433704.0,Strengthening Health Infrastructure  Workforce  and Data Systems,Chicago Department of Public Health,For Professional and Technical Services and Other Third Party Benefit Agreements,0.0,0.0
G641,41,0140,1269786.0,1269786.0,Strengthening Health Infrastructure  Workforce  and Data Systems,Chicago Department of Public Health,For Professional and Technical Services and Other Third Party Benefit Agreements,0.0,0.0
G642,41,0006,3140000.0,3140000.0,Integrated HIV Surveillance and Prevention,Chicago Department of Public Health,Salary Provision,0.0,0.0
G642,41,0135,1370000.0,1370000.0,Integrated HIV Surveillance and Prevention,Chicago Department of Public Health,For Delegate Agencies,0.0,0.0
G642,41,0140,190000.0,190000.0,Integrated HIV Surveillance and Prevention,Chicago Department of Public Health,For Professional and Technical Services and Other Third Party Benefit Agreements,0.0,0.0
G643,41,0006,2300000.0,2300000.0,Integrated HIV Programs to Support Ending the HIV Epidemic,Chicago Department of Public Health,Salary Provision,0.0,0.0
G643,41,0135,900000.0,900000.0,Integrated HIV Programs to Support Ending the HIV Epidemic,Chicago Department of Public Health,For Delegate Agencies,0.0,0.0
G643,41,0140,600000.0,600000.0,Integrated HIV Programs to Support Ending the HIV Epidemic,Chicago Department of Public Health,For Professional and Technical Services and Other Third Party Benefit Agreements,0.0,0.0
G645,41,0140,2222101.0,2222101.0,Strengthening Health Infrastructure  Workforce  and Data Systems,Chicago Department of Public Health,For Professional and Technical Services and Other Third Party Benefit Agreements,0.0,0.0
G646,41,0140,433704.0,433704.0,Strengthening Health Infrastructure  Workforce  and Data Systems,Chicago Department of Public Health,For Professional and Technical Services and Other Third Party Benefit Agreements,0.0,0.0
G647,41,0140,2500000.0,2500000.0,Strengthening Health Infrastructure  Workforce  and Data Systems,Chicago Department of Public Health,For Professional and Technical Services and Other Third Party Benefit Agreements,0.0,0.0
G648,41,0140,500000.0,500000.0,Strengthening Health Infrastructure  Workforce  and Data Systems,Chicago Department of Public Health,For Professional and Technical Services and Other Third Party Benefit Agreements,0.0,0.0
G650,41,0005,1966050.0,1966050.0,Women Infant and Childrens Nutrition,Chicago Department of Public Health,Salaries and Wages - on Payroll,0.0,0.0
G650,41,0015,4545.0,4545.0,Women Infant and Childrens Nutrition,Chicago Department of Public Health,Schedule Salary Adjustments,0.0,0.0
G650,41,0044,1360352.0,1360352.0,Women Infant and Childrens Nutrition,Chicago Department of Public Health,Fringe Benefits,0.0,0.0
G650,41,0140,1669053.0,1669053.0,Women Infant and Childrens Nutrition,Chicago Department of Public Health,For Professional and Technical Services and Other Third Party Benefit Agreements,0.0,0.0
G651,59,0140,650000.0,650000.0,Securing the Cities,Chicago Fire Department,For Professional and Technical Services and Other Third Party Benefit Agreements,0.0,0.0
G652,59,0140,1200000.0,1200000.0,Port Security,Chicago Fire Department,For Professional and Technical Services and Other Third Party Benefit Agreements,0.0,0.0
G653,57,0140,650000.0,650000.0,Connect And Protect,Chicago Police Department,For Professional and Technical Services and Other Third Party Benefit Agreements,0.0,0.0
G654,59,0991,400000.0,400000.0,Port Security Match,Chicago Fire Department,To Provide for Matching and Supplementary Grant Funds Currently in Effect as Well as New Grants,0.0,0.0
G655,57,0140,650000.0,650000.0,Connect And Protect,Chicago Police Department,For Professional and Technical Services and Other Third Party Benefit Agreements,0.0,0.0
G659,70,0140,330000.0,330000.0,Tobacco Enforcement Grant,Department of Business Affairs and Consumer Protection,For Professional and Technical Services and Other Third Party Benefit Agreements,0.0,0.0
G660,21,0135,5000000.0,5000000.0,Homeowner Assistance Fund,Department of Housing,For Delegate Agencies,0.0,0.0
G661,21,0135,20000000.0,20000000.0,Build Illinois Bond Fund,Department of Housing,For Delegate Agencies,0.0,0.0
G663,41,0140,410000.0,410000.0,Air Pollution Control Program,Chicago Department of Public Health,For Professional and Technical Services and Other Third Party Benefit Agreements,0.0,0.0
G664,41,0991,410000.0,410000.0,Air Pollution Control Program,Chicago Department of Public Health,To Provide for Matching and Supplementary Grant Funds Currently in Effect as Well as New Grants,0.0,0.0
G665,84,0140,15000000.0,15000000.0,Carbon Reduction Program,Chicago Department of Transportation,For Professional and Technical Services and Other Third Party Benefit Agreements,0.0,0.0
G666,57,0140,2010000.0,2010000.0,Chicago First Responder Wellness Program,Chicago Police Department,For Professional and Technical Services and Other Third Party Benefit Agreements,0.0,0.0
G666,58,0005,169944.0,169944.0,Chicago First Responder Wellness Program,Office of Emergency Management and Communications,Salaries and Wages - on Payroll,0.0,0.0
G666,58,0044,106742.0,106742.0,Chicago First Responder Wellness Program,Office of Emergency Management and Communications,Fringe Benefits,0.0,0.0
G666,58,0140,2013314.0,2013314.0,Chicago First Responder Wellness Program,Office of Emergency Management and Communications,For Professional and Technical Services and Other Third Party Benefit Agreements,0.0,0.0
G666,59,0005,254916.0,276480.0,Chicago First Responder Wellness Program,Chicago Fire Department,Salaries and Wages - on Payroll,-21564.0,-7.799479166666666
G666,59,0044,173663.0,173657.0,Chicago First Responder Wellness Program,Chicago Fire Department,Fringe Benefits,6.0,0.0034550867514698516
G666,59,0140,5271421.0,5249863.0,Chicago First Responder Wellness Program,Chicago Fire Department,For Professional and Technical Services and Other Third Party Benefit Agreements,21558.0,0.4106392871585411
G668,91,0140,174000.0,174000.0,Digital Equity Capacity Kickstarter Program,Chicago Public Library,For Professional and Technical Services and Other Third Party Benefit Agreements,0.0,0.0
G669,41,0140,4125.0,4125.0,Comprehensive Health Protection - Tick Surveillance,Chicago Department of Public Health,For Professional and Technical Services and Other Third Party Benefit Agreements,0.0,0.0
G670,41,0140,4600.0,4600.0,Comprehensive Health Protection,Chicago Department of Public Health,For Professional and Technical Services and Other Third Party Benefit Agreements,0.0,0.0
G671,50,0140,26000.0,0.0,Senior Medicare Patrol,Department of Family and Support Services,For Professional and Technical Services and Other Third Party Benefit Agreements,26000.0,0.0
G672,50,0135,65000.0,0.0,State Foster Grandparents,Department of Family and Support Services,For Delegate Agencies,65000.0,0.0
G673,50,0140,139000.0,0.0,Senior Companion Project-City Match,Department of Family and Support Services,For Professional and Technical Services and Other Third Party Benefit Agreements,139000.0,0.0
G674,50,0140,55000.0,0.0,Senior Companion Project-State Match,Department of Family and Support Services,For Professional and Technical Services and Other Third Party Benefit Agreements,55000.0,0.0
G675,50,0005,134580.0,0.0,Long Term Care Provider Fund,Department of Family and Support Services,Salaries and Wages - on Payroll,134580.0,0.0
G675,50,0015,1193.0,0.0,Long Term Care Provider Fund,Department of Family and Support Services,Schedule Salary Adjustments,1193.0,0.0
G675,50,0044,84530.0,0.0,Long Term Care Provider Fund,Department of Family and Support Services,Fringe Benefits,84530.0,0.0
G675,50,0140,174697.0,0.0,Long Term Care Provider Fund,Department of Family and Support Services,For Professional and Technical Services and Other Third Party Benefit Agreements,174697.0,0.0
G676,41,0140,375000.0,375000.0,Outcomes to Reduce the Burden of Commercial Tobacco Products,Chicago Department of Public Health,For Professional and Technical Services and Other Third Party Benefit Agreements,0.0,0.0
G678,57,0140,50000000.0,50000000.0,Presidential Nominating Conventions,Chicago Police Department,For Professional and Technical Services and Other Third Party Benefit Agreements,0.0,0.0
G681,57,0140,403000.0,403000.0,Revocation Enforcement Program,Chicago Police Department,For Professional and Technical Services and Other Third Party Benefit Agreements,0.0,0.0
G682,57,0140,250000.0,250000.0,Law Enforcement Agency De-Escalation Grants - Community Policing,Chicago Police Department,For Professional and Technical Services and Other Third Party Benefit Agreements,0.0,0.0
G684,41,0140,412500.0,0.0,Outcomes to Reduce the Burden of Menthol and Other Flavored Tobacco Prod,Chicago Department of Public Health,For Professional and Technical Services and Other Third Party Benefit Agreements,412500.0,0.0
G686,84,0140,3990000.0,0.0,Advanced Transportation and Congestion Management Technologies Deployment,Chicago Department of Transportation,For Professional and Technical Services and Other Third Party Benefit Agreements,3990000.0,0.0
G687,84,0140,469000.0,0.0,Hazard Mitigation Grant Program,Chicago Department of Transportation,For Professional and Technical Services and Other Third Party Benefit Agreements,469000.0,0.0
G689,41,0135,184000.0,0.0,National Network of Sex Transmitted Diseases Clinical Prevent Ctrs (NNPTC),Chicago Department of Public Health,For Delegate Agencies,184000.0,0.0
G691,50,0135,14800000.0,0.0,Area Plan on Aging,Department of Family and Support Services,For Delegate Agencies,14800000.0,0.0
G692,50,0135,2000000.0,0.0,Transit and Homelessness Support,Department of Family and Support Services,For Delegate Agencies,2000000.0,0.0
G957,57,0140,10000000.0,0.0,IDOT License Plate Readers Expansion Program,Chicago Police Department,For Professional and Technical Services and Other Third Party Benefit Agreements,10000000.0,0.0
GA00,1,0005,874417.0,874417.0,Coronavirus Local Fiscal Recovery Fund,Office of the Mayor,Salaries and Wages - on Payroll,0.0,0.0
GA00,1,0006,534819.0,534819.0,Coronavirus Local Fiscal Recovery Fund,Office of the Mayor,Salary Provision,0.0,0.0
GA00,1,0044,608577.0,608577.0,Coronavirus Local Fiscal Recovery Fund,Office of the Mayor,Fringe Benefits,0.0,0.0
GA00,5,0005,224163.0,224163.0,Coronavirus Local Fiscal Recovery Fund,Office of Budget and Management,Salaries and Wages - on Payroll,0.0,0.0
GA00,5,0006,193446.0,193446.0,Coronavirus Local Fiscal Recovery Fund,Office of Budget and Management,Salary Provision,0.0,0.0
GA00,5,0044,145152.0,145152.0,Coronavirus Local Fiscal Recovery Fund,Office of Budget and Management,Fringe Benefits,0.0,0.0
GA00,5,0135,3918119.0,3918119.0,Coronavirus Local Fiscal Recovery Fund,Office of Budget and Management,For Delegate Agencies,0.0,0.0
GA00,5,0140,18335235.0,18335235.0,Coronavirus Local Fiscal Recovery Fund,Office of Budget and Management,For Professional and Technical Services and Other Third Party Benefit Agreements,0.0,0.0
GA00,5,0157,500.0,500.0,Coronavirus Local Fiscal Recovery Fund,Office of Budget and Management,Rental of Equipment and Services,0.0,0.0
GA00,5,0350,200.0,200.0,Coronavirus Local Fiscal Recovery Fund,Office of Budget and Management,Stationery and Office Supplies,0.0,0.0
GA00,5,0446,4300.0,4300.0,Coronavirus Local Fiscal Recovery Fund,Office of Budget and Management,For the Purchase of IT and Data Communication Hardware,0.0,0.0
GA00,5,9246,500000.0,500000.0,Coronavirus Local Fiscal Recovery Fund,Office of Budget and Management,American Rescue Plan Investment,0.0,0.0
GA00,5,9646,0.0,0.0,Coronavirus Local Fiscal Recovery Fund,Office of Budget and Management,AMERICAN RESCUE PLAN REVENUE REPLACEMENT,0.0,0.0
GA00,6,0006,137051.0,137051.0,Coronavirus Local Fiscal Recovery Fund,Department of Technology and Innovation,Salary Provision,0.0,0.0
GA00,15,0340,0.0,0.0,Coronavirus Local Fiscal Recovery Fund,City Council,MATERIAL AND SUPPLIES,0.0,0.0
GA00,21,0005,113141.0,113141.0,Coronavirus Local Fiscal Recovery Fund,Department of Housing,Salaries and Wages - on Payroll,0.0,0.0
GA00,21,0006,56213.0,56213.0,Coronavirus Local Fiscal Recovery Fund,Department of Housing,Salary Provision,0.0,0.0
GA00,21,0044,73262.0,73262.0,Coronavirus Local Fiscal Recovery Fund,Department of Housing,Fringe Benefits,0.0,0.0
GA00,23,0005,113141.0,113141.0,Coronavirus Local Fiscal Recovery Fund,Department of Cultural Affairs and Special Events,Salaries and Wages - on Payroll,0.0,0.0
GA00,23,0006,125286.0,125286.0,Coronavirus Local Fiscal Recovery Fund,Department of Cultural Affairs and Special Events,Salary Provision,0.0,0.0
GA00,23,0044,73262.0,73262.0,Coronavirus Local Fiscal Recovery Fund,Department of Cultural Affairs and Special Events,Fringe Benefits,0.0,0.0
GA00,23,0135,15407119.0,15407119.0,Coronavirus Local Fiscal Recovery Fund,Department of Cultural Affairs and Special Events,For Delegate Agencies,0.0,0.0
GA00,23,9219,9838712.0,9838712.0,Coronavirus Local Fiscal Recovery Fund,Department of Cultural Affairs and Special Events,Implementation of Cultural Plan,0.0,0.0
GA00,23,9246,4060727.0,4060727.0,Coronavirus Local Fiscal Recovery Fund,Department of Cultural Affairs and Special Events,American Rescue Plan Investment,0.0,0.0
GA00,27,0140,514098.0,514098.0,Coronavirus Local Fiscal Recovery Fund,Department of Finance,For Professional and Technical Services and Other Third Party Benefit Agreements,0.0,0.0
GA00,33,0005,0.0,0.0,Coronavirus Local Fiscal Recovery Fund,Department of Human Resources,SALARIES AND WAGES - ON PAYROLL,0.0,0.0
GA00,33,0006,404388.0,404388.0,Coronavirus Local Fiscal Recovery Fund,Department of Human Resources,Salary Provision,0.0,0.0
GA00,33,0015,0.0,0.0,Coronavirus Local Fiscal Recovery Fund,Department of Human Resources,SCHEDULE SALARY ADJUSTMENTS,0.0,0.0
GA00,33,0044,0.0,0.0,Coronavirus Local Fiscal Recovery Fund,Department of Human Resources,FRINGE BENEFITS,0.0,0.0
GA00,38,0005,0.0,0.0,Coronavirus Local Fiscal Recovery Fund,Department of Fleet and Facility Management,SALARIES AND WAGES - ON PAYROLL,0.0,0.0
GA00,38,0044,0.0,0.0,Coronavirus Local Fiscal Recovery Fund,Department of Fleet and Facility Management,FRINGE BENEFITS,0.0,0.0
GA00,38,0125,0.0,0.0,Coronavirus Local Fiscal Recovery Fund,Department of Fleet and Facility Management,OFFICE AND BUILDING SERVICES,0.0,0.0
GA00,38,0139,0.0,0.0,Coronavirus Local Fiscal Recovery Fund,Department of Fleet and Facility Management,IT DEVELOPMENT,0.0,0.0
GA00,38,0140,0.0,0.0,Coronavirus Local Fiscal Recovery Fund,Department of Fleet and Facility Management,PROFESSIONAL AND TECHNICAL SERVICES,0.0,0.0
GA00,41,0005,8626614.0,8626614.0,Coronavirus Local Fiscal Recovery Fund,Chicago Department of Public Health,Salaries and Wages - on Payroll,0.0,0.0
GA00,41,0006,4321781.0,4321781.0,Coronavirus Local Fiscal Recovery Fund,Chicago Department of Public Health,Salary Provision,0.0,0.0
GA00,41,0015,110199.0,110199.0,Coronavirus Local Fiscal Recovery Fund,Chicago Department of Public Health,Schedule Salary Adjustments,0.0,0.0
GA00,41,0044,6109564.0,6109564.0,Coronavirus Local Fiscal Recovery Fund,Chicago Department of Public Health,Fringe Benefits,0.0,0.0
GA00,41,0091,6800.0,6800.0,Coronavirus Local Fiscal Recovery Fund,Chicago Department of Public Health,Uniform Allowance,0.0,0.0
GA00,41,0135,67843389.0,67843389.0,Coronavirus Local Fiscal Recovery Fund,Chicago Department of Public Health,For Delegate Agencies,0.0,0.0
GA00,41,0140,42952674.0,42952674.0,Coronavirus Local Fiscal Recovery Fund,Chicago Department of Public Health,For Professional and Technical Services and Other Third Party Benefit Agreements,0.0,0.0
GA00,41,0149,363512.0,363512.0,Coronavirus Local Fiscal Recovery Fund,Chicago Department of Public Health,For Software Maintenance and Licensing,0.0,0.0
GA00,41,0150,35000.0,35000.0,Coronavirus Local Fiscal Recovery Fund,Chicago Department of Public Health,Publications and Reproduction - Outside Services.  To Be Expended with the Prior Approval of Graphics Services,0.0,0.0
GA00,41,0155,992660.0,992660.0,Coronavirus Local Fiscal Recovery Fund,Chicago Department of Public Health,Rental of Property,0.0,0.0
GA00,41,0157,239259.0,239259.0,Coronavirus Local Fiscal Recovery Fund,Chicago Department of Public Health,Rental of Equipment and Services,0.0,0.0
GA00,41,0159,125399.0,125399.0,Coronavirus Local Fiscal Recovery Fund,Chicago Department of Public Health,Lease Purchase Agreements for Equipment and Machinery,0.0,0.0
GA00,41,0162,535378.0,535378.0,Coronavirus Local Fiscal Recovery Fund,Chicago Department of Public Health,Repair/Maintenance of Equipment,0.0,0.0
GA00,41,0169,16165.0,16165.0,Coronavirus Local Fiscal Recovery Fund,Chicago Department of Public Health,Technical Meeting Costs,0.0,0.0
GA00,41,0181,57777.0,57777.0,Coronavirus Local Fiscal Recovery Fund,Chicago Department of Public Health,Mobile Communication Services,0.0,0.0
GA00,41,0189,5550.0,5550.0,Coronavirus Local Fiscal Recovery Fund,Chicago Department of Public Health,Telephone - Non-Centrex Billings,0.0,0.0
GA00,41,0190,32153.0,32153.0,Coronavirus Local Fiscal Recovery Fund,Chicago Department of Public Health,Telephone - Centrex Billings,0.0,0.0
GA00,41,0196,15000.0,15000.0,Coronavirus Local Fiscal Recovery Fund,Chicago Department of Public Health,Data Circuits,0.0,0.0
GA00,41,0229,22000.0,22000.0,Coronavirus Local Fiscal Recovery Fund,Chicago Department of Public Health,Transportation and Expense Allowance,0.0,0.0
GA00,41,0270,8228.0,8228.0,Coronavirus Local Fiscal Recovery Fund,Chicago Department of Public Health,Local Transportation,0.0,0.0
GA00,41,0340,64518.0,64518.0,Coronavirus Local Fiscal Recovery Fund,Chicago Department of Public Health,Material and Supplies,0.0,0.0
GA00,41,0342,995000.0,995000.0,Coronavirus Local Fiscal Recovery Fund,Chicago Department of Public Health,"Drugs, Medicine and Chemical Materials",0.0,0.0
GA00,41,0350,46938.0,46938.0,Coronavirus Local Fiscal Recovery Fund,Chicago Department of Public Health,Stationery and Office Supplies,0.0,0.0
GA00,41,0420,74325.0,74325.0,Coronavirus Local Fiscal Recovery Fund,Chicago Department of Public Health,Furniture and Fixtures,0.0,0.0
GA00,41,0446,241602.0,241602.0,Coronavirus Local Fiscal Recovery Fund,Chicago Department of Public Health,For the Purchase of IT and Data Communication Hardware,0.0,0.0
GA00,48,0006,48878.0,48878.0,Coronavirus Local Fiscal Recovery Fund,Mayor's Office for People with Disabilities,Salary Provision,0.0,0.0
GA00,48,0135,4925000.0,4925000.0,Coronavirus Local Fiscal Recovery Fund,Mayor's Office for People with Disabilities,For Delegate Agencies,0.0,0.0
GA00,48,0140,25562.0,25562.0,Coronavirus Local Fiscal Recovery Fund,Mayor's Office for People with Disabilities,For Professional and Technical Services and Other Third Party Benefit Agreements,0.0,0.0
GA00,48,0270,60.0,60.0,Coronavirus Local Fiscal Recovery Fund,Mayor's Office for People with Disabilities,Local Transportation,0.0,0.0
GA00,48,0340,500.0,500.0,Coronavirus Local Fiscal Recovery Fund,Mayor's Office for People with Disabilities,Material and Supplies,0.0,0.0
GA00,50,0005,2564295.0,2564295.0,Coronavirus Local Fiscal Recovery Fund,Department of Family and Support Services,Salaries and Wages - on Payroll,0.0,0.0
GA00,50,0006,3799273.0,3799273.0,Coronavirus Local Fiscal Recovery Fund,Department of Family and Support Services,Salary Provision,0.0,0.0
GA00,50,0015,9685.0,9685.0,Coronavirus Local Fiscal Recovery Fund,Department of Family and Support Services,Schedule Salary Adjustments,0.0,0.0
GA00,50,0044,1720931.0,1720931.0,Coronavirus Local Fiscal Recovery Fund,Department of Family and Support Services,Fringe Benefits,0.0,0.0
GA00,50,0135,148088767.0,148088767.0,Coronavirus Local Fiscal Recovery Fund,Department of Family and Support Services,For Delegate Agencies,0.0,0.0
GA00,50,0140,1143300.0,1143300.0,Coronavirus Local Fiscal Recovery Fund,Department of Family and Support Services,For Professional and Technical Services and Other Third Party Benefit Agreements,0.0,0.0
GA00,54,0005,496296.0,378456.0,Coronavirus Local Fiscal Recovery Fund,Department of Planning and Development,Salaries and Wages - on Payroll,117840.0,31.13704102986873
GA00,54,0006,378016.0,495856.0,Coronavirus Local Fiscal Recovery Fund,Department of Planning and Development,Salary Provision,-117840.0,-23.764964021812784
GA00,54,0044,262702.0,262702.0,Coronavirus Local Fiscal Recovery Fund,Department of Planning and Development,Fringe Benefits,0.0,0.0
GA00,54,0135,16412006.0,16412006.0,Coronavirus Local Fiscal Recovery Fund,Department of Planning and Development,For Delegate Agencies,0.0,0.0
GA00,54,0140,8693148.0,8693148.0,Coronavirus Local Fiscal Recovery Fund,Department of Planning and Development,For Professional and Technical Services and Other Third Party Benefit Agreements,0.0,0.0
GA00,54,0149,4202.0,4202.0,Coronavirus Local Fiscal Recovery Fund,Department of Planning and Development,For Software Maintenance and Licensing,0.0,0.0
GA00,54,0169,25157.0,25157.0,Coronavirus Local Fiscal Recovery Fund,Department of Planning and Development,Technical Meeting Costs,0.0,0.0
GA00,54,0340,0.0,0.0,Coronavirus Local Fiscal Recovery Fund,Department of Planning and Development,MATERIAL AND SUPPLIES,0.0,0.0
GA00,54,0446,18695.0,18695.0,Coronavirus Local Fiscal Recovery Fund,Department of Planning and Development,For the Purchase of IT and Data Communication Hardware,0.0,0.0
GA00,54,9103,34960935.0,34960935.0,Coronavirus Local Fiscal Recovery Fund,Department of Planning and Development,Rehabilitation Loans and Grants,0.0,0.0
GA00,70,0005,659240.0,659240.0,Coronavirus Local Fiscal Recovery Fund,Department of Business Affairs and Consumer Protection,Salaries and Wages - on Payroll,0.0,0.0
GA00,70,0006,1019436.0,1019436.0,Coronavirus Local Fiscal Recovery Fund,Department of Business Affairs and Consumer Protection,Salary Provision,0.0,0.0
GA00,70,0015,0.0,0.0,Coronavirus Local Fiscal Recovery Fund,Department of Business Affairs and Consumer Protection,SCHEDULE SALARY ADJUSTMENTS,0.0,0.0
GA00,70,0044,433803.0,433803.0,Coronavirus Local Fiscal Recovery Fund,Department of Business Affairs and Consumer Protection,Fringe Benefits,0.0,0.0
GA00,70,0135,45619060.0,45619060.0,Coronavirus Local Fiscal Recovery Fund,Department of Business Affairs and Consumer Protection,For Delegate Agencies,0.0,0.0
GA00,70,0149,7647.0,7647.0,Coronavirus Local Fiscal Recovery Fund,Department of Business Affairs and Consumer Protection,For Software Maintenance and Licensing,0.0,0.0
GA00,70,0159,8951.0,8951.0,Coronavirus Local Fiscal Recovery Fund,Department of Business Affairs and Consumer Protection,Lease Purchase Agreements for Equipment and Machinery,0.0,0.0
GA00,70,0350,18237.0,18237.0,Coronavirus Local Fiscal Recovery Fund,Department of Business Affairs and Consumer Protection,Stationery and Office Supplies,0.0,0.0
GA00,70,9438,10000.0,10000.0,Coronavirus Local Fiscal Recovery Fund,Department of Business Affairs and Consumer Protection,For Services Provided by the Department of Fleet and Facilities Management,0.0,0.0
GA01,41,0005,162529.0,162529.0,Building Epidemiology and Laboratory Capacity,Chicago Department of Public Health,Salaries and Wages - on Payroll,0.0,0.0
GA01,41,0044,105242.0,105242.0,Building Epidemiology and Laboratory Capacity,Chicago Department of Public Health,Fringe Benefits,0.0,0.0
GA01,41,0140,26704229.0,26704229.0,Building Epidemiology and Laboratory Capacity,Chicago Department of Public Health,For Professional and Technical Services and Other Third Party Benefit Agreements,0.0,0.0
GA02,21,0005,169828.0,169828.0,Emergency Rental Assistance Program,Department of Housing,Salaries and Wages - on Payroll,0.0,0.0
GA02,21,0006,500000.0,500000.0,Emergency Rental Assistance Program,Department of Housing,Salary Provision,0.0,0.0
GA02,21,0015,5573.0,5573.0,Emergency Rental Assistance Program,Department of Housing,Schedule Salary Adjustments,0.0,0.0
GA02,21,0044,109968.0,109968.0,Emergency Rental Assistance Program,Department of Housing,Fringe Benefits,0.0,0.0
GA02,21,0135,17568000.0,17568000.0,Emergency Rental Assistance Program,Department of Housing,For Delegate Agencies,0.0,0.0
GA02,21,0149,186000.0,186000.0,Emergency Rental Assistance Program,Department of Housing,For Software Maintenance and Licensing,0.0,0.0
GA02,21,1246,2442600.0,2442600.0,Emergency Rental Assistance Program,Department of Housing,Housing Assistance,0.0,0.0
GA03,21,0140,0.0,0.0,Home Investment Partnership,Department of Housing,PROFESSIONAL AND TECHNICAL SERVICES,0.0,0.0
GA03,21,9103,27171000.0,27171000.0,Home Investment Partnership,Department of Housing,Rehabilitation Loans and Grants,0.0,0.0
GA03,50,0005,64668.0,0.0,Home Investment Partnership,Department of Family and Support Services,Salaries and Wages - on Payroll,64668.0,0.0
GA03,50,0135,43935332.0,44000000.0,Home Investment Partnership,Department of Family and Support Services,For Delegate Agencies,-64668.0,-0.14697272727272728
GA06,41,0005,92619.0,92619.0,Building Epidemiology and Health IT Capacity,Chicago Department of Public Health,Salaries and Wages - on Payroll,0.0,0.0
GA06,41,0044,59974.0,59974.0,Building Epidemiology and Health IT Capacity,Chicago Department of Public Health,Fringe Benefits,0.0,0.0
GA06,41,0140,2080407.0,2080407.0,Building Epidemiology and Health IT Capacity,Chicago Department of Public Health,For Professional and Technical Services and Other Third Party Benefit Agreements,0.0,0.0
GA08,41,0135,50000.0,0.0,Sexually Transmitted Disease Prevention,Chicago Department of Public Health,For Delegate Agencies,50000.0,0.0
GA08,41,0140,0.0,0.0,Sexually Transmitted Disease Prevention,Chicago Department of Public Health,PROFESSIONAL AND TECHNICAL SERVICES,0.0,0.0
GA09,41,0005,1271895.0,1271895.0,Public Health Crisis Response,Chicago Department of Public Health,Salaries and Wages - on Payroll,0.0,0.0
GA09,41,0006,109601.0,109601.0,Public Health Crisis Response,Chicago Department of Public Health,Salary Provision,0.0,0.0
GA09,41,0015,24853.0,24853.0,Public Health Crisis Response,Chicago Department of Public Health,Schedule Salary Adjustments,0.0,0.0
GA09,41,0044,861457.0,861457.0,Public Health Crisis Response,Chicago Department of Public Health,Fringe Benefits,0.0,0.0
GA09,41,0140,13291194.0,13291194.0,Public Health Crisis Response,Chicago Department of Public Health,For Professional and Technical Services and Other Third Party Benefit Agreements,0.0,0.0
GA11,50,0140,0.0,0.0,Early Head Start - Child Care Partnership,Department of Family and Support Services,PROFESSIONAL AND TECHNICAL SERVICES,0.0,0.0
GA14,50,0135,0.0,0.0,Early Head Start Expansion,Department of Family and Support Services,DELEGATE AGENCIES,0.0,0.0
GA16,50,0135,0.0,0.0,Early Head Start American Rescue Plan,Department of Family and Support Services,DELEGATE AGENCIES,0.0,0.0
GA17,50,0140,0.0,0.0,Head Start American Rescue Plan,Department of Family and Support Services,PROFESSIONAL AND TECHNICAL SERVICES,0.0,0.0
GA19,41,0140,885000.0,885000.0,Epidemiology & Laboratory Capacity For Prevention,Chicago Department of Public Health,For Professional and Technical Services and Other Third Party Benefit Agreements,0.0,0.0
GA20,41,0005,464387.0,464387.0,Epidemiology & Laboratory Capacity For Prevention,Chicago Department of Public Health,Salaries and Wages - on Payroll,0.0,0.0
GA20,41,0015,6188.0,6188.0,Epidemiology & Laboratory Capacity For Prevention,Chicago Department of Public Health,Schedule Salary Adjustments,0.0,0.0
GA20,41,0044,314648.0,314648.0,Epidemiology & Laboratory Capacity For Prevention,Chicago Department of Public Health,Fringe Benefits,0.0,0.0
GA20,41,0140,2384777.0,2384777.0,Epidemiology & Laboratory Capacity For Prevention,Chicago Department of Public Health,For Professional and Technical Services and Other Third Party Benefit Agreements,0.0,0.0
GA21,41,0140,1309000.0,1309000.0,Epidemiology & Laboratory Capacity For Prevention,Chicago Department of Public Health,For Professional and Technical Services and Other Third Party Benefit Agreements,0.0,0.0
GA22,41,0140,1200000.0,1200000.0,Epidemiology & Laboratory Capacity For Prevention,Chicago Department of Public Health,For Professional and Technical Services and Other Third Party Benefit Agreements,0.0,0.0
GA23,41,0140,1123000.0,1123000.0,Immunization And Vaccines For Children,Chicago Department of Public Health,For Professional and Technical Services and Other Third Party Benefit Agreements,0.0,0.0
GA24,41,0140,1887000.0,1887000.0,Epidemiology & Laboratory Capacity For Prevention,Chicago Department of Public Health,For Professional and Technical Services and Other Third Party Benefit Agreements,0.0,0.0
GA26,23,0140,0.0,0.0,Arts Promotion Program,Department of Cultural Affairs and Special Events,PROFESSIONAL AND TECHNICAL SERVICES,0.0,0.0
GA28,41,0140,0.0,0.0,Epidemiology & Laboratory Capacity - COVID-19,Chicago Department of Public Health,PROFESSIONAL AND TECHNICAL SERVICES,0.0,0.0
GA29,50,0005,111302.0,111302.0,American Rescue Plan,Department of Family and Support Services,Salaries and Wages - on Payroll,0.0,0.0
GA29,50,0044,76247.0,76247.0,American Rescue Plan,Department of Family and Support Services,Fringe Benefits,0.0,0.0
GA29,50,0135,0.0,0.0,American Rescue Plan,Department of Family and Support Services,DELEGATE AGENCIES,0.0,0.0
GA29,50,0140,10721451.0,10721451.0,American Rescue Plan,Department of Family and Support Services,For Professional and Technical Services and Other Third Party Benefit Agreements,0.0,0.0
GA30,41,0005,0.0,0.0,Sexually Transmitted Disease Prevention,Chicago Department of Public Health,SALARIES AND WAGES - ON PAYROLL,0.0,0.0
GA30,41,0015,0.0,0.0,Sexually Transmitted Disease Prevention,Chicago Department of Public Health,SCHEDULE SALARY ADJUSTMENTS,0.0,0.0
GA30,41,0044,0.0,0.0,Sexually Transmitted Disease Prevention,Chicago Department of Public Health,FRINGE BENEFITS,0.0,0.0
GA30,41,0135,3373000.0,0.0,Sexually Transmitted Disease Prevention,Chicago Department of Public Health,For Delegate Agencies,3373000.0,0.0
GA30,41,0140,0.0,0.0,Sexually Transmitted Disease Prevention,Chicago Department of Public Health,PROFESSIONAL AND TECHNICAL SERVICES,0.0,0.0
GA31,41,0005,0.0,0.0,Sexually Transmitted Disease Prevention,Chicago Department of Public Health,SALARIES AND WAGES - ON PAYROLL,0.0,0.0
GA31,41,0015,0.0,0.0,Sexually Transmitted Disease Prevention,Chicago Department of Public Health,SCHEDULE SALARY ADJUSTMENTS,0.0,0.0
GA31,41,0044,0.0,0.0,Sexually Transmitted Disease Prevention,Chicago Department of Public Health,FRINGE BENEFITS,0.0,0.0
GA31,41,0135,3421000.0,0.0,Sexually Transmitted Disease Prevention,Chicago Department of Public Health,For Delegate Agencies,3421000.0,0.0
GA31,41,0140,0.0,0.0,Sexually Transmitted Disease Prevention,Chicago Department of Public Health,PROFESSIONAL AND TECHNICAL SERVICES,0.0,0.0
GA32,41,0140,45000.0,45000.0,Building Epidemiology and Health IT Capacity,Chicago Department of Public Health,For Professional and Technical Services and Other Third Party Benefit Agreements,0.0,0.0
GA33,41,0005,3454278.0,3454278.0,Strengthening Health Infrastructure  Workforce  and Data Systems,Chicago Department of Public Health,Salaries and Wages - on Payroll,0.0,0.0
GA33,41,0015,12336.0,12336.0,Strengthening Health Infrastructure  Workforce  and Data Systems,Chicago Department of Public Health,Schedule Salary Adjustments,0.0,0.0
GA33,41,0044,2552510.0,2552510.0,Strengthening Health Infrastructure  Workforce  and Data Systems,Chicago Department of Public Health,Fringe Benefits,0.0,0.0
GA33,41,0140,21086876.0,21086876.0,Strengthening Health Infrastructure  Workforce  and Data Systems,Chicago Department of Public Health,For Professional and Technical Services and Other Third Party Benefit Agreements,0.0,0.0
GA34,41,0140,260000.0,260000.0,Epidemiology & Laboratory Capacity For Prevention,Chicago Department of Public Health,For Professional and Technical Services and Other Third Party Benefit Agreements,0.0,0.0
GA35,41,0140,175000.0,175000.0,Epidemiology & Laboratory Capacity For Prevention,Chicago Department of Public Health,For Professional and Technical Services and Other Third Party Benefit Agreements,0.0,0.0
GA38,41,0140,2646912.0,2646912.0,Strengthening Health Infrastructure  Workforce  and Data Systems,Chicago Department of Public Health,For Professional and Technical Services and Other Third Party Benefit Agreements,0.0,0.0
GA39,41,0140,1902829.0,1902829.0,Strengthening Health Infrastructure  Workforce  and Data Systems,Chicago Department of Public Health,For Professional and Technical Services and Other Third Party Benefit Agreements,0.0,0.0
GA40,41,0140,3668231.0,3668231.0,Building Epidemiology and Health IT Capacity,Chicago Department of Public Health,For Professional and Technical Services and Other Third Party Benefit Agreements,0.0,0.0
GA41,41,0140,2140000.0,2140000.0,Building Epidemiology and Health IT Capacity,Chicago Department of Public Health,For Professional and Technical Services and Other Third Party Benefit Agreements,0.0,0.0
GA42,41,0140,2162000.0,2162000.0,Building Epidemiology and Health IT Capacity,Chicago Department of Public Health,For Professional and Technical Services and Other Third Party Benefit Agreements,0.0,0.0
GA43,41,0140,2129948.0,2129948.0,Building Epidemiology and Health IT Capacity,Chicago Department of Public Health,For Professional and Technical Services and Other Third Party Benefit Agreements,0.0,0.0
GA48,41,0140,50000.0,0.0,Building Epidemiology and Health IT Capacity,Chicago Department of Public Health,For Professional and Technical Services and Other Third Party Benefit Agreements,50000.0,0.0
