fund_code,department_code,account_code,ordinance_amount,recommended_amount,fund_name,department_name,account_name,delta_amount,pct_change
0075,5,0005,1397580.0,1397580.0,Grants Management Fund,Office of Budget and Management,Salaries and Wages - on Payroll,0.0,0.0
0075,5,0006,0.0,0.0,Grants Management Fund,Office of Budget and Management,SALARY PROVISION,0.0,0.0
0075,5,0015,25730.0,25730.0,Grants Management Fund,Office of Budget and Management,Schedule Salary Adjustments,0.0,0.0
0075,5,0039,26108.0,26108.0,Grants Management Fund,Office of Budget and Management,For the Employment of Students as Trainees,0.0,0.0
0075,5,0044,832930.0,832930.0,Grants Management Fund,Office of Budget and Management,Fringe Benefits,0.0,0.0
0075,5,0140,508358.0,508358.0,Grants Management Fund,Office of Budget and Management,For Professional and Technical Services and Other Third Party Benefit Agreements,0.0,0.0
0075,5,0152,10000.0,10000.0,Grants Management Fund,Office of Budget and Management,Advertising,0.0,0.0
0075,5,0166,894.0,894.0,Grants Management Fund,Office of Budget and Management,"Dues, Subscriptions and Memberships",0.0,0.0
0075,5,0169,10000.0,10000.0,Grants Management Fund,Office of Budget and Management,Technical Meeting Costs,0.0,0.0
0075,5,0190,0.0,0.0,Grants Management Fund,Office of Budget and Management,TELEPHONE - CENTREX BILLINGS,0.0,0.0
0075,5,0245,5400.0,5400.0,Grants Management Fund,Office of Budget and Management,Reimbursement to Travelers,0.0,0.0
0075,5,0350,5000.0,5000.0,Grants Management Fund,Office of Budget and Management,Stationery and Office Supplies,0.0,0.0
0075,21,0005,466159.0,466159.0,Grants Management Fund,Department of Housing,Salaries and Wages - on Payroll,0.0,0.0
0075,21,0006,358.0,358.0,Grants Management Fund,Department of Housing,Salary Provision,0.0,0.0
0075,21,0015,15997.0,15997.0,Grants Management Fund,Department of Housing,Schedule Salary Adjustments,0.0,0.0
0075,21,0044,277821.0,277821.0,Grants Management Fund,Department of Housing,Fringe Benefits,0.0,0.0
0075,27,0005,1297067.0,1297067.0,Grants Management Fund,Department of Finance,Salaries and Wages - on Payroll,0.0,0.0
0075,27,0006,12140.0,12140.0,Grants Management Fund,Department of Finance,Salary Provision,0.0,0.0
0075,27,0015,12868.0,12868.0,Grants Management Fund,Department of Finance,Schedule Salary Adjustments,0.0,0.0
0075,27,0044,803793.0,803793.0,Grants Management Fund,Department of Finance,Fringe Benefits,0.0,0.0
0075,27,0140,185737.0,185737.0,Grants Management Fund,Department of Finance,For Professional and Technical Services and Other Third Party Benefit Agreements,0.0,0.0
0075,27,0142,158895.0,158895.0,Grants Management Fund,Department of Finance,Accounting and Auditing,0.0,0.0
0075,27,0149,37500.0,37500.0,Grants Management Fund,Department of Finance,For Software Maintenance and Licensing,0.0,0.0
0075,33,0005,586711.0,586711.0,Grants Management Fund,Department of Human Resources,Salaries and Wages - on Payroll,0.0,0.0
0075,33,0006,20876.0,20876.0,Grants Management Fund,Department of Human Resources,Salary Provision,0.0,0.0
0075,33,0015,3910.0,3910.0,Grants Management Fund,Department of Human Resources,Schedule Salary Adjustments,0.0,0.0
0075,33,0044,363503.0,363503.0,Grants Management Fund,Department of Human Resources,Fringe Benefits,0.0,0.0
0075,33,909A,0.0,0.0,Grants Management Fund,Department of Human Resources,RESERVE BALANCE,0.0,0.0
0100,1,0005,10692655.0,11692699.0,Corporate Fund,Office of the Mayor,Salaries and Wages - on Payroll,-1000044.0,-8.552721659900763
0100,1,0039,260000.0,260000.0,Corporate Fund,Office of the Mayor,For the Employment of Students as Trainees,0.0,0.0
0100,1,0126,3200.0,3200.0,Corporate Fund,Office of the Mayor,Office Conveniences,0.0,0.0
0100,1,0130,1600.0,1600.0,Corporate Fund,Office of the Mayor,Postage,0.0,0.0
0100,1,0140,16000.0,16000.0,Corporate Fund,Office of the Mayor,For Professional and Technical Services and Other Third Party Benefit Agreements,0.0,0.0
0100,1,0149,3400.0,3400.0,Corporate Fund,Office of the Mayor,For Software Maintenance and Licensing,0.0,0.0
0100,1,0150,0.0,0.0,Corporate Fund,Office of the Mayor,OUTSIDE GRAPHIC SERVICES,0.0,0.0
0100,1,0157,1000.0,1000.0,Corporate Fund,Office of the Mayor,Rental of Equipment and Services,0.0,0.0
0100,1,0159,31000.0,31000.0,Corporate Fund,Office of the Mayor,Lease Purchase Agreements for Equipment and Machinery,0.0,0.0
0100,1,0162,1500.0,1500.0,Corporate Fund,Office of the Mayor,Repair/Maintenance of Equipment,0.0,0.0
0100,1,0166,248023.0,248023.0,Corporate Fund,Office of the Mayor,"Dues, Subscriptions and Memberships",0.0,0.0
0100,1,0169,6000.0,6000.0,Corporate Fund,Office of the Mayor,Technical Meeting Costs,0.0,0.0
0100,1,0229,0.0,0.0,Corporate Fund,Office of the Mayor,TRANSPORTATION AND EXPENSE ALLOWANCE,0.0,0.0
0100,1,0245,48000.0,48000.0,Corporate Fund,Office of the Mayor,Reimbursement to Travelers,0.0,0.0
0100,1,0270,0.0,0.0,Corporate Fund,Office of the Mayor,LOCAL TRANSPORTATION,0.0,0.0
0100,1,0350,10000.0,10000.0,Corporate Fund,Office of the Mayor,Stationery and Office Supplies,0.0,0.0
0100,1,9121,200000.0,200000.0,Corporate Fund,Office of the Mayor,For Payment of Costs Associated with Lobbyist Activities on Behalf of the City of Chicago,0.0,0.0
0100,3,0005,8289658.0,8307226.0,Corporate Fund,Office of Inspector General,Salaries and Wages - on Payroll,-17568.0,-0.21147853687861629
0100,3,0015,187555.0,187555.0,Corporate Fund,Office of Inspector General,Schedule Salary Adjustments,0.0,0.0
0100,3,0020,1500.0,1500.0,Corporate Fund,Office of Inspector General,Overtime,0.0,0.0
0100,3,0130,1635.0,1635.0,Corporate Fund,Office of Inspector General,Postage,0.0,0.0
0100,3,0138,15296.0,15296.0,Corporate Fund,Office of Inspector General,For Professional Services for Information Technology Maintenance,0.0,0.0
0100,3,0140,339348.0,339348.0,Corporate Fund,Office of Inspector General,For Professional and Technical Services and Other Third Party Benefit Agreements,0.0,0.0
0100,3,0143,52500.0,52500.0,Corporate Fund,Office of Inspector General,Court Reporting,0.0,0.0
0100,3,0149,600406.0,600406.0,Corporate Fund,Office of Inspector General,For Software Maintenance and Licensing,0.0,0.0
0100,3,0150,4750.0,4750.0,Corporate Fund,Office of Inspector General,Publications and Reproduction - Outside Services.  To be Expended with the Prior Approval of Graphics Services,0.0,0.0
0100,3,0152,5000.0,5000.0,Corporate Fund,Office of Inspector General,Advertising,0.0,0.0
0100,3,0157,63125.0,63125.0,Corporate Fund,Office of Inspector General,Rental of Equipment and Services,0.0,0.0
0100,3,0159,129501.0,129501.0,Corporate Fund,Office of Inspector General,Lease Purchase Agreements for Equipment and Machinery,0.0,0.0
0100,3,0162,1000.0,1000.0,Corporate Fund,Office of Inspector General,Repair/Maintenance of Equipment,0.0,0.0
0100,3,0166,20618.0,20618.0,Corporate Fund,Office of Inspector General,"Dues, Subscriptions and Memberships",0.0,0.0
0100,3,0169,192864.0,192864.0,Corporate Fund,Office of Inspector General,Technical Meeting Costs,0.0,0.0
0100,3,0181,22777.0,22777.0,Corporate Fund,Office of Inspector General,Mobile Communication Services,0.0,0.0
0100,3,0189,82440.0,82440.0,Corporate Fund,Office of Inspector General,Telephone - Non-Centrex Billings,0.0,0.0
0100,3,0245,26496.0,26496.0,Corporate Fund,Office of Inspector General,Reimbursement to Travelers,0.0,0.0
0100,3,0270,23510.0,23510.0,Corporate Fund,Office of Inspector General,Local Transportation,0.0,0.0
0100,3,0320,2533.0,2533.0,Corporate Fund,Office of Inspector General,Gasoline,0.0,0.0
0100,3,0340,3001.0,3001.0,Corporate Fund,Office of Inspector General,Material and Supplies,0.0,0.0
0100,3,0348,1500.0,1500.0,Corporate Fund,Office of Inspector General,Books and Related Material,0.0,0.0
0100,3,0350,19629.0,19629.0,Corporate Fund,Office of Inspector General,Stationery and Office Supplies,0.0,0.0
0100,3,0446,88477.0,88477.0,Corporate Fund,Office of Inspector General,For the Purchase of IT and Data Communication Hardware,0.0,0.0
0100,3,0700,97060.0,97060.0,Corporate Fund,Office of Inspector General,Contingencies,0.0,0.0
0100,3,9438,2000.0,2000.0,Corporate Fund,Office of Inspector General,For Services Provided by the Department of Fleet and Facilities Management,0.0,0.0
0100,5,0005,3888086.0,3769958.0,Corporate Fund,Office of Budget and Management,Salaries and Wages - on Payroll,118128.0,3.133403608209959
0100,5,0015,78712.0,78712.0,Corporate Fund,Office of Budget and Management,Schedule Salary Adjustments,0.0,0.0
0100,5,0039,0.0,0.0,Corporate Fund,Office of Budget and Management,STUDENT AS TRAINEES,0.0,0.0
0100,5,0130,200.0,200.0,Corporate Fund,Office of Budget and Management,Postage,0.0,0.0
0100,5,0140,24500.0,24500.0,Corporate Fund,Office of Budget and Management,For Professional and Technical Services and Other Third Party Benefit Agreements,0.0,0.0
0100,5,0152,500.0,500.0,Corporate Fund,Office of Budget and Management,Advertising,0.0,0.0
0100,5,0157,8000.0,8000.0,Corporate Fund,Office of Budget and Management,Rental of Equipment and Services,0.0,0.0
0100,5,0166,1728.0,1728.0,Corporate Fund,Office of Budget and Management,"Dues, Subscriptions and Memberships",0.0,0.0
0100,5,0169,0.0,0.0,Corporate Fund,Office of Budget and Management,TECHNICAL MEETING COSTS,0.0,0.0
0100,5,0229,0.0,0.0,Corporate Fund,Office of Budget and Management,TRANSPORTATION AND EXPENSE ALLOWANCE,0.0,0.0
0100,5,0245,9400.0,9400.0,Corporate Fund,Office of Budget and Management,Reimbursement to Travelers,0.0,0.0
0100,5,0270,600.0,600.0,Corporate Fund,Office of Budget and Management,Local Transportation,0.0,0.0
0100,5,0348,200.0,200.0,Corporate Fund,Office of Budget and Management,Books and Related Material,0.0,0.0
0100,5,0350,5400.0,5400.0,Corporate Fund,Office of Budget and Management,Stationery and Office Supplies,0.0,0.0
0100,6,0005,9939828.0,9939828.0,Corporate Fund,Department of Technology and Innovation,Salaries and Wages - on Payroll,0.0,0.0
0100,6,0015,206062.0,206062.0,Corporate Fund,Department of Technology and Innovation,Schedule Salary Adjustments,0.0,0.0
0100,6,0091,10000.0,10000.0,Corporate Fund,Department of Technology and Innovation,Uniform Allowance,0.0,0.0
0100,6,0138,5864901.0,5864901.0,Corporate Fund,Department of Technology and Innovation,For Professional Services for Information Technology Maintenance,0.0,0.0
0100,6,0140,777846.0,777846.0,Corporate Fund,Department of Technology and Innovation,For Professional and Technical Services and Other Third Party Benefit Agreements,0.0,0.0
0100,6,0149,15889227.0,15889227.0,Corporate Fund,Department of Technology and Innovation,For Software Maintenance and Licensing,0.0,0.0
0100,6,0162,2956203.0,2956203.0,Corporate Fund,Department of Technology and Innovation,Repair/Maintenance of Equipment,0.0,0.0
0100,6,0166,1001856.0,1001856.0,Corporate Fund,Department of Technology and Innovation,"Dues, Subscriptions and Memberships",0.0,0.0
0100,6,0169,71700.0,71700.0,Corporate Fund,Department of Technology and Innovation,Technical Meeting Costs,0.0,0.0
0100,6,0181,1755320.0,1755320.0,Corporate Fund,Department of Technology and Innovation,Mobile Communication Services,0.0,0.0
0100,6,0188,1322051.0,1322051.0,Corporate Fund,Department of Technology and Innovation,Vehicle Tracking Service,0.0,0.0
0100,6,0189,205403.0,205403.0,Corporate Fund,Department of Technology and Innovation,Telephone - Non-Centrex Billings,0.0,0.0
0100,6,0190,1949219.0,1949219.0,Corporate Fund,Department of Technology and Innovation,Telephone - Centrex Billings,0.0,0.0
0100,6,0196,1410419.0,1410419.0,Corporate Fund,Department of Technology and Innovation,Data Circuits,0.0,0.0
0100,6,0197,225773.0,225773.0,Corporate Fund,Department of Technology and Innovation,Telephone - Maintenance and Repair of Equipment and Voicemail,0.0,0.0
0100,6,0340,10000.0,10000.0,Corporate Fund,Department of Technology and Innovation,Material and Supplies,0.0,0.0
0100,6,0348,0.0,0.0,Corporate Fund,Department of Technology and Innovation,BOOKS AND RELATED MATERIAL,0.0,0.0
0100,6,0350,15000.0,15000.0,Corporate Fund,Department of Technology and Innovation,Stationery and Office Supplies,0.0,0.0
0100,15,0000,845844.0,845844.0,Corporate Fund,City Council,Personnel Services,0.0,0.0
0100,15,0005,6943254.0,6949278.0,Corporate Fund,City Council,Salaries and Wages - on Payroll,-6024.0,-0.08668526428213118
0100,15,0017,0.0,0.0,Corporate Fund,City Council,WARD STAFF WAGE ALLOWANCE,0.0,0.0
0100,15,0039,276500.0,276500.0,Corporate Fund,City Council,For the Employment of Students as Trainees,0.0,0.0
0100,15,0100,74700.0,74700.0,Corporate Fund,City Council,Contractual Services,0.0,0.0
0100,15,0126,1000.0,1000.0,Corporate Fund,City Council,Office Conveniences,0.0,0.0
0100,15,0130,3000.0,3000.0,Corporate Fund,City Council,Postage,0.0,0.0
0100,15,0140,61520.0,61520.0,Corporate Fund,City Council,For Professional and Technical Services and Other Third Party Benefit Agreements,0.0,0.0
0100,15,0143,60000.0,60000.0,Corporate Fund,City Council,Court Reporting,0.0,0.0
0100,15,0157,65000.0,65000.0,Corporate Fund,City Council,Rental of Equipment and Services,0.0,0.0
0100,15,0165,1500.0,1500.0,Corporate Fund,City Council,Graphic Design Services,0.0,0.0
0100,15,0166,3000.0,3000.0,Corporate Fund,City Council,"Dues, Subscriptions and Memberships",0.0,0.0
0100,15,0169,1500.0,1500.0,Corporate Fund,City Council,Technical Meeting Costs,0.0,0.0
0100,15,0229,4000.0,4000.0,Corporate Fund,City Council,Transportation and Expense Allowance,0.0,0.0
0100,15,0300,15300.0,15300.0,Corporate Fund,City Council,Commodities and Materials,0.0,0.0
0100,15,0340,7000.0,7000.0,Corporate Fund,City Council,Material and Supplies,0.0,0.0
0100,15,0348,3000.0,3000.0,Corporate Fund,City Council,Books and Related Material,0.0,0.0
0100,15,0350,35000.0,35000.0,Corporate Fund,City Council,Stationery and Office Supplies,0.0,0.0
0100,15,0400,9500.0,9500.0,Corporate Fund,City Council,Equipment,0.0,0.0
0100,15,0700,32644.0,32644.0,Corporate Fund,City Council,Contingencies,0.0,0.0
0100,15,0982,1000.0,1000.0,Corporate Fund,City Council,For Expense in Connection with Recognition and Awards to Citizens of Chicago for Acts of Heroism. To Be Expended on Order of the City Council,0.0,0.0
0100,15,9000,122000.0,122000.0,Corporate Fund,City Council,Purposes as Specified,0.0,0.0
0100,15,9005,50000.0,50000.0,Corporate Fund,City Council,For the Payment of Legal Fees Pursuant to Sec. 2-152-170 of the Municipal Code. To Be Expended at the direction of the Committee on Finance,0.0,0.0
0100,15,9006,50000.0,50000.0,Corporate Fund,City Council,For Legal Assistance to the City Council. To Be Expended at the Direction of the Chairman of the Committee on Finance,0.0,0.0
0100,15,9008,0.0,0.0,Corporate Fund,City Council,Aldermanic Expense Allowance for Ordinary and Necessary Expenses Incurred in Connection with the Performance of an Alderman's Official Duties. Warrant...,0.0,0.0
0100,15,9010,35500.0,35500.0,Corporate Fund,City Council,For Legal  Technical  Medical and Professional Services  Appraisals  Consultants  Printers  Court Reporters  and Other Incidental Contractual Services...,0.0,0.0
0100,15,9072,4000.0,4000.0,Corporate Fund,City Council,Contingent and Other Expenses for Corporate Purposes Not Otherwise Provided For. To Be Expended Under the Direction of the President Pro Tempore ...,0.0,0.0
0100,21,0005,2220250.0,2220250.0,Corporate Fund,Department of Housing,Salaries and Wages - on Payroll,0.0,0.0
0100,21,0015,25587.0,25587.0,Corporate Fund,Department of Housing,Schedule Salary Adjustments,0.0,0.0
0100,21,0039,218000.0,218000.0,Corporate Fund,Department of Housing,For the Employment of Students as Trainees,0.0,0.0
0100,21,0135,6886931.0,6886931.0,Corporate Fund,Department of Housing,For Delegate Agencies,0.0,0.0
0100,21,0140,406000.0,406000.0,Corporate Fund,Department of Housing,For Professional and Technical Services and Other Third Party Benefit Agreements,0.0,0.0
0100,21,0141,10000.0,10000.0,Corporate Fund,Department of Housing,Appraisals,0.0,0.0
0100,21,0149,446665.0,446665.0,Corporate Fund,Department of Housing,For Software Maintenance and Licensing,0.0,0.0
0100,21,0152,6000.0,6000.0,Corporate Fund,Department of Housing,Advertising,0.0,0.0
0100,21,0229,300.0,300.0,Corporate Fund,Department of Housing,Transportation and Expense Allowance,0.0,0.0
0100,21,0245,6000.0,6000.0,Corporate Fund,Department of Housing,Reimbursement to Travelers,0.0,0.0
0100,21,0420,0.0,0.0,Corporate Fund,Department of Housing,FURNITURE AND FIXTURES,0.0,0.0
0100,21,9110,40000.0,40000.0,Corporate Fund,Department of Housing,"Property Management, Maintenance and Security",0.0,0.0
0100,21,9211,75000.0,75000.0,Corporate Fund,Department of Housing,Single-Family Troubled Building Initiative,0.0,0.0
0100,21,9212,51698.0,51698.0,Corporate Fund,Department of Housing,Multi-Family Troubled Building Initiative,0.0,0.0
0100,21,9224,352000.0,352000.0,Corporate Fund,Department of Housing,Micro Market Recovery Program,0.0,0.0
0100,21,9438,24000.0,24000.0,Corporate Fund,Department of Housing,For Services Provided by the Department of Fleet and Facilities Management,0.0,0.0
0100,25,0005,2868875.0,2868875.0,Corporate Fund,Office of City Clerk,Salaries and Wages - on Payroll,0.0,0.0
0100,25,0015,37503.0,37503.0,Corporate Fund,Office of City Clerk,Schedule Salary Adjustments,0.0,0.0
0100,25,0020,70000.0,70000.0,Corporate Fund,Office of City Clerk,Overtime,0.0,0.0
0100,25,0130,20641.0,20641.0,Corporate Fund,Office of City Clerk,Postage,0.0,0.0
0100,25,0135,300000.0,300000.0,Corporate Fund,Office of City Clerk,For Delegate Agencies,0.0,0.0
0100,25,0140,850071.0,850071.0,Corporate Fund,Office of City Clerk,For Professional and Technical Services and Other Third Party Benefit Agreements,0.0,0.0
0100,25,0149,1263935.0,1263935.0,Corporate Fund,Office of City Clerk,For Software Maintenance and Licensing,0.0,0.0
0100,25,0150,3000.0,3000.0,Corporate Fund,Office of City Clerk,Publications and Reproduction - Outside Services.  To be Expended with the Prior Approval of Graphics Services,0.0,0.0
0100,25,0152,80000.0,80000.0,Corporate Fund,Office of City Clerk,Advertising,0.0,0.0
0100,25,0157,35568.0,35568.0,Corporate Fund,Office of City Clerk,Rental of Equipment and Services,0.0,0.0
0100,25,0159,100353.0,100353.0,Corporate Fund,Office of City Clerk,Lease Purchase Agreements for Equipment and Machinery,0.0,0.0
0100,25,0162,20325.0,20325.0,Corporate Fund,Office of City Clerk,Repair/Maintenance of Equipment,0.0,0.0
0100,25,0166,7957.0,5957.0,Corporate Fund,Office of City Clerk,"Dues, Subscriptions and Memberships",2000.0,33.57394661742488
0100,25,0171,118250.0,118250.0,Corporate Fund,Office of City Clerk,Miscellaneous Supplies,0.0,0.0
0100,25,0340,1500.0,1500.0,Corporate Fund,Office of City Clerk,Material and Supplies,0.0,0.0
0100,25,0350,247500.0,247500.0,Corporate Fund,Office of City Clerk,Stationery and Office Supplies,0.0,0.0
0100,27,0005,25693740.0,25642416.0,Corporate Fund,Department of Finance,Salaries and Wages - on Payroll,51324.0,0.20015274691745116
0100,27,0012,61247.0,61247.0,Corporate Fund,Department of Finance,Contract Wage Increment - Prevailing Rate,0.0,0.0
0100,27,0015,257718.0,257718.0,Corporate Fund,Department of Finance,Schedule Salary Adjustments,0.0,0.0
0100,27,0020,285500.0,285500.0,Corporate Fund,Department of Finance,Overtime,0.0,0.0
0100,27,0039,17000.0,17000.0,Corporate Fund,Department of Finance,For the Employment of Students as Trainees,0.0,0.0
0100,27,0091,84050.0,84050.0,Corporate Fund,Department of Finance,Uniform Allowance,0.0,0.0
0100,27,0130,115500.0,115500.0,Corporate Fund,Department of Finance,Postage,0.0,0.0
0100,27,0138,23318509.0,23100000.0,Corporate Fund,Department of Finance,For Professional Services for Information Technology Maintenance,218509.0,0.9459264069264068
0100,27,0139,100000.0,100000.0,Corporate Fund,Department of Finance,For Professional Services for Information Technology Development,0.0,0.0
0100,27,0140,7884354.0,6832739.0,Corporate Fund,Department of Finance,For Professional and Technical Services and Other Third Party Benefit Agreements,1051615.0,15.390826431391568
0100,27,0142,651425.0,651425.0,Corporate Fund,Department of Finance,Accounting and Auditing,0.0,0.0
0100,27,0149,543060.0,543060.0,Corporate Fund,Department of Finance,For Software Maintenance and Licensing,0.0,0.0
0100,27,0150,20000.0,20000.0,Corporate Fund,Department of Finance,Publications and Reproduction - Outside Services.  To be Expended with the Prior Approval of Graphics Services,0.0,0.0
0100,27,0152,12500.0,12500.0,Corporate Fund,Department of Finance,Advertising,0.0,0.0
0100,27,0156,15574.0,15574.0,Corporate Fund,Department of Finance,Lock Box Rental,0.0,0.0
0100,27,0157,5040.0,5040.0,Corporate Fund,Department of Finance,Rental of Equipment and Services,0.0,0.0
0100,27,0159,80900.0,80900.0,Corporate Fund,Department of Finance,Lease Purchase Agreements for Equipment and Machinery,0.0,0.0
0100,27,0162,1263747.0,1263747.0,Corporate Fund,Department of Finance,Repair/Maintenance of Equipment,0.0,0.0
0100,27,0166,21531.0,21531.0,Corporate Fund,Department of Finance,"Dues, Subscriptions and Memberships",0.0,0.0
0100,27,0169,45779.0,45779.0,Corporate Fund,Department of Finance,Technical Meeting Costs,0.0,0.0
0100,27,0171,1000.0,1000.0,Corporate Fund,Department of Finance,Miscellaneous Supplies,0.0,0.0
0100,27,0178,1500.0,1500.0,Corporate Fund,Department of Finance,Freight and Express Charges,0.0,0.0
0100,27,0179,12000.0,12000.0,Corporate Fund,Department of Finance,Messenger Service,0.0,0.0
0100,27,0228,500.0,500.0,Corporate Fund,Department of Finance,Out of Town Travel for Auditors Only,0.0,0.0
0100,27,0229,2000.0,2000.0,Corporate Fund,Department of Finance,Transportation and Expense Allowance,0.0,0.0
0100,27,0245,28700.0,28700.0,Corporate Fund,Department of Finance,Reimbursement to Travelers,0.0,0.0
0100,27,0270,250.0,250.0,Corporate Fund,Department of Finance,Local Transportation,0.0,0.0
0100,27,0319,6083.0,6083.0,Corporate Fund,Department of Finance,Clothing,0.0,0.0
0100,27,0339,26180.0,26180.0,Corporate Fund,Department of Finance,Revenue Stamps,0.0,0.0
0100,27,0340,161350.0,161350.0,Corporate Fund,Department of Finance,Material and Supplies,0.0,0.0
0100,27,0348,1315.0,1315.0,Corporate Fund,Department of Finance,Books and Related Material,0.0,0.0
0100,27,0350,77000.0,77000.0,Corporate Fund,Department of Finance,Stationery and Office Supplies,0.0,0.0
0100,27,0421,220000.0,220000.0,Corporate Fund,Department of Finance,Machinery and Equipment,0.0,0.0
0100,27,9067,400.0,400.0,Corporate Fund,Department of Finance,For Physical Exams,0.0,0.0
0100,27,9438,55000.0,55000.0,Corporate Fund,Department of Finance,For Services Provided by the Department of Fleet and Facilities Management,0.0,0.0
0100,28,0005,2048297.0,2079037.0,Corporate Fund,City Treasurer's Office,Salaries and Wages - on Payroll,-30740.0,-1.4785691644737444
0100,28,0015,21154.0,21154.0,Corporate Fund,City Treasurer's Office,Schedule Salary Adjustments,0.0,0.0
0100,28,0039,12050.0,12050.0,Corporate Fund,City Treasurer's Office,For the Employment of Students as Trainees,0.0,0.0
0100,28,0130,80.0,80.0,Corporate Fund,City Treasurer's Office,Postage,0.0,0.0
0100,28,0138,120037.0,120037.0,Corporate Fund,City Treasurer's Office,For Professional Services for Information Technology Maintenance,0.0,0.0
0100,28,0140,517835.0,511335.0,Corporate Fund,City Treasurer's Office,For Professional and Technical Services and Other Third Party Benefit Agreements,6500.0,1.271182297319761
0100,28,0142,92000.0,92000.0,Corporate Fund,City Treasurer's Office,Accounting and Auditing,0.0,0.0
0100,28,0149,31721.0,31721.0,Corporate Fund,City Treasurer's Office,For Software Maintenance and Licensing,0.0,0.0
0100,28,0150,2500.0,2500.0,Corporate Fund,City Treasurer's Office,Publications and Reproduction - Outside Services.  To be Expended with the Prior Approval of Graphics Services,0.0,0.0
0100,28,0157,45392.0,25000.0,Corporate Fund,City Treasurer's Office,Rental of Equipment and Services,20392.0,81.568
0100,28,0159,26346.0,26346.0,Corporate Fund,City Treasurer's Office,Lease Purchase Agreements for Equipment and Machinery,0.0,0.0
0100,28,0166,336190.0,327890.0,Corporate Fund,City Treasurer's Office,"Dues, Subscriptions and Memberships",8300.0,2.5313367287809934
0100,28,0169,44000.0,44000.0,Corporate Fund,City Treasurer's Office,Technical Meeting Costs,0.0,0.0
0100,28,0179,400.0,400.0,Corporate Fund,City Treasurer's Office,Messenger Service,0.0,0.0
0100,28,0245,17000.0,17000.0,Corporate Fund,City Treasurer's Office,Reimbursement to Travelers,0.0,0.0
0100,28,0270,1250.0,1250.0,Corporate Fund,City Treasurer's Office,Local Transportation,0.0,0.0
0100,28,0350,1500.0,1500.0,Corporate Fund,City Treasurer's Office,Stationery and Office Supplies,0.0,0.0
0100,28,9438,10000.0,10000.0,Corporate Fund,City Treasurer's Office,For Services Provided by the Department of Fleet and Facilities Management,0.0,0.0
0100,30,0005,3317940.0,3317940.0,Corporate Fund,Department of Administrative Hearings,Salaries and Wages - on Payroll,0.0,0.0
0100,30,0015,41593.0,41593.0,Corporate Fund,Department of Administrative Hearings,Schedule Salary Adjustments,0.0,0.0
0100,30,0020,2000.0,2000.0,Corporate Fund,Department of Administrative Hearings,Overtime,0.0,0.0
0100,30,0039,40460.0,40460.0,Corporate Fund,Department of Administrative Hearings,For the Employment of Students as Trainees,0.0,0.0
0100,30,0130,90000.0,90000.0,Corporate Fund,Department of Administrative Hearings,Postage,0.0,0.0
0100,30,0138,1176138.0,1176138.0,Corporate Fund,Department of Administrative Hearings,For Professional Services for Information Technology Maintenance,0.0,0.0
0100,30,0140,3753276.0,3653276.0,Corporate Fund,Department of Administrative Hearings,For Professional and Technical Services and Other Third Party Benefit Agreements,100000.0,2.737269234517184
0100,30,0143,45829.0,45829.0,Corporate Fund,Department of Administrative Hearings,Court Reporting,0.0,0.0
0100,30,0159,30307.0,30307.0,Corporate Fund,Department of Administrative Hearings,Lease Purchase Agreements for Equipment and Machinery,0.0,0.0
0100,30,0162,1375.0,1375.0,Corporate Fund,Department of Administrative Hearings,Repair/Maintenance of Equipment,0.0,0.0
0100,30,0166,3730.0,170.0,Corporate Fund,Department of Administrative Hearings,"Dues, Subscriptions and Memberships",3560.0,2094.1176470588234
0100,30,0169,470.0,470.0,Corporate Fund,Department of Administrative Hearings,Technical Meeting Costs,0.0,0.0
0100,30,0179,3850.0,3850.0,Corporate Fund,Department of Administrative Hearings,Messenger Service,0.0,0.0
0100,30,0229,1750.0,1750.0,Corporate Fund,Department of Administrative Hearings,Transportation and Expense Allowance,0.0,0.0
0100,30,0340,16968.0,16968.0,Corporate Fund,Department of Administrative Hearings,Material and Supplies,0.0,0.0
0100,30,0348,800.0,800.0,Corporate Fund,Department of Administrative Hearings,Books and Related Material,0.0,0.0
0100,30,0350,12440.0,12440.0,Corporate Fund,Department of Administrative Hearings,Stationery and Office Supplies,0.0,0.0
0100,30,9438,21850.0,21850.0,Corporate Fund,Department of Administrative Hearings,For Services Provided by the Department of Fleet and Facilities Management,0.0,0.0
0100,31,0005,32864503.0,32857123.0,Corporate Fund,Department of Law,Salaries and Wages - on Payroll,7380.0,0.02246088313940329
0100,31,0015,161114.0,161114.0,Corporate Fund,Department of Law,Schedule Salary Adjustments,0.0,0.0
0100,31,0020,5000.0,5000.0,Corporate Fund,Department of Law,Overtime,0.0,0.0
0100,31,0130,81738.0,81738.0,Corporate Fund,Department of Law,Postage,0.0,0.0
0100,31,0138,456733.0,456733.0,Corporate Fund,Department of Law,For Professional Services for Information Technology Maintenance,0.0,0.0
0100,31,0140,1314424.0,1314424.0,Corporate Fund,Department of Law,For Professional and Technical Services and Other Third Party Benefit Agreements,0.0,0.0
0100,31,0141,10000.0,10000.0,Corporate Fund,Department of Law,Appraisals,0.0,0.0
0100,31,0143,760325.0,760325.0,Corporate Fund,Department of Law,Court Reporting,0.0,0.0
0100,31,0145,56193.0,56193.0,Corporate Fund,Department of Law,Legal Expenses,0.0,0.0
0100,31,0149,309888.0,309888.0,Corporate Fund,Department of Law,For Software Maintenance and Licensing,0.0,0.0
0100,31,0150,8000.0,8000.0,Corporate Fund,Department of Law,Publications and Reproduction - Outside Services.  To be Expended with the Prior Approval of Graphics Services,0.0,0.0
0100,31,0157,50886.0,50886.0,Corporate Fund,Department of Law,Rental of Equipment and Services,0.0,0.0
0100,31,0159,117246.0,117246.0,Corporate Fund,Department of Law,Lease Purchase Agreements for Equipment and Machinery,0.0,0.0
0100,31,0162,4406.0,4406.0,Corporate Fund,Department of Law,Repair/Maintenance of Equipment,0.0,0.0
0100,31,0166,142859.0,153287.0,Corporate Fund,Department of Law,"Dues, Subscriptions and Memberships",-10428.0,-6.802925231754813
0100,31,0169,46540.0,46540.0,Corporate Fund,Department of Law,Technical Meeting Costs,0.0,0.0
0100,31,0178,7378.0,7378.0,Corporate Fund,Department of Law,Freight and Express Charges,0.0,0.0
0100,31,0229,3510.0,3510.0,Corporate Fund,Department of Law,Transportation and Expense Allowance,0.0,0.0
0100,31,0245,17500.0,17500.0,Corporate Fund,Department of Law,Reimbursement to Travelers,0.0,0.0
0100,31,0270,15875.0,15875.0,Corporate Fund,Department of Law,Local Transportation,0.0,0.0
0100,31,0348,1800.0,1800.0,Corporate Fund,Department of Law,Books and Related Material,0.0,0.0
0100,31,0350,45996.0,45996.0,Corporate Fund,Department of Law,Stationery and Office Supplies,0.0,0.0
0100,31,9438,10683.0,10683.0,Corporate Fund,Department of Law,For Services Provided by the Department of Fleet and Facilities Management,0.0,0.0
0100,33,0005,10202332.0,10329688.0,Corporate Fund,Department of Human Resources,Salaries and Wages - on Payroll,-127356.0,-1.232912359018007
0100,33,0015,159972.0,159972.0,Corporate Fund,Department of Human Resources,Schedule Salary Adjustments,0.0,0.0
0100,33,0039,59277.0,59277.0,Corporate Fund,Department of Human Resources,For the Employment of Students as Trainees,0.0,0.0
0100,33,0050,21000.0,21000.0,Corporate Fund,Department of Human Resources,Stipends,0.0,0.0
0100,33,0130,7564.0,7564.0,Corporate Fund,Department of Human Resources,Postage,0.0,0.0
0100,33,0140,482373.0,482373.0,Corporate Fund,Department of Human Resources,For Professional and Technical Services and Other Third Party Benefit Agreements,0.0,0.0
0100,33,0143,55993.0,55993.0,Corporate Fund,Department of Human Resources,Court Reporting,0.0,0.0
0100,33,0149,41681.0,41681.0,Corporate Fund,Department of Human Resources,For Software Maintenance and Licensing,0.0,0.0
0100,33,0152,161700.0,161700.0,Corporate Fund,Department of Human Resources,Advertising,0.0,0.0
0100,33,0159,78350.0,78350.0,Corporate Fund,Department of Human Resources,Lease Purchase Agreements for Equipment and Machinery,0.0,0.0
0100,33,0162,9100.0,9100.0,Corporate Fund,Department of Human Resources,Repair/Maintenance of Equipment,0.0,0.0
0100,33,0166,49833.0,51018.0,Corporate Fund,Department of Human Resources,"Dues, Subscriptions and Memberships",-1185.0,-2.322709631894625
0100,33,0169,17800.0,17800.0,Corporate Fund,Department of Human Resources,Technical Meeting Costs,0.0,0.0
0100,33,0178,200.0,200.0,Corporate Fund,Department of Human Resources,Freight and Express Charges,0.0,0.0
0100,33,0270,2010.0,2010.0,Corporate Fund,Department of Human Resources,Local Transportation,0.0,0.0
0100,33,0340,27045.0,27045.0,Corporate Fund,Department of Human Resources,Material and Supplies,0.0,0.0
0100,33,0350,9500.0,9500.0,Corporate Fund,Department of Human Resources,Stationery and Office Supplies,0.0,0.0
0100,33,9438,14000.0,14000.0,Corporate Fund,Department of Human Resources,For Services Provided by the Department of Fleet and Facilities Management,0.0,0.0
0100,35,0005,9095474.0,9170354.0,Corporate Fund,Department of Procurement Services,Salaries and Wages - on Payroll,-74880.0,-0.8165442686291065
0100,35,0012,3164.0,3164.0,Corporate Fund,Department of Procurement Services,Contract Wage Increment - Prevailing Rate,0.0,0.0
0100,35,0015,170323.0,170323.0,Corporate Fund,Department of Procurement Services,Schedule Salary Adjustments,0.0,0.0
0100,35,0039,30000.0,30000.0,Corporate Fund,Department of Procurement Services,For the Employment of Students as Trainees,0.0,0.0
0100,35,0130,2021.0,2021.0,Corporate Fund,Department of Procurement Services,Postage,0.0,0.0
0100,35,0138,205210.0,205210.0,Corporate Fund,Department of Procurement Services,For Professional Services for Information Technology Maintenance,0.0,0.0
0100,35,0140,1188654.0,1188654.0,Corporate Fund,Department of Procurement Services,For Professional and Technical Services and Other Third Party Benefit Agreements,0.0,0.0
0100,35,0149,10550.0,10550.0,Corporate Fund,Department of Procurement Services,For Software Maintenance and Licensing,0.0,0.0
0100,35,0152,60000.0,60000.0,Corporate Fund,Department of Procurement Services,Advertising,0.0,0.0
0100,35,0157,38497.0,29497.0,Corporate Fund,Department of Procurement Services,Rental of Equipment and Services,9000.0,30.51157744855409
0100,35,0159,20300.0,20300.0,Corporate Fund,Department of Procurement Services,Lease Purchase Agreements for Equipment and Machinery,0.0,0.0
0100,35,0160,15280.0,15280.0,Corporate Fund,Department of Procurement Services,Repair or Maintenance of Property,0.0,0.0
0100,35,0162,22056.0,22056.0,Corporate Fund,Department of Procurement Services,Repair/Maintenance of Equipment,0.0,0.0
0100,35,0166,20040.0,18130.0,Corporate Fund,Department of Procurement Services,"Dues, Subscriptions and Memberships",1910.0,10.535024820739107
0100,35,0168,10000.0,10000.0,Corporate Fund,Department of Procurement Services,Educational Development through Cooperative Education Program and Apprenticeship Program,0.0,0.0
0100,35,0171,17500.0,17500.0,Corporate Fund,Department of Procurement Services,Miscellaneous Supplies,0.0,0.0
0100,35,0178,500.0,500.0,Corporate Fund,Department of Procurement Services,Freight and Express Charges,0.0,0.0
0100,35,0229,200.0,200.0,Corporate Fund,Department of Procurement Services,Transportation and Expense Allowance,0.0,0.0
0100,35,0245,41000.0,50000.0,Corporate Fund,Department of Procurement Services,Reimbursement to Travelers,-9000.0,-18.0
0100,35,0270,290.0,290.0,Corporate Fund,Department of Procurement Services,Local Transportation,0.0,0.0
0100,35,0340,6550.0,6550.0,Corporate Fund,Department of Procurement Services,Material and Supplies,0.0,0.0
0100,35,0350,22873.0,22873.0,Corporate Fund,Department of Procurement Services,Stationery and Office Supplies,0.0,0.0
0100,35,0446,8400.0,8400.0,Corporate Fund,Department of Procurement Services,For the Purchase of IT and Data Communication Hardware,0.0,0.0
0100,35,9438,25000.0,25000.0,Corporate Fund,Department of Procurement Services,For Services Provided by the Department of Fleet and Facilities Management,0.0,0.0
0100,38,0005,40557281.0,40557281.0,Corporate Fund,Department of Fleet and Facility Management,Salaries and Wages - on Payroll,0.0,0.0
0100,38,0012,577060.0,577060.0,Corporate Fund,Department of Fleet and Facility Management,Contract Wage Increment - Prevailing Rate,0.0,0.0
0100,38,0015,69964.0,69964.0,Corporate Fund,Department of Fleet and Facility Management,Schedule Salary Adjustments,0.0,0.0
0100,38,0020,2437755.0,5565678.0,Corporate Fund,Department of Fleet and Facility Management,Overtime,-3127923.0,-56.200214960333675
0100,38,0039,42330.0,42330.0,Corporate Fund,Department of Fleet and Facility Management,For the Employment of Students as Trainees,0.0,0.0
0100,38,0091,62800.0,62800.0,Corporate Fund,Department of Fleet and Facility Management,Uniform Allowance,0.0,0.0
0100,38,0125,30817450.0,30817450.0,Corporate Fund,Department of Fleet and Facility Management,Office and Building Services,0.0,0.0
0100,38,0130,35000.0,35000.0,Corporate Fund,Department of Fleet and Facility Management,Postage,0.0,0.0
0100,38,0140,9270315.0,9270315.0,Corporate Fund,Department of Fleet and Facility Management,For Professional and Technical Services and Other Third Party Benefit Agreements,0.0,0.0
0100,38,0141,32000.0,32000.0,Corporate Fund,Department of Fleet and Facility Management,Appraisals,0.0,0.0
0100,38,0148,40025.0,40025.0,Corporate Fund,Department of Fleet and Facility Management,Testing and Inspecting,0.0,0.0
0100,38,0149,445209.0,445209.0,Corporate Fund,Department of Fleet and Facility Management,For Software Maintenance and Licensing,0.0,0.0
0100,38,0152,2000.0,2000.0,Corporate Fund,Department of Fleet and Facility Management,Advertising,0.0,0.0
0100,38,0155,24583606.0,24583606.0,Corporate Fund,Department of Fleet and Facility Management,Rental of Property,0.0,0.0
0100,38,0157,1613535.0,1613535.0,Corporate Fund,Department of Fleet and Facility Management,Rental of Equipment and Services,0.0,0.0
0100,38,0159,3282401.0,3282401.0,Corporate Fund,Department of Fleet and Facility Management,Lease Purchase Agreements for Equipment and Machinery,0.0,0.0
0100,38,0160,4992310.0,4992310.0,Corporate Fund,Department of Fleet and Facility Management,Repair or Maintenance of Property,0.0,0.0
0100,38,0161,2000000.0,2000000.0,Corporate Fund,Department of Fleet and Facility Management,"Operation, Repair or Maintenance of Facilities",0.0,0.0
0100,38,0162,4783912.0,4783912.0,Corporate Fund,Department of Fleet and Facility Management,Repair/Maintenance of Equipment,0.0,0.0
0100,38,0166,5500.0,5500.0,Corporate Fund,Department of Fleet and Facility Management,"Dues, Subscriptions and Memberships",0.0,0.0
0100,38,0169,30020.0,30020.0,Corporate Fund,Department of Fleet and Facility Management,Technical Meeting Costs,0.0,0.0
0100,38,0176,12925000.0,13925000.0,Corporate Fund,Department of Fleet and Facility Management,Maintenance and Operation of City Owned Vehicles,-1000000.0,-7.1813285457809695
0100,38,0179,1500.0,1500.0,Corporate Fund,Department of Fleet and Facility Management,Messenger Service,0.0,0.0
0100,38,0185,7400.0,7400.0,Corporate Fund,Department of Fleet and Facility Management,Waste Disposal Services,0.0,0.0
0100,38,0245,10000.0,10000.0,Corporate Fund,Department of Fleet and Facility Management,Reimbursement to Travelers,0.0,0.0
0100,38,0313,1420516.0,1420516.0,Corporate Fund,Department of Fleet and Facility Management,Cleaning and Sanitation Supplies,0.0,0.0
0100,38,0315,4418860.0,4918860.0,Corporate Fund,Department of Fleet and Facility Management,Motor Vehicle Diesel Fuel,-500000.0,-10.16495692091257
0100,38,0319,91200.0,91200.0,Corporate Fund,Department of Fleet and Facility Management,Clothing,0.0,0.0
0100,38,0320,14775963.0,15775963.0,Corporate Fund,Department of Fleet and Facility Management,Gasoline,-1000000.0,-6.3387572600163935
0100,38,0322,5847259.0,6347259.0,Corporate Fund,Department of Fleet and Facility Management,Natural Gas,-500000.0,-7.877416062587016
0100,38,0325,326053.0,326053.0,Corporate Fund,Department of Fleet and Facility Management,Alternative Fuel,0.0,0.0
0100,38,0331,16640212.0,18640212.0,Corporate Fund,Department of Fleet and Facility Management,Electricity,-2000000.0,-10.729491703205952
0100,38,0338,140000.0,140000.0,Corporate Fund,Department of Fleet and Facility Management,"License Sticker, Tag and Plates",0.0,0.0
0100,38,0340,6351000.0,6351000.0,Corporate Fund,Department of Fleet and Facility Management,Material and Supplies,0.0,0.0
0100,38,0342,4230.0,4230.0,Corporate Fund,Department of Fleet and Facility Management,"Drugs, Medicine and Chemical Materials",0.0,0.0
0100,38,0345,36000.0,36000.0,Corporate Fund,Department of Fleet and Facility Management,Apparatus and Instruments,0.0,0.0
0100,38,0350,481000.0,481000.0,Corporate Fund,Department of Fleet and Facility Management,Stationery and Office Supplies,0.0,0.0
0100,38,0360,27609148.0,27609148.0,Corporate Fund,Department of Fleet and Facility Management,Repair Parts and Material,0.0,0.0
0100,38,0446,35000.0,35000.0,Corporate Fund,Department of Fleet and Facility Management,For the Purchase of IT and Data Communication Hardware,0.0,0.0
0100,38,9067,7470.0,7470.0,Corporate Fund,Department of Fleet and Facility Management,For Physical Exams,0.0,0.0
0100,38,9160,518635.0,518635.0,Corporate Fund,Department of Fleet and Facility Management,For Expenses Related to Services Provided by PBC,0.0,0.0
0100,38,9188,4952305.0,4952305.0,Corporate Fund,Department of Fleet and Facility Management,For Expenses Related to the Operation of Millennium Park,0.0,0.0
0100,39,0005,7545264.0,7545264.0,Corporate Fund,Board of Election Commissioners,Salaries and Wages - on Payroll,0.0,0.0
0100,39,0020,115000.0,115000.0,Corporate Fund,Board of Election Commissioners,Overtime,0.0,0.0
0100,39,0055,148860.0,148860.0,Corporate Fund,Board of Election Commissioners,Extra Hire,0.0,0.0
0100,39,0125,500000.0,500000.0,Corporate Fund,Board of Election Commissioners,Office and Building Services,0.0,0.0
0100,39,0130,592837.0,592837.0,Corporate Fund,Board of Election Commissioners,Postage,0.0,0.0
0100,39,0138,1576229.0,1576229.0,Corporate Fund,Board of Election Commissioners,For Professional Services for Information Technology Maintenance,0.0,0.0
0100,39,0140,5633596.0,5633596.0,Corporate Fund,Board of Election Commissioners,For Professional and Technical Services and Other Third Party Benefit Agreements,0.0,0.0
0100,39,0143,41838.0,41838.0,Corporate Fund,Board of Election Commissioners,Court Reporting,0.0,0.0
0100,39,0145,1645575.0,1645575.0,Corporate Fund,Board of Election Commissioners,Legal Expenses,0.0,0.0
0100,39,0149,2259290.0,2259290.0,Corporate Fund,Board of Election Commissioners,For Software Maintenance and Licensing,0.0,0.0
0100,39,0150,629800.0,629800.0,Corporate Fund,Board of Election Commissioners,Publications and Reproduction - Outside Services.  To be Expended with the Prior Approval of Graphics Services,0.0,0.0
0100,39,0152,152000.0,152000.0,Corporate Fund,Board of Election Commissioners,Advertising,0.0,0.0
0100,39,0154,1688725.0,1688725.0,Corporate Fund,Board of Election Commissioners,"For the Rental and Maintenance of Data Processing, Office Automation and Data Communications Hardware",0.0,0.0
0100,39,0155,1986196.0,1986196.0,Corporate Fund,Board of Election Commissioners,Rental of Property,0.0,0.0
0100,39,0157,95516.0,95516.0,Corporate Fund,Board of Election Commissioners,Rental of Equipment and Services,0.0,0.0
0100,39,0159,1030398.0,1030398.0,Corporate Fund,Board of Election Commissioners,Lease Purchase Agreements for Equipment and Machinery,0.0,0.0
0100,39,0162,284258.0,284258.0,Corporate Fund,Board of Election Commissioners,Repair/Maintenance of Equipment,0.0,0.0
0100,39,0166,21071.0,21071.0,Corporate Fund,Board of Election Commissioners,"Dues, Subscriptions and Memberships",0.0,0.0
0100,39,0169,43720.0,43720.0,Corporate Fund,Board of Election Commissioners,Technical Meeting Costs,0.0,0.0
0100,39,0172,2410.0,2410.0,Corporate Fund,Board of Election Commissioners,For the Cost of Insurance Premiums and Expenses,0.0,0.0
0100,39,0178,15376.0,15376.0,Corporate Fund,Board of Election Commissioners,Freight and Express Charges,0.0,0.0
0100,39,0181,1314800.0,1314800.0,Corporate Fund,Board of Election Commissioners,Mobile Communication Services,0.0,0.0
0100,39,0190,406840.0,406840.0,Corporate Fund,Board of Election Commissioners,Telephone - Centrex Billings,0.0,0.0
0100,39,0229,4500.0,4500.0,Corporate Fund,Board of Election Commissioners,Transportation and Expense Allowance,0.0,0.0
0100,39,0245,3200.0,3200.0,Corporate Fund,Board of Election Commissioners,Reimbursement to Travelers,0.0,0.0
0100,39,0270,5320.0,5320.0,Corporate Fund,Board of Election Commissioners,Local Transportation,0.0,0.0
0100,39,0340,402859.0,402859.0,Corporate Fund,Board of Election Commissioners,Material and Supplies,0.0,0.0
0100,39,0350,362256.0,362256.0,Corporate Fund,Board of Election Commissioners,Stationery and Office Supplies,0.0,0.0
0100,41,0005,27249159.0,27749439.0,Corporate Fund,Chicago Department of Public Health,Salaries and Wages - on Payroll,-500280.0,-1.8028472575607746
0100,41,0015,344111.0,344111.0,Corporate Fund,Chicago Department of Public Health,Schedule Salary Adjustments,0.0,0.0
0100,41,0020,90000.0,90000.0,Corporate Fund,Chicago Department of Public Health,Overtime,0.0,0.0
0100,41,0050,18500.0,18500.0,Corporate Fund,Chicago Department of Public Health,Stipends,0.0,0.0
0100,41,0091,16400.0,16400.0,Corporate Fund,Chicago Department of Public Health,Uniform Allowance,0.0,0.0
0100,41,0125,130000.0,130000.0,Corporate Fund,Chicago Department of Public Health,Office and Building Services,0.0,0.0
0100,41,0130,28000.0,28000.0,Corporate Fund,Chicago Department of Public Health,Postage,0.0,0.0
0100,41,0135,21521382.0,21521382.0,Corporate Fund,Chicago Department of Public Health,For Delegate Agencies,0.0,0.0
0100,41,0140,6013734.0,6013734.0,Corporate Fund,Chicago Department of Public Health,For Professional and Technical Services and Other Third Party Benefit Agreements,0.0,0.0
0100,41,0148,500.0,500.0,Corporate Fund,Chicago Department of Public Health,Testing and Inspecting,0.0,0.0
0100,41,0149,83743.0,83743.0,Corporate Fund,Chicago Department of Public Health,For Software Maintenance and Licensing,0.0,0.0
0100,41,0150,30000.0,30000.0,Corporate Fund,Chicago Department of Public Health,Publications and Reproduction - Outside Services.  To be Expended with the Prior Approval of Graphics Services,0.0,0.0
0100,41,0159,103230.0,103230.0,Corporate Fund,Chicago Department of Public Health,Lease Purchase Agreements for Equipment and Machinery,0.0,0.0
0100,41,0162,17300.0,17300.0,Corporate Fund,Chicago Department of Public Health,Repair/Maintenance of Equipment,0.0,0.0
0100,41,0166,64333.0,65123.0,Corporate Fund,Chicago Department of Public Health,"Dues, Subscriptions and Memberships",-790.0,-1.2130890775916343
0100,41,0169,42497.0,42497.0,Corporate Fund,Chicago Department of Public Health,Technical Meeting Costs,0.0,0.0
0100,41,0179,5000.0,5000.0,Corporate Fund,Chicago Department of Public Health,Messenger Service,0.0,0.0
0100,41,0181,308812.0,308812.0,Corporate Fund,Chicago Department of Public Health,Mobile Communication Services,0.0,0.0
0100,41,0229,11000.0,11000.0,Corporate Fund,Chicago Department of Public Health,Transportation and Expense Allowance,0.0,0.0
0100,41,0245,5000.0,5000.0,Corporate Fund,Chicago Department of Public Health,Reimbursement to Travelers,0.0,0.0
0100,41,0270,3150.0,3150.0,Corporate Fund,Chicago Department of Public Health,Local Transportation,0.0,0.0
0100,41,0330,0.0,0.0,Corporate Fund,Chicago Department of Public Health,FOOD,0.0,0.0
0100,41,0340,75488.0,75488.0,Corporate Fund,Chicago Department of Public Health,Material and Supplies,0.0,0.0
0100,41,0342,987895.0,987895.0,Corporate Fund,Chicago Department of Public Health,"Drugs, Medicine and Chemical Materials",0.0,0.0
0100,41,0350,48000.0,48000.0,Corporate Fund,Chicago Department of Public Health,Stationery and Office Supplies,0.0,0.0
0100,41,0424,0.0,0.0,Corporate Fund,Chicago Department of Public Health,FURNITURE AND FURNISHINGS,0.0,0.0
0100,41,0446,80000.0,80000.0,Corporate Fund,Chicago Department of Public Health,For the Purchase of IT and Data Communication Hardware,0.0,0.0
0100,41,9254,14460000.0,14460000.0,Corporate Fund,Chicago Department of Public Health,Violence Reduction Program,0.0,0.0
0100,41,9283,892200.0,892200.0,Corporate Fund,Chicago Department of Public Health,CARE Pilot Program,0.0,0.0
0100,41,9296,2820458.0,2820458.0,Corporate Fund,Chicago Department of Public Health,Reproductive Health Initiative,0.0,0.0
0100,41,9438,82500.0,82500.0,Corporate Fund,Chicago Department of Public Health,For Services Provided by the Department of Fleet and Facilities Management,0.0,0.0
0100,45,0005,1372282.0,1372282.0,Corporate Fund,Chicago Commission on Human Relations,Salaries and Wages - on Payroll,0.0,0.0
0100,45,0015,15380.0,15380.0,Corporate Fund,Chicago Commission on Human Relations,Schedule Salary Adjustments,0.0,0.0
0100,45,0020,1429.0,1429.0,Corporate Fund,Chicago Commission on Human Relations,Overtime,0.0,0.0
0100,45,0039,0.0,0.0,Corporate Fund,Chicago Commission on Human Relations,STUDENT AS TRAINEES,0.0,0.0
0100,45,0130,4000.0,4000.0,Corporate Fund,Chicago Commission on Human Relations,Postage,0.0,0.0
0100,45,0140,39937.0,39937.0,Corporate Fund,Chicago Commission on Human Relations,For Professional and Technical Services and Other Third Party Benefit Agreements,0.0,0.0
0100,45,0143,4400.0,4400.0,Corporate Fund,Chicago Commission on Human Relations,Court Reporting,0.0,0.0
0100,45,0149,2554.0,2554.0,Corporate Fund,Chicago Commission on Human Relations,For Software Maintenance and Licensing,0.0,0.0
0100,45,0152,0.0,0.0,Corporate Fund,Chicago Commission on Human Relations,ADVERTISING,0.0,0.0
0100,45,0159,3777.0,3777.0,Corporate Fund,Chicago Commission on Human Relations,Lease Purchase Agreements for Equipment and Machinery,0.0,0.0
0100,45,0166,18451.0,19241.0,Corporate Fund,Chicago Commission on Human Relations,"Dues, Subscriptions and Memberships",-790.0,-4.1058157060443845
0100,45,0169,0.0,0.0,Corporate Fund,Chicago Commission on Human Relations,TECHNICAL MEETING COSTS,0.0,0.0
0100,45,0245,0.0,0.0,Corporate Fund,Chicago Commission on Human Relations,REIMBURSEMENT TO TRAVELERS,0.0,0.0
0100,45,0270,3000.0,3000.0,Corporate Fund,Chicago Commission on Human Relations,Local Transportation,0.0,0.0
0100,45,0350,4600.0,4600.0,Corporate Fund,Chicago Commission on Human Relations,Stationery and Office Supplies,0.0,0.0
0100,45,9438,3000.0,3000.0,Corporate Fund,Chicago Commission on Human Relations,For Services Provided by the Department of Fleet and Facilities Management,0.0,0.0
0100,48,0005,2416672.0,2416672.0,Corporate Fund,Mayor's Office for People with Disabilities,Salaries and Wages - on Payroll,0.0,0.0
0100,48,0015,44705.0,44705.0,Corporate Fund,Mayor's Office for People with Disabilities,Schedule Salary Adjustments,0.0,0.0
0100,48,0039,41750.0,41750.0,Corporate Fund,Mayor's Office for People with Disabilities,For the Employment of Students as Trainees,0.0,0.0
0100,48,0130,1800.0,1800.0,Corporate Fund,Mayor's Office for People with Disabilities,Postage,0.0,0.0
0100,48,0135,400000.0,400000.0,Corporate Fund,Mayor's Office for People with Disabilities,For Delegate Agencies,0.0,0.0
0100,48,0140,208727.0,208727.0,Corporate Fund,Mayor's Office for People with Disabilities,For Professional and Technical Services and Other Third Party Benefit Agreements,0.0,0.0
0100,48,0149,149576.0,149576.0,Corporate Fund,Mayor's Office for People with Disabilities,For Software Maintenance and Licensing,0.0,0.0
0100,48,0159,9544.0,9544.0,Corporate Fund,Mayor's Office for People with Disabilities,Lease Purchase Agreements for Equipment and Machinery,0.0,0.0
0100,48,0169,1580.0,1580.0,Corporate Fund,Mayor's Office for People with Disabilities,Technical Meeting Costs,0.0,0.0
0100,48,0245,7000.0,7000.0,Corporate Fund,Mayor's Office for People with Disabilities,Reimbursement to Travelers,0.0,0.0
0100,48,0270,6440.0,6440.0,Corporate Fund,Mayor's Office for People with Disabilities,Local Transportation,0.0,0.0
0100,48,0340,10699.0,10699.0,Corporate Fund,Mayor's Office for People with Disabilities,Material and Supplies,0.0,0.0
0100,48,0350,12387.0,12387.0,Corporate Fund,Mayor's Office for People with Disabilities,Stationery and Office Supplies,0.0,0.0
0100,48,0446,10000.0,10000.0,Corporate Fund,Mayor's Office for People with Disabilities,For the Purchase of IT and Data Communication Hardware,0.0,0.0
0100,48,9438,15000.0,15000.0,Corporate Fund,Mayor's Office for People with Disabilities,For Services Provided by the Department of Fleet and Facilities Management,0.0,0.0
0100,50,0005,11990326.0,11987566.0,Corporate Fund,Department of Family and Support Services,Salaries and Wages - on Payroll,2760.0,0.02302385655269802
0100,50,0015,199618.0,199618.0,Corporate Fund,Department of Family and Support Services,Schedule Salary Adjustments,0.0,0.0
0100,50,0125,7690.0,7690.0,Corporate Fund,Department of Family and Support Services,Office and Building Services,0.0,0.0
0100,50,0130,13000.0,13000.0,Corporate Fund,Department of Family and Support Services,Postage,0.0,0.0
0100,50,0135,1350000.0,1350000.0,Corporate Fund,Department of Family and Support Services,For Delegate Agencies,0.0,0.0
0100,50,0138,480800.0,480800.0,Corporate Fund,Department of Family and Support Services,For Professional Services for Information Technology Maintenance,0.0,0.0
0100,50,0140,212000.0,212000.0,Corporate Fund,Department of Family and Support Services,For Professional and Technical Services and Other Third Party Benefit Agreements,0.0,0.0
0100,50,0149,11800.0,11800.0,Corporate Fund,Department of Family and Support Services,For Software Maintenance and Licensing,0.0,0.0
0100,50,0152,6000.0,6000.0,Corporate Fund,Department of Family and Support Services,Advertising,0.0,0.0
0100,50,0159,162394.0,162394.0,Corporate Fund,Department of Family and Support Services,Lease Purchase Agreements for Equipment and Machinery,0.0,0.0
0100,50,0166,14049.0,14049.0,Corporate Fund,Department of Family and Support Services,"Dues, Subscriptions and Memberships",0.0,0.0
0100,50,0169,40000.0,40000.0,Corporate Fund,Department of Family and Support Services,Technical Meeting Costs,0.0,0.0
0100,50,0229,878.0,878.0,Corporate Fund,Department of Family and Support Services,Transportation and Expense Allowance,0.0,0.0
0100,50,0245,6500.0,6500.0,Corporate Fund,Department of Family and Support Services,Reimbursement to Travelers,0.0,0.0
0100,50,0270,0.0,0.0,Corporate Fund,Department of Family and Support Services,LOCAL TRANSPORTATION,0.0,0.0
0100,50,0340,19500.0,19500.0,Corporate Fund,Department of Family and Support Services,Material and Supplies,0.0,0.0
0100,50,0350,13400.0,13400.0,Corporate Fund,Department of Family and Support Services,Stationery and Office Supplies,0.0,0.0
0100,50,9143,1884410.0,1884410.0,Corporate Fund,Department of Family and Support Services,Workforce Services for Target Populations,0.0,0.0
0100,50,9204,6724700.0,6724700.0,Corporate Fund,Department of Family and Support Services,Youth Mentoring Programs,0.0,0.0
0100,50,9220,0.0,0.0,Corporate Fund,Department of Family and Support Services,CHICAGO YOUTH SERVICES CORP,0.0,0.0
0100,50,9241,1000000.0,1000000.0,Corporate Fund,Department of Family and Support Services,Criminal Justice Initiatives,0.0,0.0
0100,50,9253,11033000.0,11033000.0,Corporate Fund,Department of Family and Support Services,Early Childhood Education Program,0.0,0.0
0100,50,9254,6261025.0,6261025.0,Corporate Fund,Department of Family and Support Services,Violence Reduction Program,0.0,0.0
0100,50,9255,1540979.0,1540979.0,Corporate Fund,Department of Family and Support Services,Homeless Services for Youth,0.0,0.0
0100,50,9259,42830197.0,45430197.0,Corporate Fund,Department of Family and Support Services,Summer Programs,-2600000.0,-5.723065651685376
0100,50,9260,15705124.0,15705124.0,Corporate Fund,Department of Family and Support Services,After School Programs,0.0,0.0
0100,50,9261,1050000.0,1050000.0,Corporate Fund,Department of Family and Support Services,Children's Advocacy Center,0.0,0.0
0100,50,9262,850000.0,850000.0,Corporate Fund,Department of Family and Support Services,Earned Income Tax Credit,0.0,0.0
0100,50,9263,50147659.0,50147659.0,Corporate Fund,Department of Family and Support Services,Homeless Services,0.0,0.0
0100,50,9267,6000000.0,6000000.0,Corporate Fund,Department of Family and Support Services,Flexible Housing Pool,0.0,0.0
0100,50,9291,1550000.0,1550000.0,Corporate Fund,Department of Family and Support Services,Legal Protection Fund,0.0,0.0
0100,50,9299,3500000.0,1500000.0,Corporate Fund,Department of Family and Support Services,Gender Based Violence Services,2000000.0,133.33333333333331
0100,50,9438,154105.0,154105.0,Corporate Fund,Department of Family and Support Services,For Services Provided by the Department of Fleet and Facilities Management,0.0,0.0
0100,51,0005,18691925.0,18572225.0,Corporate Fund,Office of Public Safety Administration,Salaries and Wages - on Payroll,119700.0,0.6445108219397515
0100,51,0012,6315.0,6315.0,Corporate Fund,Office of Public Safety Administration,Contract Wage Increment - Prevailing Rate,0.0,0.0
0100,51,0015,222549.0,222549.0,Corporate Fund,Office of Public Safety Administration,Schedule Salary Adjustments,0.0,0.0
0100,51,0020,355000.0,355000.0,Corporate Fund,Office of Public Safety Administration,Overtime,0.0,0.0
0100,51,0091,10000.0,10000.0,Corporate Fund,Office of Public Safety Administration,Uniform Allowance,0.0,0.0
0100,51,0130,255436.0,255436.0,Corporate Fund,Office of Public Safety Administration,Postage,0.0,0.0
0100,51,0138,14438691.0,4148358.0,Corporate Fund,Office of Public Safety Administration,For Professional Services for Information Technology Maintenance,10290333.0,248.0579786026182
0100,51,0140,5890847.0,5890847.0,Corporate Fund,Office of Public Safety Administration,For Professional and Technical Services and Other Third Party Benefit Agreements,0.0,0.0
0100,51,0142,75000.0,0.0,Corporate Fund,Office of Public Safety Administration,Accounting and Auditing,75000.0,0.0
0100,51,0149,6635300.0,6635300.0,Corporate Fund,Office of Public Safety Administration,For Software Maintenance and Licensing,0.0,0.0
0100,51,0152,2400.0,2400.0,Corporate Fund,Office of Public Safety Administration,Advertising,0.0,0.0
0100,51,0157,9689016.0,9689016.0,Corporate Fund,Office of Public Safety Administration,Rental of Equipment and Services,0.0,0.0
0100,51,0159,110000.0,110000.0,Corporate Fund,Office of Public Safety Administration,Lease Purchase Agreements for Equipment and Machinery,0.0,0.0
0100,51,0161,170000.0,170000.0,Corporate Fund,Office of Public Safety Administration,"Operation, Repair or Maintenance of Facilities",0.0,0.0
0100,51,0162,330538.0,304538.0,Corporate Fund,Office of Public Safety Administration,Repair/Maintenance of Equipment,26000.0,8.53752241099633
0100,51,0166,23022.0,23022.0,Corporate Fund,Office of Public Safety Administration,"Dues, Subscriptions and Memberships",0.0,0.0
0100,51,0169,34550.0,34550.0,Corporate Fund,Office of Public Safety Administration,Technical Meeting Costs,0.0,0.0
0100,51,0178,14000.0,14000.0,Corporate Fund,Office of Public Safety Administration,Freight and Express Charges,0.0,0.0
0100,51,0181,3240000.0,3240000.0,Corporate Fund,Office of Public Safety Administration,Mobile Communication Services,0.0,0.0
0100,51,0186,400.0,400.0,Corporate Fund,Office of Public Safety Administration,Pagers,0.0,0.0
0100,51,0189,690800.0,690800.0,Corporate Fund,Office of Public Safety Administration,Telephone - Non-Centrex Billings,0.0,0.0
0100,51,0190,92000.0,92000.0,Corporate Fund,Office of Public Safety Administration,Telephone - Centrex Billings,0.0,0.0
0100,51,0196,1632000.0,1632000.0,Corporate Fund,Office of Public Safety Administration,Data Circuits,0.0,0.0
0100,51,0197,27000.0,27000.0,Corporate Fund,Office of Public Safety Administration,Telephone - Maintenance and Repair of Equipment and Voicemail,0.0,0.0
0100,51,0245,41500.0,41500.0,Corporate Fund,Office of Public Safety Administration,Reimbursement to Travelers,0.0,0.0
0100,51,0320,60000.0,60000.0,Corporate Fund,Office of Public Safety Administration,Gasoline,0.0,0.0
0100,51,0330,59580.0,59580.0,Corporate Fund,Office of Public Safety Administration,Food,0.0,0.0
0100,51,0338,3524.0,3524.0,Corporate Fund,Office of Public Safety Administration,"License Sticker, Tag and Plates",0.0,0.0
0100,51,0340,2349185.0,2349185.0,Corporate Fund,Office of Public Safety Administration,Material and Supplies,0.0,0.0
0100,51,0342,25600.0,25600.0,Corporate Fund,Office of Public Safety Administration,"Drugs, Medicine and Chemical Materials",0.0,0.0
0100,51,0348,500.0,500.0,Corporate Fund,Office of Public Safety Administration,Books and Related Material,0.0,0.0
0100,51,0350,573890.0,573890.0,Corporate Fund,Office of Public Safety Administration,Stationery and Office Supplies,0.0,0.0
0100,51,0360,346500.0,346500.0,Corporate Fund,Office of Public Safety Administration,Repair Parts and Material,0.0,0.0
0100,51,0422,2000.0,2000.0,Corporate Fund,Office of Public Safety Administration,Office Machines,0.0,0.0
0100,51,0424,200000.0,200000.0,Corporate Fund,Office of Public Safety Administration,Furniture and Furnishings,0.0,0.0
0100,51,9067,2204176.0,2204176.0,Corporate Fund,Office of Public Safety Administration,For Physical Exams,0.0,0.0
0100,51,9295,3375000.0,3375000.0,Corporate Fund,Office of Public Safety Administration,Consent Decree,0.0,0.0
0100,51,9438,20000.0,20000.0,Corporate Fund,Office of Public Safety Administration,For Services Provided by the Department of Fleet and Facilities Management,0.0,0.0
0100,54,0005,11040066.0,11276322.0,Corporate Fund,Department of Planning and Development,Salaries and Wages - on Payroll,-236256.0,-2.0951512381430755
0100,54,0015,173177.0,173177.0,Corporate Fund,Department of Planning and Development,Schedule Salary Adjustments,0.0,0.0
0100,54,0039,0.0,0.0,Corporate Fund,Department of Planning and Development,STUDENT AS TRAINEES,0.0,0.0
0100,54,0050,62400.0,62400.0,Corporate Fund,Department of Planning and Development,Stipends,0.0,0.0
0100,54,0130,18174.0,18174.0,Corporate Fund,Department of Planning and Development,Postage,0.0,0.0
0100,54,0135,900000.0,900000.0,Corporate Fund,Department of Planning and Development,For Delegate Agencies,0.0,0.0
0100,54,0139,200000.0,200000.0,Corporate Fund,Department of Planning and Development,For Professional Services for Information Technology Development,0.0,0.0
0100,54,0140,2490401.0,2490401.0,Corporate Fund,Department of Planning and Development,For Professional and Technical Services and Other Third Party Benefit Agreements,0.0,0.0
0100,54,0141,15000.0,15000.0,Corporate Fund,Department of Planning and Development,Appraisals,0.0,0.0
0100,54,0142,63173.0,63173.0,Corporate Fund,Department of Planning and Development,Accounting and Auditing,0.0,0.0
0100,54,0143,69000.0,69000.0,Corporate Fund,Department of Planning and Development,Court Reporting,0.0,0.0
0100,54,0149,70905.0,70905.0,Corporate Fund,Department of Planning and Development,For Software Maintenance and Licensing,0.0,0.0
0100,54,0152,34945.0,34945.0,Corporate Fund,Department of Planning and Development,Advertising,0.0,0.0
0100,54,0159,45242.0,45242.0,Corporate Fund,Department of Planning and Development,Lease Purchase Agreements for Equipment and Machinery,0.0,0.0
0100,54,0162,0.0,0.0,Corporate Fund,Department of Planning and Development,REPAIR/MAINT EQUIPMENT,0.0,0.0
0100,54,0166,3700.0,3700.0,Corporate Fund,Department of Planning and Development,"Dues, Subscriptions and Memberships",0.0,0.0
0100,54,0169,54760.0,54760.0,Corporate Fund,Department of Planning and Development,Technical Meeting Costs,0.0,0.0
0100,54,0179,500.0,500.0,Corporate Fund,Department of Planning and Development,Messenger Service,0.0,0.0
0100,54,0229,750.0,750.0,Corporate Fund,Department of Planning and Development,Transportation and Expense Allowance,0.0,0.0
0100,54,0245,3000.0,3000.0,Corporate Fund,Department of Planning and Development,Reimbursement to Travelers,0.0,0.0
0100,54,0340,1000.0,1000.0,Corporate Fund,Department of Planning and Development,Material and Supplies,0.0,0.0
0100,54,0350,38356.0,38356.0,Corporate Fund,Department of Planning and Development,Stationery and Office Supplies,0.0,0.0
0100,54,0420,0.0,0.0,Corporate Fund,Department of Planning and Development,FURNITURE AND FIXTURES,0.0,0.0
0100,54,0446,45126.0,45126.0,Corporate Fund,Department of Planning and Development,For the Purchase of IT and Data Communication Hardware,0.0,0.0
0100,54,9438,45000.0,45000.0,Corporate Fund,Department of Planning and Development,For Services Provided by the Department of Fleet and Facilities Management,0.0,0.0
0100,55,0005,196728.0,196728.0,Corporate Fund,Chicago Police Board,Salaries and Wages - on Payroll,0.0,0.0
0100,55,0015,2006.0,2006.0,Corporate Fund,Chicago Police Board,Schedule Salary Adjustments,0.0,0.0
0100,55,0050,111000.0,111000.0,Corporate Fund,Chicago Police Board,Stipends,0.0,0.0
0100,55,0140,140000.0,140000.0,Corporate Fund,Chicago Police Board,For Professional and Technical Services and Other Third Party Benefit Agreements,0.0,0.0
0100,55,0143,53400.0,53400.0,Corporate Fund,Chicago Police Board,Court Reporting,0.0,0.0
0100,55,0157,686.0,686.0,Corporate Fund,Chicago Police Board,Rental of Equipment and Services,0.0,0.0
0100,55,0165,0.0,0.0,Corporate Fund,Chicago Police Board,GRAPHIC DESIGN SERV,0.0,0.0
0100,55,0166,600.0,600.0,Corporate Fund,Chicago Police Board,"Dues, Subscriptions and Memberships",0.0,0.0
0100,55,0169,700.0,700.0,Corporate Fund,Chicago Police Board,Technical Meeting Costs,0.0,0.0
0100,55,0245,2000.0,2000.0,Corporate Fund,Chicago Police Board,Reimbursement to Travelers,0.0,0.0
0100,55,0270,100.0,100.0,Corporate Fund,Chicago Police Board,Local Transportation,0.0,0.0
0100,55,0348,100.0,100.0,Corporate Fund,Chicago Police Board,Books and Related Material,0.0,0.0
0100,55,0350,650.0,650.0,Corporate Fund,Chicago Police Board,Stationery and Office Supplies,0.0,0.0
0100,55,9438,2000.0,2000.0,Corporate Fund,Chicago Police Board,For Services Provided by the Department of Fleet and Facilities Management,0.0,0.0
0100,57,0005,1403816719.0,1395907585.0,Corporate Fund,Chicago Police Department,Salaries and Wages - on Payroll,7909134.0,0.5665943852579611
0100,57,0015,11651141.0,11651141.0,Corporate Fund,Chicago Police Department,Schedule Salary Adjustments,0.0,0.0
0100,57,0020,100000000.0,100000000.0,Corporate Fund,Chicago Police Department,Overtime,0.0,0.0
0100,57,0021,8200000.0,8200000.0,Corporate Fund,Chicago Police Department,Sworn/Civilian Holiday Premium Pay,0.0,0.0
0100,57,0022,39000000.0,39000000.0,Corporate Fund,Chicago Police Department,Duty Availability,0.0,0.0
0100,57,0024,36000000.0,36000000.0,Corporate Fund,Chicago Police Department,Compensatory Time Payment,0.0,0.0
0100,57,0027,12250000.0,12250000.0,Corporate Fund,Chicago Police Department,Supervisors Quarterly Payment,0.0,0.0
0100,57,0032,7000000.0,7000000.0,Corporate Fund,Chicago Police Department,Reimbursable Overtime,0.0,0.0
0100,57,0039,16435.0,16435.0,Corporate Fund,Chicago Police Department,For the Employment of Students as Trainees,0.0,0.0
0100,57,0060,16100000.0,16100000.0,Corporate Fund,Chicago Police Department,Specialty Pay,0.0,0.0
0100,57,0070,6500000.0,6500000.0,Corporate Fund,Chicago Police Department,Tuition Reimbursement and Educational Programs,0.0,0.0
0100,57,0088,20000000.0,20000000.0,Corporate Fund,Chicago Police Department,Furlough/Supervisors Compensation Time Buy-Back,0.0,0.0
0100,57,0091,21500000.0,21500000.0,Corporate Fund,Chicago Police Department,Uniform Allowance,0.0,0.0
0100,57,0125,620.0,620.0,Corporate Fund,Chicago Police Department,Office and Building Services,0.0,0.0
0100,57,0138,1034.0,1034.0,Corporate Fund,Chicago Police Department,For Professional Services for Information Technology Maintenance,0.0,0.0
0100,57,0140,3946015.0,3946015.0,Corporate Fund,Chicago Police Department,For Professional and Technical Services and Other Third Party Benefit Agreements,0.0,0.0
0100,57,0149,959045.0,959045.0,Corporate Fund,Chicago Police Department,For Software Maintenance and Licensing,0.0,0.0
0100,57,0152,230000.0,230000.0,Corporate Fund,Chicago Police Department,Advertising,0.0,0.0
0100,57,0154,931000.0,931000.0,Corporate Fund,Chicago Police Department,"For the Rental and Maintenance of Data Processing, Office Automation and Data Communications Hardware",0.0,0.0
0100,57,0157,2032674.0,2032674.0,Corporate Fund,Chicago Police Department,Rental of Equipment and Services,0.0,0.0
0100,57,0162,528556.0,528556.0,Corporate Fund,Chicago Police Department,Repair/Maintenance of Equipment,0.0,0.0
0100,57,0166,333014.0,332224.0,Corporate Fund,Chicago Police Department,"Dues, Subscriptions and Memberships",790.0,0.23779136967828932
0100,57,0169,3648374.0,3648374.0,Corporate Fund,Chicago Police Department,Technical Meeting Costs,0.0,0.0
0100,57,0178,10000.0,10000.0,Corporate Fund,Chicago Police Department,Freight and Express Charges,0.0,0.0
0100,57,0185,124437.0,124437.0,Corporate Fund,Chicago Police Department,Waste Disposal Services,0.0,0.0
0100,57,0245,898916.0,1198916.0,Corporate Fund,Chicago Police Department,Reimbursement to Travelers,-300000.0,-25.02260375205602
0100,57,0270,1200.0,1200.0,Corporate Fund,Chicago Police Department,Local Transportation,0.0,0.0
0100,57,0313,1000.0,1000.0,Corporate Fund,Chicago Police Department,Cleaning and Sanitation Supplies,0.0,0.0
0100,57,0319,61900.0,61900.0,Corporate Fund,Chicago Police Department,Clothing,0.0,0.0
0100,57,0330,325000.0,325000.0,Corporate Fund,Chicago Police Department,Food,0.0,0.0
0100,57,0338,800.0,800.0,Corporate Fund,Chicago Police Department,"License Sticker, Tag and Plates",0.0,0.0
0100,57,0340,8459891.0,8659891.0,Corporate Fund,Chicago Police Department,Material and Supplies,-200000.0,-2.309497890908789
0100,57,0342,35200.0,35200.0,Corporate Fund,Chicago Police Department,"Drugs, Medicine and Chemical Materials",0.0,0.0
0100,57,0345,115032.0,115032.0,Corporate Fund,Chicago Police Department,Apparatus and Instruments,0.0,0.0
0100,57,0348,31962.0,31962.0,Corporate Fund,Chicago Police Department,Books and Related Material,0.0,0.0
0100,57,0360,989369.0,989369.0,Corporate Fund,Chicago Police Department,Repair Parts and Material,0.0,0.0
0100,57,0430,125000.0,125000.0,Corporate Fund,Chicago Police Department,Livestock,0.0,0.0
0100,57,0931,82558000.0,82558000.0,Corporate Fund,Chicago Police Department,"For the Payment of Tort and Non-Tort Judgments, Outside Counsel Expenses and Expert Costs, as Approved by the Corporation Counsel",0.0,0.0
0100,57,0937,22500000.0,22500000.0,Corporate Fund,Chicago Police Department,For Cost and Administration of Hospital and Medical Expenses for Employees Injured on Duty Who Are Not Covered Under Workers' Compensation Act,0.0,0.0
0100,57,9067,292250.0,292250.0,Corporate Fund,Chicago Police Department,For Physical Exams,0.0,0.0
0100,57,9295,5998239.0,5998239.0,Corporate Fund,Chicago Police Department,Consent Decree,0.0,0.0
0100,57,9438,450000.0,450000.0,Corporate Fund,Chicago Police Department,For Services Provided by the Department of Fleet and Facilities Management,0.0,0.0
0100,57,9481,250000.0,250000.0,Corporate Fund,Chicago Police Department,For Services Provided by the Department of Streets and Sanitation,0.0,0.0
0100,58,0005,10213536.0,10213536.0,Corporate Fund,Office of Emergency Management and Communications,Salaries and Wages - on Payroll,0.0,0.0
0100,58,0012,0.0,0.0,Corporate Fund,Office of Emergency Management and Communications,CONTRACT WAGE - PREVAILING RATE,0.0,0.0
0100,58,0015,55519.0,55519.0,Corporate Fund,Office of Emergency Management and Communications,Schedule Salary Adjustments,0.0,0.0
0100,58,0020,150000.0,150000.0,Corporate Fund,Office of Emergency Management and Communications,Overtime,0.0,0.0
0100,58,0039,21000.0,21000.0,Corporate Fund,Office of Emergency Management and Communications,For the Employment of Students as Trainees,0.0,0.0
0100,58,0091,13200.0,13200.0,Corporate Fund,Office of Emergency Management and Communications,Uniform Allowance,0.0,0.0
0100,58,0140,5500.0,5500.0,Corporate Fund,Office of Emergency Management and Communications,For Professional and Technical Services and Other Third Party Benefit Agreements,0.0,0.0
0100,58,0152,900.0,900.0,Corporate Fund,Office of Emergency Management and Communications,Advertising,0.0,0.0
0100,58,0153,1050.0,1050.0,Corporate Fund,Office of Emergency Management and Communications,Promotions,0.0,0.0
0100,58,0162,0.0,0.0,Corporate Fund,Office of Emergency Management and Communications,REPAIR/MAINT EQUIPMENT,0.0,0.0
0100,58,0166,740.0,740.0,Corporate Fund,Office of Emergency Management and Communications,"Dues, Subscriptions and Memberships",0.0,0.0
0100,58,0178,0.0,0.0,Corporate Fund,Office of Emergency Management and Communications,FREIGHT AND EXPRESS CHARGES,0.0,0.0
0100,58,0245,1555.0,1555.0,Corporate Fund,Office of Emergency Management and Communications,Reimbursement to Travelers,0.0,0.0
0100,58,0270,0.0,0.0,Corporate Fund,Office of Emergency Management and Communications,LOCAL TRANSPORTATION,0.0,0.0
0100,58,0319,44098.0,44098.0,Corporate Fund,Office of Emergency Management and Communications,Clothing,0.0,0.0
0100,58,0340,34324.0,34324.0,Corporate Fund,Office of Emergency Management and Communications,Material and Supplies,0.0,0.0
0100,58,0348,250.0,250.0,Corporate Fund,Office of Emergency Management and Communications,Books and Related Material,0.0,0.0
0100,58,0350,2400.0,2400.0,Corporate Fund,Office of Emergency Management and Communications,Stationery and Office Supplies,0.0,0.0
0100,58,0423,4000.0,4000.0,Corporate Fund,Office of Emergency Management and Communications,Communication Devices,0.0,0.0
0100,58,9438,40000.0,40000.0,Corporate Fund,Office of Emergency Management and Communications,For Services Provided by the Department of Fleet and Facilities Management,0.0,0.0
0100,59,0005,497962602.0,498067998.0,Corporate Fund,Chicago Fire Department,Salaries and Wages - on Payroll,-105396.0,-0.021160966057490006
0100,59,0012,7684.0,7684.0,Corporate Fund,Chicago Fire Department,Contract Wage Increment - Prevailing Rate,0.0,0.0
0100,59,0015,4265067.0,4265067.0,Corporate Fund,Chicago Fire Department,Schedule Salary Adjustments,0.0,0.0
0100,59,0020,45000000.0,45000000.0,Corporate Fund,Chicago Fire Department,Overtime,0.0,0.0
0100,59,0021,23045000.0,23045000.0,Corporate Fund,Chicago Fire Department,Sworn/Civilian Holiday Premium Pay,0.0,0.0
0100,59,0022,17993000.0,17993000.0,Corporate Fund,Chicago Fire Department,Duty Availability,0.0,0.0
0100,59,0024,720000.0,720000.0,Corporate Fund,Chicago Fire Department,Compensatory Time Payment,0.0,0.0
0100,59,0028,4650000.0,4650000.0,Corporate Fund,Chicago Fire Department,Cooperative Education Program,0.0,0.0
0100,59,0060,18102553.0,18102553.0,Corporate Fund,Chicago Fire Department,Specialty Pay,0.0,0.0
0100,59,0061,5000000.0,5000000.0,Corporate Fund,Chicago Fire Department,Driver's Differential,0.0,0.0
0100,59,0062,59000.0,59000.0,Corporate Fund,Chicago Fire Department,Required Certifications,0.0,0.0
0100,59,0063,900000.0,900000.0,Corporate Fund,Chicago Fire Department,Fitness Benefit,0.0,0.0
0100,59,0070,490000.0,490000.0,Corporate Fund,Chicago Fire Department,Tuition Reimbursement and Educational Programs,0.0,0.0
0100,59,0088,9000000.0,9000000.0,Corporate Fund,Chicago Fire Department,Furlough/Supervisors Compensation Time Buy-Back,0.0,0.0
0100,59,0091,7102500.0,7102500.0,Corporate Fund,Chicago Fire Department,Uniform Allowance,0.0,0.0
0100,59,0140,7959580.0,7959580.0,Corporate Fund,Chicago Fire Department,For Professional and Technical Services and Other Third Party Benefit Agreements,0.0,0.0
0100,59,0160,3000.0,3000.0,Corporate Fund,Chicago Fire Department,Repair or Maintenance of Property,0.0,0.0
0100,59,0162,732736.0,732736.0,Corporate Fund,Chicago Fire Department,Repair/Maintenance of Equipment,0.0,0.0
0100,59,0166,5710.0,6500.0,Corporate Fund,Chicago Fire Department,"Dues, Subscriptions and Memberships",-790.0,-12.153846153846153
0100,59,0169,33000.0,33000.0,Corporate Fund,Chicago Fire Department,Technical Meeting Costs,0.0,0.0
0100,59,0229,27000.0,27000.0,Corporate Fund,Chicago Fire Department,Transportation and Expense Allowance,0.0,0.0
0100,59,0245,27500.0,27500.0,Corporate Fund,Chicago Fire Department,Reimbursement to Travelers,0.0,0.0
0100,59,0270,1900.0,1900.0,Corporate Fund,Chicago Fire Department,Local Transportation,0.0,0.0
0100,59,0318,2970.0,2970.0,Corporate Fund,Chicago Fire Department,Other Fuel,0.0,0.0
0100,59,0340,1737560.0,1737560.0,Corporate Fund,Chicago Fire Department,Material and Supplies,0.0,0.0
0100,59,0342,1702160.0,1702160.0,Corporate Fund,Chicago Fire Department,"Drugs, Medicine and Chemical Materials",0.0,0.0
0100,59,0345,561900.0,561900.0,Corporate Fund,Chicago Fire Department,Apparatus and Instruments,0.0,0.0
0100,59,0348,10200.0,10200.0,Corporate Fund,Chicago Fire Department,Books and Related Material,0.0,0.0
0100,59,0350,3200.0,3200.0,Corporate Fund,Chicago Fire Department,Stationery and Office Supplies,0.0,0.0
0100,59,0360,549270.0,549270.0,Corporate Fund,Chicago Fire Department,Repair Parts and Material,0.0,0.0
0100,59,0931,12000000.0,12000000.0,Corporate Fund,Chicago Fire Department,"For the Payment of Tort and Non-Tort Judgments, Outside Counsel Expenses and Expert Costs, as Approved by the Corporation Counsel",0.0,0.0
0100,59,0937,6480000.0,6480000.0,Corporate Fund,Chicago Fire Department,For Cost and Administration of Hospital and Medical Expenses for Employees Injured on Duty Who Are Not Covered Under Workers' Compensation Act,0.0,0.0
0100,59,9438,10000.0,10000.0,Corporate Fund,Chicago Fire Department,For Services Provided by the Department of Fleet and Facilities Management,0.0,0.0
0100,59,9646,-74000000.0,0.0,Corporate Fund,Chicago Fire Department,American Rescue Plan Revenue Replacement,-74000000.0,0.0
0100,60,0005,12927544.0,12931264.0,Corporate Fund,Civilian Office of Police Accountability,Salaries and Wages - on Payroll,-3720.0,-0.02876748939624154
0100,60,0015,215483.0,215483.0,Corporate Fund,Civilian Office of Police Accountability,Schedule Salary Adjustments,0.0,0.0
0100,60,0020,75000.0,75000.0,Corporate Fund,Civilian Office of Police Accountability,Overtime,0.0,0.0
0100,60,0039,0.0,0.0,Corporate Fund,Civilian Office of Police Accountability,STUDENT AS TRAINEES,0.0,0.0
0100,60,0130,7500.0,7500.0,Corporate Fund,Civilian Office of Police Accountability,Postage,0.0,0.0
0100,60,0140,618500.0,618500.0,Corporate Fund,Civilian Office of Police Accountability,For Professional and Technical Services and Other Third Party Benefit Agreements,0.0,0.0
0100,60,0143,10000.0,10000.0,Corporate Fund,Civilian Office of Police Accountability,Court Reporting,0.0,0.0
0100,60,0149,181000.0,181000.0,Corporate Fund,Civilian Office of Police Accountability,For Software Maintenance and Licensing,0.0,0.0
0100,60,0152,17500.0,17500.0,Corporate Fund,Civilian Office of Police Accountability,Advertising,0.0,0.0
0100,60,0155,40000.0,40000.0,Corporate Fund,Civilian Office of Police Accountability,Rental of Property,0.0,0.0
0100,60,0157,80000.0,80000.0,Corporate Fund,Civilian Office of Police Accountability,Rental of Equipment and Services,0.0,0.0
0100,60,0159,15000.0,15000.0,Corporate Fund,Civilian Office of Police Accountability,Lease Purchase Agreements for Equipment and Machinery,0.0,0.0
0100,60,0162,500.0,500.0,Corporate Fund,Civilian Office of Police Accountability,Repair/Maintenance of Equipment,0.0,0.0
0100,60,0166,9605.0,10000.0,Corporate Fund,Civilian Office of Police Accountability,"Dues, Subscriptions and Memberships",-395.0,-3.95
0100,60,0169,25000.0,25000.0,Corporate Fund,Civilian Office of Police Accountability,Technical Meeting Costs,0.0,0.0
0100,60,0181,0.0,0.0,Corporate Fund,Civilian Office of Police Accountability,MOBILE COMMUNICATION SERVICES,0.0,0.0
0100,60,0245,10000.0,10000.0,Corporate Fund,Civilian Office of Police Accountability,Reimbursement to Travelers,0.0,0.0
0100,60,0270,5000.0,5000.0,Corporate Fund,Civilian Office of Police Accountability,Local Transportation,0.0,0.0
0100,60,0319,2000.0,2000.0,Corporate Fund,Civilian Office of Police Accountability,Clothing,0.0,0.0
0100,60,0340,40000.0,40000.0,Corporate Fund,Civilian Office of Police Accountability,Material and Supplies,0.0,0.0
0100,60,0350,25000.0,25000.0,Corporate Fund,Civilian Office of Police Accountability,Stationery and Office Supplies,0.0,0.0
0100,60,9295,775000.0,775000.0,Corporate Fund,Civilian Office of Police Accountability,Consent Decree,0.0,0.0
0100,60,9438,10000.0,10000.0,Corporate Fund,Civilian Office of Police Accountability,For Services Provided by the Department of Fleet and Facilities Management,0.0,0.0
0100,62,0005,2817046.0,2903566.0,Corporate Fund,Community Commission for Public Safety and Accountability,Salaries and Wages - on Payroll,-86520.0,-2.979784168846171
0100,62,0015,53403.0,53403.0,Corporate Fund,Community Commission for Public Safety and Accountability,Schedule Salary Adjustments,0.0,0.0
0100,62,0020,5000.0,5000.0,Corporate Fund,Community Commission for Public Safety and Accountability,Overtime,0.0,0.0
0100,62,0050,483000.0,483000.0,Corporate Fund,Community Commission for Public Safety and Accountability,Stipends,0.0,0.0
0100,62,0130,0.0,0.0,Corporate Fund,Community Commission for Public Safety and Accountability,POSTAGE,0.0,0.0
0100,62,0139,50000.0,50000.0,Corporate Fund,Community Commission for Public Safety and Accountability,For Professional Services for Information Technology Development,0.0,0.0
0100,62,0140,255233.0,255233.0,Corporate Fund,Community Commission for Public Safety and Accountability,For Professional and Technical Services and Other Third Party Benefit Agreements,0.0,0.0
0100,62,0143,10000.0,10000.0,Corporate Fund,Community Commission for Public Safety and Accountability,Court Reporting,0.0,0.0
0100,62,0149,13500.0,13500.0,Corporate Fund,Community Commission for Public Safety and Accountability,For Software Maintenance and Licensing,0.0,0.0
0100,62,0150,11000.0,11000.0,Corporate Fund,Community Commission for Public Safety and Accountability,Publications and Reproduction - Outside Services.  To be Expended with the Prior Approval of Graphics Services,0.0,0.0
0100,62,0152,25000.0,25000.0,Corporate Fund,Community Commission for Public Safety and Accountability,Advertising,0.0,0.0
0100,62,0153,15000.0,15000.0,Corporate Fund,Community Commission for Public Safety and Accountability,Promotions,0.0,0.0
0100,62,0155,0.0,0.0,Corporate Fund,Community Commission for Public Safety and Accountability,RENTAL OF PROPERTY,0.0,0.0
0100,62,0159,10500.0,10500.0,Corporate Fund,Community Commission for Public Safety and Accountability,Lease Purchase Agreements for Equipment and Machinery,0.0,0.0
0100,62,0165,6000.0,6000.0,Corporate Fund,Community Commission for Public Safety and Accountability,Graphic Design Services,0.0,0.0
0100,62,0166,10000.0,10000.0,Corporate Fund,Community Commission for Public Safety and Accountability,"Dues, Subscriptions and Memberships",0.0,0.0
0100,62,0169,87000.0,87000.0,Corporate Fund,Community Commission for Public Safety and Accountability,Technical Meeting Costs,0.0,0.0
0100,62,0179,1000.0,1000.0,Corporate Fund,Community Commission for Public Safety and Accountability,Messenger Service,0.0,0.0
0100,62,0181,5000.0,5000.0,Corporate Fund,Community Commission for Public Safety and Accountability,Mobile Communication Services,0.0,0.0
0100,62,0190,5000.0,5000.0,Corporate Fund,Community Commission for Public Safety and Accountability,Telephone - Centrex Billings,0.0,0.0
0100,62,0197,5000.0,5000.0,Corporate Fund,Community Commission for Public Safety and Accountability,Telephone - Maintenance and Repair of Equipment and Voicemail,0.0,0.0
0100,62,0229,10000.0,10000.0,Corporate Fund,Community Commission for Public Safety and Accountability,Transportation and Expense Allowance,0.0,0.0
0100,62,0245,10000.0,10000.0,Corporate Fund,Community Commission for Public Safety and Accountability,Reimbursement to Travelers,0.0,0.0
0100,62,0312,11000.0,11000.0,Corporate Fund,Community Commission for Public Safety and Accountability,Software Purchases,0.0,0.0
0100,62,0319,3000.0,3000.0,Corporate Fund,Community Commission for Public Safety and Accountability,Clothing,0.0,0.0
0100,62,0340,57500.0,57500.0,Corporate Fund,Community Commission for Public Safety and Accountability,Material and Supplies,0.0,0.0
0100,62,0348,2000.0,2000.0,Corporate Fund,Community Commission for Public Safety and Accountability,Books and Related Material,0.0,0.0
0100,62,9438,25000.0,25000.0,Corporate Fund,Community Commission for Public Safety and Accountability,For Services Provided by the Department of Fleet and Facilities Management,0.0,0.0
0100,67,0005,26903095.0,26903095.0,Corporate Fund,Department of Buildings,Salaries and Wages - on Payroll,0.0,0.0
0100,67,0012,163918.0,163918.0,Corporate Fund,Department of Buildings,Contract Wage Increment - Prevailing Rate,0.0,0.0
0100,67,0015,154384.0,154384.0,Corporate Fund,Department of Buildings,Schedule Salary Adjustments,0.0,0.0
0100,67,0020,620964.0,620964.0,Corporate Fund,Department of Buildings,Overtime,0.0,0.0
0100,67,0032,300000.0,300000.0,Corporate Fund,Department of Buildings,Reimbursable Overtime,0.0,0.0
0100,67,0039,160000.0,160000.0,Corporate Fund,Department of Buildings,For the Employment of Students as Trainees,0.0,0.0
0100,67,0130,3418.0,3418.0,Corporate Fund,Department of Buildings,Postage,0.0,0.0
0100,67,0140,2902867.0,2902867.0,Corporate Fund,Department of Buildings,For Professional and Technical Services and Other Third Party Benefit Agreements,0.0,0.0
0100,67,0154,24000.0,24000.0,Corporate Fund,Department of Buildings,"For the Rental and Maintenance of Data Processing, Office Automation and Data Communications Hardware",0.0,0.0
0100,67,0159,408848.0,408848.0,Corporate Fund,Department of Buildings,Lease Purchase Agreements for Equipment and Machinery,0.0,0.0
0100,67,0162,17000.0,17000.0,Corporate Fund,Department of Buildings,Repair/Maintenance of Equipment,0.0,0.0
0100,67,0166,1500.0,1500.0,Corporate Fund,Department of Buildings,"Dues, Subscriptions and Memberships",0.0,0.0
0100,67,0169,5000.0,5000.0,Corporate Fund,Department of Buildings,Technical Meeting Costs,0.0,0.0
0100,67,0178,250.0,250.0,Corporate Fund,Department of Buildings,Freight and Express Charges,0.0,0.0
0100,67,0229,360000.0,360000.0,Corporate Fund,Department of Buildings,Transportation and Expense Allowance,0.0,0.0
0100,67,0270,0.0,0.0,Corporate Fund,Department of Buildings,LOCAL TRANSPORTATION,0.0,0.0
0100,67,0319,20000.0,20000.0,Corporate Fund,Department of Buildings,Clothing,0.0,0.0
0100,67,0350,52000.0,52000.0,Corporate Fund,Department of Buildings,Stationery and Office Supplies,0.0,0.0
0100,67,0989,20000.0,20000.0,Corporate Fund,Department of Buildings,For Refunds for Cancelled Voucher Warrants and Payroll Checks and for Refunding Duplicate Payments and Payments Made in Error,0.0,0.0
0100,67,9438,10000.0,10000.0,Corporate Fund,Department of Buildings,For Services Provided by the Department of Fleet and Facilities Management,0.0,0.0
0100,70,0005,16659201.0,17621385.0,Corporate Fund,Department of Business Affairs and Consumer Protection,Salaries and Wages - on Payroll,-962184.0,-5.460319946474128
0100,70,0015,226964.0,252008.0,Corporate Fund,Department of Business Affairs and Consumer Protection,Schedule Salary Adjustments,-25044.0,-9.937779753023714
0100,70,0020,10893.0,10893.0,Corporate Fund,Department of Business Affairs and Consumer Protection,Overtime,0.0,0.0
0100,70,0039,23414.0,23414.0,Corporate Fund,Department of Business Affairs and Consumer Protection,For the Employment of Students as Trainees,0.0,0.0
0100,70,0091,400.0,400.0,Corporate Fund,Department of Business Affairs and Consumer Protection,Uniform Allowance,0.0,0.0
0100,70,0124,50000.0,50000.0,Corporate Fund,Department of Business Affairs and Consumer Protection,Investigation Costs,0.0,0.0
0100,70,0130,90000.0,90000.0,Corporate Fund,Department of Business Affairs and Consumer Protection,Postage,0.0,0.0
0100,70,0135,4407039.0,4157039.0,Corporate Fund,Department of Business Affairs and Consumer Protection,For Delegate Agencies,250000.0,6.013895948534522
0100,70,0138,410000.0,410000.0,Corporate Fund,Department of Business Affairs and Consumer Protection,For Professional Services for Information Technology Maintenance,0.0,0.0
0100,70,0140,182896.0,200000.0,Corporate Fund,Department of Business Affairs and Consumer Protection,For Professional and Technical Services and Other Third Party Benefit Agreements,-17104.0,-8.552
0100,70,0143,7000.0,7000.0,Corporate Fund,Department of Business Affairs and Consumer Protection,Court Reporting,0.0,0.0
0100,70,0148,0.0,0.0,Corporate Fund,Department of Business Affairs and Consumer Protection,TESTING AND INSPECTING,0.0,0.0
0100,70,0149,10000.0,10000.0,Corporate Fund,Department of Business Affairs and Consumer Protection,For Software Maintenance and Licensing,0.0,0.0
0100,70,0150,1000.0,1000.0,Corporate Fund,Department of Business Affairs and Consumer Protection,Publications and Reproduction - Outside Services.  To be Expended with the Prior Approval of Graphics Services,0.0,0.0
0100,70,0152,2000.0,35000.0,Corporate Fund,Department of Business Affairs and Consumer Protection,Advertising,-33000.0,-94.28571428571428
0100,70,0157,65000.0,65000.0,Corporate Fund,Department of Business Affairs and Consumer Protection,Rental of Equipment and Services,0.0,0.0
0100,70,0159,185000.0,185000.0,Corporate Fund,Department of Business Affairs and Consumer Protection,Lease Purchase Agreements for Equipment and Machinery,0.0,0.0
0100,70,0162,5000.0,5000.0,Corporate Fund,Department of Business Affairs and Consumer Protection,Repair/Maintenance of Equipment,0.0,0.0
0100,70,0166,6840.0,6077.0,Corporate Fund,Department of Business Affairs and Consumer Protection,"Dues, Subscriptions and Memberships",763.0,12.555537271680105
0100,70,0169,1500.0,1500.0,Corporate Fund,Department of Business Affairs and Consumer Protection,Technical Meeting Costs,0.0,0.0
0100,70,0179,800.0,800.0,Corporate Fund,Department of Business Affairs and Consumer Protection,Messenger Service,0.0,0.0
0100,70,0229,4000.0,4000.0,Corporate Fund,Department of Business Affairs and Consumer Protection,Transportation and Expense Allowance,0.0,0.0
0100,70,0245,2000.0,2000.0,Corporate Fund,Department of Business Affairs and Consumer Protection,Reimbursement to Travelers,0.0,0.0
0100,70,0270,300.0,300.0,Corporate Fund,Department of Business Affairs and Consumer Protection,Local Transportation,0.0,0.0
0100,70,0338,8000.0,8000.0,Corporate Fund,Department of Business Affairs and Consumer Protection,"License Sticker, Tag and Plates",0.0,0.0
0100,70,0340,0.0,0.0,Corporate Fund,Department of Business Affairs and Consumer Protection,MATERIAL AND SUPPLIES,0.0,0.0
0100,70,0348,250.0,250.0,Corporate Fund,Department of Business Affairs and Consumer Protection,Books and Related Material,0.0,0.0
0100,70,0350,74179.0,80000.0,Corporate Fund,Department of Business Affairs and Consumer Protection,Stationery and Office Supplies,-5821.0,-7.276249999999999
0100,70,0360,0.0,0.0,Corporate Fund,Department of Business Affairs and Consumer Protection,REPAIR PARTS AND MATERIAL,0.0,0.0
0100,70,0540,10000.0,10000.0,Corporate Fund,Department of Business Affairs and Consumer Protection,Construction of Buildings and Other Structures,0.0,0.0
0100,70,9438,0.0,60000.0,Corporate Fund,Department of Business Affairs and Consumer Protection,REIMBURSEMENT - FFM,-60000.0,-100.0
0100,72,0005,1382541.0,1382541.0,Corporate Fund,Department of Environment,Salaries and Wages - on Payroll,0.0,0.0
0100,72,0015,10648.0,10648.0,Corporate Fund,Department of Environment,Schedule Salary Adjustments,0.0,0.0
0100,72,0130,9000.0,9000.0,Corporate Fund,Department of Environment,Postage,0.0,0.0
0100,72,0140,464085.0,464085.0,Corporate Fund,Department of Environment,For Professional and Technical Services and Other Third Party Benefit Agreements,0.0,0.0
0100,72,0166,8965.0,8965.0,Corporate Fund,Department of Environment,"Dues, Subscriptions and Memberships",0.0,0.0
0100,72,0312,1500.0,1500.0,Corporate Fund,Department of Environment,Software Purchases,0.0,0.0
0100,72,0350,5000.0,5000.0,Corporate Fund,Department of Environment,Stationery and Office Supplies,0.0,0.0
0100,72,0446,4500.0,4500.0,Corporate Fund,Department of Environment,For the Purchase of IT and Data Communication Hardware,0.0,0.0
0100,72,9438,30000.0,30000.0,Corporate Fund,Department of Environment,For Services Provided by the Department of Fleet and Facilities Management,0.0,0.0
0100,73,0005,5643411.0,5655195.0,Corporate Fund,Chicago Animal Care and Control,Salaries and Wages - on Payroll,-11784.0,-0.20837477752756536
0100,73,0015,43963.0,43963.0,Corporate Fund,Chicago Animal Care and Control,Schedule Salary Adjustments,0.0,0.0
0100,73,0020,145000.0,145000.0,Corporate Fund,Chicago Animal Care and Control,Overtime,0.0,0.0
0100,73,0091,26550.0,26550.0,Corporate Fund,Chicago Animal Care and Control,Uniform Allowance,0.0,0.0
0100,73,0130,2500.0,2500.0,Corporate Fund,Chicago Animal Care and Control,Postage,0.0,0.0
0100,73,0135,465000.0,465000.0,Corporate Fund,Chicago Animal Care and Control,For Delegate Agencies,0.0,0.0
0100,73,0140,301140.0,301140.0,Corporate Fund,Chicago Animal Care and Control,For Professional and Technical Services and Other Third Party Benefit Agreements,0.0,0.0
0100,73,0150,0.0,0.0,Corporate Fund,Chicago Animal Care and Control,OUTSIDE GRAPHIC SERVICES,0.0,0.0
0100,73,0152,20668.0,20668.0,Corporate Fund,Chicago Animal Care and Control,Advertising,0.0,0.0
0100,73,0154,2200.0,2200.0,Corporate Fund,Chicago Animal Care and Control,"For the Rental and Maintenance of Data Processing, Office Automation and Data Communications Hardware",0.0,0.0
0100,73,0157,4000.0,4000.0,Corporate Fund,Chicago Animal Care and Control,Rental of Equipment and Services,0.0,0.0
0100,73,0159,25000.0,25000.0,Corporate Fund,Chicago Animal Care and Control,Lease Purchase Agreements for Equipment and Machinery,0.0,0.0
0100,73,0162,3500.0,3500.0,Corporate Fund,Chicago Animal Care and Control,Repair/Maintenance of Equipment,0.0,0.0
0100,73,0168,3000.0,3000.0,Corporate Fund,Chicago Animal Care and Control,Educational Development through Cooperative Education Program and Apprenticeship Program,0.0,0.0
0100,73,0169,1068.0,1068.0,Corporate Fund,Chicago Animal Care and Control,Technical Meeting Costs,0.0,0.0
0100,73,0313,142151.0,142151.0,Corporate Fund,Chicago Animal Care and Control,Cleaning and Sanitation Supplies,0.0,0.0
0100,73,0330,275000.0,275000.0,Corporate Fund,Chicago Animal Care and Control,Food,0.0,0.0
0100,73,0340,22300.0,22300.0,Corporate Fund,Chicago Animal Care and Control,Material and Supplies,0.0,0.0
0100,73,0342,366268.0,366268.0,Corporate Fund,Chicago Animal Care and Control,"Drugs, Medicine and Chemical Materials",0.0,0.0
0100,73,0350,9164.0,9164.0,Corporate Fund,Chicago Animal Care and Control,Stationery and Office Supplies,0.0,0.0
0100,73,0360,2093.0,2093.0,Corporate Fund,Chicago Animal Care and Control,Repair Parts and Material,0.0,0.0
0100,73,0700,10000.0,10000.0,Corporate Fund,Chicago Animal Care and Control,Contingencies,0.0,0.0
0100,73,9438,6000.0,6000.0,Corporate Fund,Chicago Animal Care and Control,For Services Provided by the Department of Fleet and Facilities Management,0.0,0.0
0100,77,0005,112163.0,112163.0,Corporate Fund,License Appeal Commission,Salaries and Wages - on Payroll,0.0,0.0
0100,77,0130,44.0,44.0,Corporate Fund,License Appeal Commission,Postage,0.0,0.0
0100,77,0140,83142.0,83142.0,Corporate Fund,License Appeal Commission,For Professional and Technical Services and Other Third Party Benefit Agreements,0.0,0.0
0100,77,0143,10000.0,10000.0,Corporate Fund,License Appeal Commission,Court Reporting,0.0,0.0
0100,77,0159,775.0,775.0,Corporate Fund,License Appeal Commission,Lease Purchase Agreements for Equipment and Machinery,0.0,0.0
0100,77,0350,500.0,500.0,Corporate Fund,License Appeal Commission,Stationery and Office Supplies,0.0,0.0
0100,78,0005,915634.0,915634.0,Corporate Fund,Board of Ethics,Salaries and Wages - on Payroll,0.0,0.0
0100,78,0015,12481.0,12481.0,Corporate Fund,Board of Ethics,Schedule Salary Adjustments,0.0,0.0
0100,78,0039,2000.0,2000.0,Corporate Fund,Board of Ethics,For the Employment of Students as Trainees,0.0,0.0
0100,78,0130,5710.0,5710.0,Corporate Fund,Board of Ethics,Postage,0.0,0.0
0100,78,0140,21000.0,21000.0,Corporate Fund,Board of Ethics,For Professional and Technical Services and Other Third Party Benefit Agreements,0.0,0.0
0100,78,0149,4000.0,4000.0,Corporate Fund,Board of Ethics,For Software Maintenance and Licensing,0.0,0.0
0100,78,0159,6595.0,6595.0,Corporate Fund,Board of Ethics,Lease Purchase Agreements for Equipment and Machinery,0.0,0.0
0100,78,0166,3605.0,0.0,Corporate Fund,Board of Ethics,"Dues, Subscriptions and Memberships",3605.0,0.0
0100,78,0169,1800.0,1800.0,Corporate Fund,Board of Ethics,Technical Meeting Costs,0.0,0.0
0100,78,0178,3644.0,3644.0,Corporate Fund,Board of Ethics,Freight and Express Charges,0.0,0.0
0100,78,0229,201.0,201.0,Corporate Fund,Board of Ethics,Transportation and Expense Allowance,0.0,0.0
0100,78,0245,3500.0,3500.0,Corporate Fund,Board of Ethics,Reimbursement to Travelers,0.0,0.0
0100,78,0270,1500.0,1500.0,Corporate Fund,Board of Ethics,Local Transportation,0.0,0.0
0100,78,0348,594.0,594.0,Corporate Fund,Board of Ethics,Books and Related Material,0.0,0.0
0100,78,0350,3216.0,3216.0,Corporate Fund,Board of Ethics,Stationery and Office Supplies,0.0,0.0
0100,81,0005,41821952.0,41821952.0,Corporate Fund,Department of Streets and Sanitation,Salaries and Wages - on Payroll,0.0,0.0
0100,81,0012,455523.0,455523.0,Corporate Fund,Department of Streets and Sanitation,Contract Wage Increment - Prevailing Rate,0.0,0.0
0100,81,0015,209007.0,209007.0,Corporate Fund,Department of Streets and Sanitation,Schedule Salary Adjustments,0.0,0.0
0100,81,0020,3754128.0,3754128.0,Corporate Fund,Department of Streets and Sanitation,Overtime,0.0,0.0
0100,81,0039,388800.0,388800.0,Corporate Fund,Department of Streets and Sanitation,For the Employment of Students as Trainees,0.0,0.0
0100,81,0091,299000.0,299000.0,Corporate Fund,Department of Streets and Sanitation,Uniform Allowance,0.0,0.0
0100,81,0126,4000.0,4000.0,Corporate Fund,Department of Streets and Sanitation,Office Conveniences,0.0,0.0
0100,81,0130,4700.0,4700.0,Corporate Fund,Department of Streets and Sanitation,Postage,0.0,0.0
0100,81,0135,1964928.0,1964928.0,Corporate Fund,Department of Streets and Sanitation,For Delegate Agencies,0.0,0.0
0100,81,0140,33833342.0,33833342.0,Corporate Fund,Department of Streets and Sanitation,For Professional and Technical Services and Other Third Party Benefit Agreements,0.0,0.0
0100,81,0150,150000.0,150000.0,Corporate Fund,Department of Streets and Sanitation,Publications and Reproduction - Outside Services.  To be Expended with the Prior Approval of Graphics Services,0.0,0.0
0100,81,0154,2250.0,2250.0,Corporate Fund,Department of Streets and Sanitation,"For the Rental and Maintenance of Data Processing, Office Automation and Data Communications Hardware",0.0,0.0
0100,81,0157,1774950.0,1774950.0,Corporate Fund,Department of Streets and Sanitation,Rental of Equipment and Services,0.0,0.0
0100,81,0159,80801.0,80801.0,Corporate Fund,Department of Streets and Sanitation,Lease Purchase Agreements for Equipment and Machinery,0.0,0.0
0100,81,0160,520.0,520.0,Corporate Fund,Department of Streets and Sanitation,Repair or Maintenance of Property,0.0,0.0
0100,81,0162,139871.0,139871.0,Corporate Fund,Department of Streets and Sanitation,Repair/Maintenance of Equipment,0.0,0.0
0100,81,0166,4034.0,4034.0,Corporate Fund,Department of Streets and Sanitation,"Dues, Subscriptions and Memberships",0.0,0.0
0100,81,0185,57839714.0,57839714.0,Corporate Fund,Department of Streets and Sanitation,Waste Disposal Services,0.0,0.0
0100,81,0229,1957.0,1957.0,Corporate Fund,Department of Streets and Sanitation,Transportation and Expense Allowance,0.0,0.0
0100,81,0313,21863.0,21863.0,Corporate Fund,Department of Streets and Sanitation,Cleaning and Sanitation Supplies,0.0,0.0
0100,81,0319,97116.0,97116.0,Corporate Fund,Department of Streets and Sanitation,Clothing,0.0,0.0
0100,81,0340,176288.0,176288.0,Corporate Fund,Department of Streets and Sanitation,Material and Supplies,0.0,0.0
0100,81,0341,315057.0,315057.0,Corporate Fund,Department of Streets and Sanitation,Chemicals,0.0,0.0
0100,81,0345,550.0,550.0,Corporate Fund,Department of Streets and Sanitation,Apparatus and Instruments,0.0,0.0
0100,81,0350,12919.0,12919.0,Corporate Fund,Department of Streets and Sanitation,Stationery and Office Supplies,0.0,0.0
0100,81,0360,44300.0,44300.0,Corporate Fund,Department of Streets and Sanitation,Repair Parts and Material,0.0,0.0
0100,81,0361,1450.0,1450.0,Corporate Fund,Department of Streets and Sanitation,Building Materials and Supplies,0.0,0.0
0100,81,0362,391302.0,391302.0,Corporate Fund,Department of Streets and Sanitation,Paints and Painting Supplies,0.0,0.0
0100,81,0401,35738.0,35738.0,Corporate Fund,Department of Streets and Sanitation,Tools Less Than or Equal to $100/Unit,0.0,0.0
0100,81,0440,61000.0,61000.0,Corporate Fund,Department of Streets and Sanitation,Machinery and Equipment,0.0,0.0
0100,81,0446,30379.0,30379.0,Corporate Fund,Department of Streets and Sanitation,For the Purchase of IT and Data Communication Hardware,0.0,0.0
0100,81,9067,0.0,0.0,Corporate Fund,Department of Streets and Sanitation,PHYSICAL EXAMS,0.0,0.0
0100,84,0005,5330813.0,5330813.0,Corporate Fund,Chicago Department of Transportation,Salaries and Wages - on Payroll,0.0,0.0
0100,84,0012,49468.0,49468.0,Corporate Fund,Chicago Department of Transportation,Contract Wage Increment - Prevailing Rate,0.0,0.0
0100,84,0015,64930.0,64930.0,Corporate Fund,Chicago Department of Transportation,Schedule Salary Adjustments,0.0,0.0
0100,84,0020,105000.0,105000.0,Corporate Fund,Chicago Department of Transportation,Overtime,0.0,0.0
0100,84,0039,33180.0,33180.0,Corporate Fund,Chicago Department of Transportation,For the Employment of Students as Trainees,0.0,0.0
0100,84,0091,1400.0,1400.0,Corporate Fund,Chicago Department of Transportation,Uniform Allowance,0.0,0.0
0100,84,0130,450.0,450.0,Corporate Fund,Chicago Department of Transportation,Postage,0.0,0.0
0100,84,0138,19000.0,19000.0,Corporate Fund,Chicago Department of Transportation,For Professional Services for Information Technology Maintenance,0.0,0.0
0100,84,0140,2562000.0,2562000.0,Corporate Fund,Chicago Department of Transportation,For Professional and Technical Services and Other Third Party Benefit Agreements,0.0,0.0
0100,84,0144,1213972.0,1213972.0,Corporate Fund,Chicago Department of Transportation,Engineering and Architecture,0.0,0.0
0100,84,0149,838017.0,838017.0,Corporate Fund,Chicago Department of Transportation,For Software Maintenance and Licensing,0.0,0.0
0100,84,0150,200.0,200.0,Corporate Fund,Chicago Department of Transportation,Publications and Reproduction - Outside Services.  To be Expended with the Prior Approval of Graphics Services,0.0,0.0
0100,84,0157,100690.0,100690.0,Corporate Fund,Chicago Department of Transportation,Rental of Equipment and Services,0.0,0.0
0100,84,0159,29851.0,29851.0,Corporate Fund,Chicago Department of Transportation,Lease Purchase Agreements for Equipment and Machinery,0.0,0.0
0100,84,0160,8800.0,8800.0,Corporate Fund,Chicago Department of Transportation,Repair or Maintenance of Property,0.0,0.0
0100,84,0162,17643438.0,16129500.0,Corporate Fund,Chicago Department of Transportation,Repair/Maintenance of Equipment,1513938.0,9.386143401841347
0100,84,0166,207186.0,207186.0,Corporate Fund,Chicago Department of Transportation,"Dues, Subscriptions and Memberships",0.0,0.0
0100,84,0169,15000.0,15000.0,Corporate Fund,Chicago Department of Transportation,Technical Meeting Costs,0.0,0.0
0100,84,0181,99360.0,99360.0,Corporate Fund,Chicago Department of Transportation,Mobile Communication Services,0.0,0.0
0100,84,0185,40365.0,40365.0,Corporate Fund,Chicago Department of Transportation,Waste Disposal Services,0.0,0.0
0100,84,0229,232110.0,232110.0,Corporate Fund,Chicago Department of Transportation,Transportation and Expense Allowance,0.0,0.0
0100,84,0245,5500.0,5500.0,Corporate Fund,Chicago Department of Transportation,Reimbursement to Travelers,0.0,0.0
0100,84,0270,150.0,150.0,Corporate Fund,Chicago Department of Transportation,Local Transportation,0.0,0.0
0100,84,0313,2000.0,2000.0,Corporate Fund,Chicago Department of Transportation,Cleaning and Sanitation Supplies,0.0,0.0
0100,84,0316,18000.0,18000.0,Corporate Fund,Chicago Department of Transportation,Gas - Bottled and Propane,0.0,0.0
0100,84,0319,11730.0,11730.0,Corporate Fund,Chicago Department of Transportation,Clothing,0.0,0.0
0100,84,0340,52900.0,52900.0,Corporate Fund,Chicago Department of Transportation,Material and Supplies,0.0,0.0
0100,84,0348,5000.0,5000.0,Corporate Fund,Chicago Department of Transportation,Books and Related Material,0.0,0.0
0100,84,0350,13200.0,13200.0,Corporate Fund,Chicago Department of Transportation,Stationery and Office Supplies,0.0,0.0
0100,84,0362,40000.0,40000.0,Corporate Fund,Chicago Department of Transportation,Paints and Painting Supplies,0.0,0.0
0100,84,0440,38000.0,38000.0,Corporate Fund,Chicago Department of Transportation,Machinery and Equipment,0.0,0.0
0100,84,0446,28562.0,28562.0,Corporate Fund,Chicago Department of Transportation,For the Purchase of IT and Data Communication Hardware,0.0,0.0
0100,84,9142,600000.0,600000.0,Corporate Fund,Chicago Department of Transportation,Returning Citizens Initiatives,0.0,0.0
0100,84,9438,10000.0,10000.0,Corporate Fund,Chicago Department of Transportation,For Services Provided by the Department of Fleet and Facilities Management,0.0,0.0
0100,99,0003,162800000.0,162800000.0,Corporate Fund,Finance General,Scheduled Wage Adjustments,0.0,0.0
0100,99,0029,85283104.0,85283104.0,Corporate Fund,Finance General,For Health Maintenance Organization Premiums (HMO) Provided to Eligible Employees and Their Families,0.0,0.0
0100,99,002A,20000000.0,20000000.0,Corporate Fund,Finance General,Employee Contractual Expenses,0.0,0.0
0100,99,0042,323099952.0,323099952.0,Corporate Fund,Finance General,For the Costs of Claims and Administration for Hospital and Medical Care Provided to Eligible Employees  Provided However  That All Payments to the In...,0.0,0.0
0100,99,0043,1177416.0,1177416.0,Corporate Fund,Finance General,For the Health Maintenance Organization Premiums or Cost of Claims and Administration for Hospital and Medical Care Provided to Police and Fire Depart...,0.0,0.0
0100,99,0045,3057023.0,3057023.0,Corporate Fund,Finance General,For the Cost of Claims and Administration or Premiums for Term Life Insurance,0.0,0.0
0100,99,0049,42304500.0,42304500.0,Corporate Fund,Finance General,Claims and Costs of Administration Pursuant to the Workers' Compensation Act,0.0,0.0
0100,99,0051,3748283.0,3748283.0,Corporate Fund,Finance General,Claims Under Unemployment Insurance Act,0.0,0.0
0100,99,0052,3974130.0,3974130.0,Corporate Fund,Finance General,Costs of Claims and Administration for Hospital and Medical Care to Eligible Annuitants and Their Eligible Dependents,0.0,0.0
0100,99,0056,14603791.0,14603791.0,Corporate Fund,Finance General,For the Cost of Claims and Administration or Premiums for a Co-Insured Dental Plan for Employees,0.0,0.0
0100,99,0069,0.0,0.0,Corporate Fund,Finance General,PAR GRANT RECONCILIATION,0.0,0.0
0100,99,0070,205000.0,205000.0,Corporate Fund,Finance General,Tuition Reimbursement and Educational Programs,0.0,0.0
0100,99,0085,1677246.0,1677246.0,Corporate Fund,Finance General,City Deferred Compensation Contributions for Union Members,0.0,0.0
0100,99,0095,1200000.0,1200000.0,Corporate Fund,Finance General,For Payment of Allowances of Money to Families or Dependents of Policemen or Firemen Fatally Injured While in the Performance of Their Duties,0.0,0.0
0100,99,0096,4000000.0,4000000.0,Corporate Fund,Finance General,For Paying the Salary of Any Sworn Member of the Police or Fire Department Killed in the Line of Duty for a Period of One Year Commencing From the Dat...,0.0,0.0
0100,99,0135,100000.0,100000.0,Corporate Fund,Finance General,For Delegate Agencies,0.0,0.0
0100,99,0138,71079333.0,71079333.0,Corporate Fund,Finance General,For Professional Services for Information Technology Maintenance,0.0,0.0
0100,99,0139,4662232.0,4662232.0,Corporate Fund,Finance General,For Professional Services for Information Technology Development,0.0,0.0
0100,99,0140,44437701.0,44437701.0,Corporate Fund,Finance General,For Professional and Technical Services and Other Third Party Benefit Agreements,0.0,0.0
0100,99,0142,1870200.0,1870200.0,Corporate Fund,Finance General,Accounting and Auditing,0.0,0.0
0100,99,0143,150000.0,150000.0,Corporate Fund,Finance General,Court Reporting,0.0,0.0
0100,99,0145,3880000.0,3880000.0,Corporate Fund,Finance General,Legal Expenses,0.0,0.0
0100,99,0149,525577.0,525577.0,Corporate Fund,Finance General,For Software Maintenance and Licensing,0.0,0.0
0100,99,0161,3401410.0,3401410.0,Corporate Fund,Finance General,"Operation, Repair or Maintenance of Facilities",0.0,0.0
0100,99,0170,85000.0,85000.0,Corporate Fund,Finance General,Surety Bond Premiums,0.0,0.0
0100,99,0171,88000.0,88000.0,Corporate Fund,Finance General,Miscellaneous Supplies,0.0,0.0
0100,99,0172,5429376.0,5429376.0,Corporate Fund,Finance General,For the Cost of Insurance Premiums and Expenses,0.0,0.0
0100,99,0245,150000.0,150000.0,Corporate Fund,Finance General,Reimbursement to Travelers,0.0,0.0
0100,99,0340,750000.0,750000.0,Corporate Fund,Finance General,Material and Supplies,0.0,0.0
0100,99,0342,125000.0,125000.0,Corporate Fund,Finance General,"Drugs, Medicine and Chemical Materials",0.0,0.0
0100,99,0420,320000.0,320000.0,Corporate Fund,Finance General,Furniture and Fixtures,0.0,0.0
0100,99,0912,144705349.0,197851801.0,Corporate Fund,Finance General,For Payment of Bonds,-53146452.0,-26.861747899883916
0100,99,0931,44358000.0,44358000.0,Corporate Fund,Finance General,"For the Payment of Tort and Non-Tort Judgments, Outside Counsel Expenses and Expert Costs, as Approved by the Corporation Counsel",0.0,0.0
0100,99,0934,200000.0,200000.0,Corporate Fund,Finance General,Claims for Damages and Liabilities Against the City When Ordered Paid by the City Council,0.0,0.0
0100,99,0991,16894146.0,16894146.0,Corporate Fund,Finance General,To Provide for Matching and Supplementary Grant Funds Currently in Effect as Well as New Grants,0.0,0.0
0100,99,9027,1189189.0,1189189.0,Corporate Fund,Finance General,For the City Contribution to Social Security Tax,0.0,0.0
0100,99,9067,450000.0,450000.0,Corporate Fund,Finance General,For Physical Exams,0.0,0.0
0100,99,9076,38193322.0,38193322.0,Corporate Fund,Finance General,City's Contribution to Medicare Tax,0.0,0.0
0100,99,9180,1600000.0,1600000.0,Corporate Fund,Finance General,For World Business Chicago Program,0.0,0.0
0100,99,9208,100000.0,0.0,Corporate Fund,Finance General,Domestic Violence Working Group,100000.0,0.0
0100,99,9222,127642689.0,127642689.0,Corporate Fund,Finance General,Emergency Medical Transportation,0.0,0.0
0100,99,9265,0.0,0.0,Corporate Fund,Finance General,HOME REPAIR PROGRAM,0.0,0.0
0100,99,9295,5520000.0,5520000.0,Corporate Fund,Finance General,Consent Decree,0.0,0.0
0100,99,929A,2000000.0,2000000.0,Corporate Fund,Finance General,Casino Community Impact,0.0,0.0
0100,99,929C,500000.0,0.0,Corporate Fund,Finance General,For Accessibility Programming,500000.0,0.0
0100,99,9333,-18521799.0,0.0,Corporate Fund,Finance General,Less Corporate Fund Savings,-18521799.0,0.0
0100,99,9540,0.0,0.0,Corporate Fund,Finance General,PAYT GEN/OB-CERTIFICATE,0.0,0.0
0100,99,9635,2923412.0,2923412.0,Corporate Fund,Finance General,To Reimburse Midway Fund for Fire Department Salaries,0.0,0.0
0100,99,9636,1504095.0,1504095.0,Corporate Fund,Finance General,To Reimburse Midway Fund for Fire Department Benefits,0.0,0.0
0100,99,9647,350000.0,0.0,Corporate Fund,Finance General,Transfers Out,350000.0,0.0
0100,99,9827,0.0,0.0,Corporate Fund,Finance General,NEW ARRIVALS SERVICES,0.0,0.0
0100,99,9980,396601438.0,370478361.0,Corporate Fund,Finance General,Municipal Fund Pension Allocation,26123077.0,7.051174845809685
0100,99,9981,32467340.0,32467417.0,Corporate Fund,Finance General,Laborers' Fund Pension Allocation,-77.0,-0.0002371608434388236
0100,99,9982,227650852.0,11346852.0,Corporate Fund,Finance General,Policemen's Fund Pension Allocation,216304000.0,1906.2908373176986
0100,99,9983,58785639.0,1212639.0,Corporate Fund,Finance General,Firemen's Fund Pension Allocation,57573000.0,4747.744382293494
0100,99,9984,134830705.0,134830705.0,Corporate Fund,Finance General,Municipal Fund Advance Pension Payment,0.0,0.0
0100,99,9985,12500472.0,12500472.0,Corporate Fund,Finance General,Laborers' Fund Advance Pension Payment,0.0,0.0
0100,99,9986,65928735.0,65928735.0,Corporate Fund,Finance General,Policemen's Fund Advance Pension Payment,0.0,0.0
0100,99,9987,14639670.0,14639670.0,Corporate Fund,Finance General,Firemen's Fund Advance Pension Payment,0.0,0.0
0200,3,0005,1284308.0,1284308.0,Water Fund,Office of Inspector General,Salaries and Wages - on Payroll,0.0,0.0
0200,3,0015,25395.0,25395.0,Water Fund,Office of Inspector General,Schedule Salary Adjustments,0.0,0.0
0200,3,0130,222.0,222.0,Water Fund,Office of Inspector General,Postage,0.0,0.0
0200,3,0140,1240.0,1240.0,Water Fund,Office of Inspector General,For Professional and Technical Services and Other Third Party Benefit Agreements,0.0,0.0
0200,3,0143,9808.0,9808.0,Water Fund,Office of Inspector General,Court Reporting,0.0,0.0
0200,3,0149,44232.0,44232.0,Water Fund,Office of Inspector General,For Software Maintenance and Licensing,0.0,0.0
0200,3,0157,9456.0,9456.0,Water Fund,Office of Inspector General,Rental of Equipment and Services,0.0,0.0
0200,3,0159,1295.0,1295.0,Water Fund,Office of Inspector General,Lease Purchase Agreements for Equipment and Machinery,0.0,0.0
0200,3,0162,1632.0,1632.0,Water Fund,Office of Inspector General,Repair/Maintenance of Equipment,0.0,0.0
0200,3,0166,4044.0,4044.0,Water Fund,Office of Inspector General,"Dues, Subscriptions and Memberships",0.0,0.0
0200,3,0169,25433.0,25433.0,Water Fund,Office of Inspector General,Technical Meeting Costs,0.0,0.0
0200,3,0181,2968.0,2968.0,Water Fund,Office of Inspector General,Mobile Communication Services,0.0,0.0
0200,3,0189,10283.0,10283.0,Water Fund,Office of Inspector General,Telephone - Non-Centrex Billings,0.0,0.0
0200,3,0245,2420.0,2420.0,Water Fund,Office of Inspector General,Reimbursement to Travelers,0.0,0.0
0200,3,0270,520.0,520.0,Water Fund,Office of Inspector General,Local Transportation,0.0,0.0
0200,3,0320,391.0,391.0,Water Fund,Office of Inspector General,Gasoline,0.0,0.0
0200,3,0340,638.0,638.0,Water Fund,Office of Inspector General,Material and Supplies,0.0,0.0
0200,3,0348,393.0,393.0,Water Fund,Office of Inspector General,Books and Related Material,0.0,0.0
0200,3,0350,2725.0,2725.0,Water Fund,Office of Inspector General,Stationery and Office Supplies,0.0,0.0
0200,3,0700,1215.0,1215.0,Water Fund,Office of Inspector General,Contingencies,0.0,0.0
0200,5,0005,287694.0,287694.0,Water Fund,Office of Budget and Management,Salaries and Wages - on Payroll,0.0,0.0
0200,5,0015,9534.0,9534.0,Water Fund,Office of Budget and Management,Schedule Salary Adjustments,0.0,0.0
0200,5,0140,1000.0,1000.0,Water Fund,Office of Budget and Management,For Professional and Technical Services and Other Third Party Benefit Agreements,0.0,0.0
0200,6,0138,2571403.0,2571403.0,Water Fund,Department of Technology and Innovation,For Professional Services for Information Technology Maintenance,0.0,0.0
0200,6,0139,618000.0,618000.0,Water Fund,Department of Technology and Innovation,For Professional Services for Information Technology Development,0.0,0.0
0200,6,0140,5768046.0,5768046.0,Water Fund,Department of Technology and Innovation,For Professional and Technical Services and Other Third Party Benefit Agreements,0.0,0.0
0200,6,0149,882393.0,882393.0,Water Fund,Department of Technology and Innovation,For Software Maintenance and Licensing,0.0,0.0
0200,6,0162,187419.0,187419.0,Water Fund,Department of Technology and Innovation,Repair/Maintenance of Equipment,0.0,0.0
0200,6,0166,2907.0,2907.0,Water Fund,Department of Technology and Innovation,"Dues, Subscriptions and Memberships",0.0,0.0
0200,6,0181,111284.0,111284.0,Water Fund,Department of Technology and Innovation,Mobile Communication Services,0.0,0.0
0200,6,0188,83816.0,83816.0,Water Fund,Department of Technology and Innovation,Vehicle Tracking Service,0.0,0.0
0200,6,0189,13022.0,13022.0,Water Fund,Department of Technology and Innovation,Telephone - Non-Centrex Billings,0.0,0.0
0200,6,0190,123577.0,123577.0,Water Fund,Department of Technology and Innovation,Telephone - Centrex Billings,0.0,0.0
0200,6,0196,89418.0,89418.0,Water Fund,Department of Technology and Innovation,Data Circuits,0.0,0.0
0200,6,0197,14314.0,14314.0,Water Fund,Department of Technology and Innovation,Telephone - Maintenance and Repair of Equipment and Voicemail,0.0,0.0
0200,27,0005,2988224.0,2988224.0,Water Fund,Department of Finance,Salaries and Wages - on Payroll,0.0,0.0
0200,27,0015,23428.0,23428.0,Water Fund,Department of Finance,Schedule Salary Adjustments,0.0,0.0
0200,27,0125,750.0,750.0,Water Fund,Department of Finance,Office and Building Services,0.0,0.0
0200,27,0130,1983823.0,1983823.0,Water Fund,Department of Finance,Postage,0.0,0.0
0200,27,0138,125000.0,125000.0,Water Fund,Department of Finance,For Professional Services for Information Technology Maintenance,0.0,0.0
0200,27,0140,6763250.0,6763250.0,Water Fund,Department of Finance,For Professional and Technical Services and Other Third Party Benefit Agreements,0.0,0.0
0200,27,0149,11704.0,11704.0,Water Fund,Department of Finance,For Software Maintenance and Licensing,0.0,0.0
0200,27,0154,20000.0,20000.0,Water Fund,Department of Finance,"For the Rental and Maintenance of Data Processing, Office Automation and Data Communications Hardware",0.0,0.0
0200,27,0156,1577.0,1577.0,Water Fund,Department of Finance,Lock Box Rental,0.0,0.0
0200,27,0159,18542.0,18542.0,Water Fund,Department of Finance,Lease Purchase Agreements for Equipment and Machinery,0.0,0.0
0200,27,0166,432.0,432.0,Water Fund,Department of Finance,"Dues, Subscriptions and Memberships",0.0,0.0
0200,27,0340,3400.0,3400.0,Water Fund,Department of Finance,Material and Supplies,0.0,0.0
0200,27,0350,15000.0,15000.0,Water Fund,Department of Finance,Stationery and Office Supplies,0.0,0.0
0200,27,9438,15000.0,15000.0,Water Fund,Department of Finance,For Services Provided by the Department of Fleet and Facilities Management,0.0,0.0
0200,28,0005,390280.0,390280.0,Water Fund,City Treasurer's Office,Salaries and Wages - on Payroll,0.0,0.0
0200,28,0015,1464.0,1464.0,Water Fund,City Treasurer's Office,Schedule Salary Adjustments,0.0,0.0
0200,28,0138,92767.0,92767.0,Water Fund,City Treasurer's Office,For Professional Services for Information Technology Maintenance,0.0,0.0
0200,28,0140,118729.0,118729.0,Water Fund,City Treasurer's Office,For Professional and Technical Services and Other Third Party Benefit Agreements,0.0,0.0
0200,31,0005,1747585.0,1747585.0,Water Fund,Department of Law,Salaries and Wages - on Payroll,0.0,0.0
0200,31,0015,12041.0,12041.0,Water Fund,Department of Law,Schedule Salary Adjustments,0.0,0.0
0200,31,0020,470.0,470.0,Water Fund,Department of Law,Overtime,0.0,0.0
0200,31,0130,4160.0,4160.0,Water Fund,Department of Law,Postage,0.0,0.0
0200,31,0138,3200.0,3200.0,Water Fund,Department of Law,For Professional Services for Information Technology Maintenance,0.0,0.0
0200,31,0140,48517.0,48517.0,Water Fund,Department of Law,For Professional and Technical Services and Other Third Party Benefit Agreements,0.0,0.0
0200,31,0141,2500.0,2500.0,Water Fund,Department of Law,Appraisals,0.0,0.0
0200,31,0143,49458.0,49458.0,Water Fund,Department of Law,Court Reporting,0.0,0.0
0200,31,0145,12813.0,12813.0,Water Fund,Department of Law,Legal Expenses,0.0,0.0
0200,31,0149,31340.0,31340.0,Water Fund,Department of Law,For Software Maintenance and Licensing,0.0,0.0
0200,31,0150,1000.0,1000.0,Water Fund,Department of Law,Publications and Reproduction - Outside Services.  To be Expended with the Prior Approval of Graphics Services,0.0,0.0
0200,31,0157,772.0,772.0,Water Fund,Department of Law,Rental of Equipment and Services,0.0,0.0
0200,31,0159,7832.0,7832.0,Water Fund,Department of Law,Lease Purchase Agreements for Equipment and Machinery,0.0,0.0
0200,31,0162,1202.0,1202.0,Water Fund,Department of Law,Repair/Maintenance of Equipment,0.0,0.0
0200,31,0166,1786.0,1786.0,Water Fund,Department of Law,"Dues, Subscriptions and Memberships",0.0,0.0
0200,31,0169,5740.0,5740.0,Water Fund,Department of Law,Technical Meeting Costs,0.0,0.0
0200,31,0178,644.0,644.0,Water Fund,Department of Law,Freight and Express Charges,0.0,0.0
0200,31,0229,230.0,230.0,Water Fund,Department of Law,Transportation and Expense Allowance,0.0,0.0
0200,31,0245,2200.0,2200.0,Water Fund,Department of Law,Reimbursement to Travelers,0.0,0.0
0200,31,0270,1788.0,1788.0,Water Fund,Department of Law,Local Transportation,0.0,0.0
0200,31,0348,150.0,150.0,Water Fund,Department of Law,Books and Related Material,0.0,0.0
0200,31,0350,3689.0,3689.0,Water Fund,Department of Law,Stationery and Office Supplies,0.0,0.0
0200,31,9438,1323.0,1323.0,Water Fund,Department of Law,For Services Provided by the Department of Fleet and Facilities Management,0.0,0.0
0200,33,0005,303057.0,303057.0,Water Fund,Department of Human Resources,Salaries and Wages - on Payroll,0.0,0.0
0200,33,0140,3808.0,3808.0,Water Fund,Department of Human Resources,For Professional and Technical Services and Other Third Party Benefit Agreements,0.0,0.0
0200,33,0350,208.0,208.0,Water Fund,Department of Human Resources,Stationery and Office Supplies,0.0,0.0
0200,35,0005,464616.0,464616.0,Water Fund,Department of Procurement Services,Salaries and Wages - on Payroll,0.0,0.0
0200,35,0015,8773.0,8773.0,Water Fund,Department of Procurement Services,Schedule Salary Adjustments,0.0,0.0
0200,38,0005,5198341.0,5198341.0,Water Fund,Department of Fleet and Facility Management,Salaries and Wages - on Payroll,0.0,0.0
0200,38,0012,77789.0,77789.0,Water Fund,Department of Fleet and Facility Management,Contract Wage Increment - Prevailing Rate,0.0,0.0
0200,38,0015,4420.0,4420.0,Water Fund,Department of Fleet and Facility Management,Schedule Salary Adjustments,0.0,0.0
0200,38,0020,1113136.0,1113136.0,Water Fund,Department of Fleet and Facility Management,Overtime,0.0,0.0
0200,38,0125,440409.0,440409.0,Water Fund,Department of Fleet and Facility Management,Office and Building Services,0.0,0.0
0200,38,0140,467350.0,467350.0,Water Fund,Department of Fleet and Facility Management,For Professional and Technical Services and Other Third Party Benefit Agreements,0.0,0.0
0200,38,0149,28374.0,28374.0,Water Fund,Department of Fleet and Facility Management,For Software Maintenance and Licensing,0.0,0.0
0200,38,0155,316288.0,316288.0,Water Fund,Department of Fleet and Facility Management,Rental of Property,0.0,0.0
0200,38,0162,221000.0,221000.0,Water Fund,Department of Fleet and Facility Management,Repair/Maintenance of Equipment,0.0,0.0
0200,38,0176,362390.0,362390.0,Water Fund,Department of Fleet and Facility Management,Maintenance and Operation of City Owned Vehicles,0.0,0.0
0200,38,0313,10224.0,10224.0,Water Fund,Department of Fleet and Facility Management,Cleaning and Sanitation Supplies,0.0,0.0
0200,38,0315,1921400.0,1921400.0,Water Fund,Department of Fleet and Facility Management,Motor Vehicle Diesel Fuel,0.0,0.0
0200,38,0320,498236.0,498236.0,Water Fund,Department of Fleet and Facility Management,Gasoline,0.0,0.0
0200,38,0322,11845401.0,11845401.0,Water Fund,Department of Fleet and Facility Management,Natural Gas,0.0,0.0
0200,38,0331,22647340.0,22647340.0,Water Fund,Department of Fleet and Facility Management,Electricity,0.0,0.0
0200,38,0360,2205536.0,2205536.0,Water Fund,Department of Fleet and Facility Management,Repair Parts and Material,0.0,0.0
0200,67,0005,3808819.0,3808819.0,Water Fund,Department of Buildings,Salaries and Wages - on Payroll,0.0,0.0
0200,67,0012,60640.0,60640.0,Water Fund,Department of Buildings,Contract Wage Increment - Prevailing Rate,0.0,0.0
0200,67,0015,0.0,0.0,Water Fund,Department of Buildings,SCHEDULE SALARY ADJUSTMENTS,0.0,0.0
0200,67,0020,500000.0,500000.0,Water Fund,Department of Buildings,Overtime,0.0,0.0
0200,67,0229,21000.0,21000.0,Water Fund,Department of Buildings,Transportation and Expense Allowance,0.0,0.0
0200,88,0005,96447568.0,96447568.0,Water Fund,Department of Water Management,Salaries and Wages - on Payroll,0.0,0.0
0200,88,0012,1428756.0,1428756.0,Water Fund,Department of Water Management,Contract Wage Increment - Prevailing Rate,0.0,0.0
0200,88,0015,104017.0,104017.0,Water Fund,Department of Water Management,Schedule Salary Adjustments,0.0,0.0
0200,88,0020,10022927.0,10022927.0,Water Fund,Department of Water Management,Overtime,0.0,0.0
0200,88,0039,90000.0,90000.0,Water Fund,Department of Water Management,For the Employment of Students as Trainees,0.0,0.0
0200,88,0091,50000.0,50000.0,Water Fund,Department of Water Management,Uniform Allowance,0.0,0.0
0200,88,0125,415000.0,415000.0,Water Fund,Department of Water Management,Office and Building Services,0.0,0.0
0200,88,0126,15000.0,15000.0,Water Fund,Department of Water Management,Office Conveniences,0.0,0.0
0200,88,0130,113000.0,113000.0,Water Fund,Department of Water Management,Postage,0.0,0.0
0200,88,0138,272000.0,272000.0,Water Fund,Department of Water Management,For Professional Services for Information Technology Maintenance,0.0,0.0
0200,88,0140,6351828.0,6351828.0,Water Fund,Department of Water Management,For Professional and Technical Services and Other Third Party Benefit Agreements,0.0,0.0
0200,88,0148,1580000.0,1580000.0,Water Fund,Department of Water Management,Testing and Inspecting,0.0,0.0
0200,88,0149,80000.0,80000.0,Water Fund,Department of Water Management,For Software Maintenance and Licensing,0.0,0.0
0200,88,0150,16000.0,16000.0,Water Fund,Department of Water Management,Publications and Reproduction - Outside Services.  To be Expended with the Prior Approval of Graphics Services,0.0,0.0
0200,88,0152,152900.0,152900.0,Water Fund,Department of Water Management,Advertising,0.0,0.0
0200,88,0154,90000.0,90000.0,Water Fund,Department of Water Management,"For the Rental and Maintenance of Data Processing, Office Automation and Data Communications Hardware",0.0,0.0
0200,88,0157,2954152.0,2954152.0,Water Fund,Department of Water Management,Rental of Equipment and Services,0.0,0.0
0200,88,0159,478860.0,478860.0,Water Fund,Department of Water Management,Lease Purchase Agreements for Equipment and Machinery,0.0,0.0
0200,88,0160,765000.0,765000.0,Water Fund,Department of Water Management,Repair or Maintenance of Property,0.0,0.0
0200,88,0161,52000.0,52000.0,Water Fund,Department of Water Management,"Operation, Repair or Maintenance of Facilities",0.0,0.0
0200,88,0162,5101875.0,5101875.0,Water Fund,Department of Water Management,Repair/Maintenance of Equipment,0.0,0.0
0200,88,0166,583800.0,583800.0,Water Fund,Department of Water Management,"Dues, Subscriptions and Memberships",0.0,0.0
0200,88,0168,10500.0,10500.0,Water Fund,Department of Water Management,Educational Development through Cooperative Education Program and Apprenticeship Program,0.0,0.0
0200,88,0169,193000.0,193000.0,Water Fund,Department of Water Management,Technical Meeting Costs,0.0,0.0
0200,88,0185,3858022.0,3858022.0,Water Fund,Department of Water Management,Waste Disposal Services,0.0,0.0
0200,88,0229,7500.0,7500.0,Water Fund,Department of Water Management,Transportation and Expense Allowance,0.0,0.0
0200,88,0245,18400.0,18400.0,Water Fund,Department of Water Management,Reimbursement to Travelers,0.0,0.0
0200,88,0312,6426.0,6426.0,Water Fund,Department of Water Management,Software Purchases,0.0,0.0
0200,88,0314,784000.0,784000.0,Water Fund,Department of Water Management,Fuel Oil,0.0,0.0
0200,88,0316,161400.0,161400.0,Water Fund,Department of Water Management,Gas - Bottled and Propane,0.0,0.0
0200,88,0340,2798500.0,2798500.0,Water Fund,Department of Water Management,Material and Supplies,0.0,0.0
0200,88,0342,23918041.0,23918041.0,Water Fund,Department of Water Management,"Drugs, Medicine and Chemical Materials",0.0,0.0
0200,88,0345,271000.0,271000.0,Water Fund,Department of Water Management,Apparatus and Instruments,0.0,0.0
0200,88,0348,1000.0,1000.0,Water Fund,Department of Water Management,Books and Related Material,0.0,0.0
0200,88,0350,56930.0,56930.0,Water Fund,Department of Water Management,Stationery and Office Supplies,0.0,0.0
0200,88,0360,9122672.0,9122672.0,Water Fund,Department of Water Management,Repair Parts and Material,0.0,0.0
0200,88,0401,6000.0,6000.0,Water Fund,Department of Water Management,Tools Less Than or Equal to $100/Unit,0.0,0.0
0200,88,0402,12500.0,12500.0,Water Fund,Department of Water Management,Tools Greater Than $100/Unit,0.0,0.0
0200,88,0410,175000.0,175000.0,Water Fund,Department of Water Management,Equipment for Buildings,0.0,0.0
0200,88,0423,1000.0,1000.0,Water Fund,Department of Water Management,Communication Devices,0.0,0.0
0200,88,0424,10500.0,10500.0,Water Fund,Department of Water Management,Furniture and Furnishings,0.0,0.0
0200,88,0440,1057003.0,1057003.0,Water Fund,Department of Water Management,Machinery and Equipment,0.0,0.0
0200,88,0445,560000.0,560000.0,Water Fund,Department of Water Management,Technical and Scientific Equipment,0.0,0.0
0200,88,0446,143880.0,143880.0,Water Fund,Department of Water Management,For the Purchase of IT and Data Communication Hardware,0.0,0.0
0200,88,0450,240000.0,240000.0,Water Fund,Department of Water Management,Vehicles,0.0,0.0
0200,88,0521,2946315.0,2946315.0,Water Fund,Department of Water Management,Maintenance and Construction,0.0,0.0
0200,88,9438,82500.0,82500.0,Water Fund,Department of Water Management,For Services Provided by the Department of Fleet and Facilities Management,0.0,0.0
0200,88,9481,1346319.0,1346319.0,Water Fund,Department of Water Management,For Services Provided by the Department of Streets and Sanitation,0.0,0.0
0200,99,0003,1311090.0,1311090.0,Water Fund,Finance General,Scheduled Wage Adjustments,0.0,0.0
0200,99,0029,5592756.0,5592756.0,Water Fund,Finance General,For Health Maintenance Organization Premiums (HMO) Provided to Eligible Employees and Their Families,0.0,0.0
0200,99,0042,21188477.0,21188477.0,Water Fund,Finance General,For the Costs of Claims and Administration for Hospital and Medical Care Provided to Eligible Employees  Provided However  That All Payments to the In...,0.0,0.0
0200,99,0045,200476.0,200476.0,Water Fund,Finance General,For the Cost of Claims and Administration or Premiums for Term Life Insurance,0.0,0.0
0200,99,0049,13344660.0,13344660.0,Water Fund,Finance General,Claims and Costs of Administration Pursuant to the Workers' Compensation Act,0.0,0.0
0200,99,0051,507896.0,507896.0,Water Fund,Finance General,Claims Under Unemployment Insurance Act,0.0,0.0
0200,99,0052,260618.0,260618.0,Water Fund,Finance General,Costs of Claims and Administration for Hospital and Medical Care to Eligible Annuitants and Their Eligible Dependents,0.0,0.0
0200,99,0056,957698.0,957698.0,Water Fund,Finance General,For the Cost of Claims and Administration or Premiums for a Co-Insured Dental Plan for Employees,0.0,0.0
0200,99,0070,150000.0,150000.0,Water Fund,Finance General,Tuition Reimbursement and Educational Programs,0.0,0.0
0200,99,0085,662781.0,662781.0,Water Fund,Finance General,City Deferred Compensation Contributions for Union Members,0.0,0.0
0200,99,0128,300000.0,300000.0,Water Fund,Finance General,Investigation Costs.  To Be Expended at the Direction of the Comptroller,0.0,0.0
0200,99,0130,288020.0,288020.0,Water Fund,Finance General,Postage,0.0,0.0
0200,99,0138,4956764.0,4956764.0,Water Fund,Finance General,For Professional Services for Information Technology Maintenance,0.0,0.0
0200,99,0139,2049600.0,2049600.0,Water Fund,Finance General,For Professional Services for Information Technology Development,0.0,0.0
0200,99,0140,7440628.0,7440628.0,Water Fund,Finance General,For Professional and Technical Services and Other Third Party Benefit Agreements,0.0,0.0
0200,99,0142,442500.0,442500.0,Water Fund,Finance General,Accounting and Auditing,0.0,0.0
0200,99,0149,425025.0,425025.0,Water Fund,Finance General,For Software Maintenance and Licensing,0.0,0.0
0200,99,0172,2727695.0,2727695.0,Water Fund,Finance General,For the Cost of Insurance Premiums and Expenses,0.0,0.0
0200,99,0902,96396774.0,96396774.0,Water Fund,Finance General,For Interest on Bonds,0.0,0.0
0200,99,0905,6800000.0,6800000.0,Water Fund,Finance General,For Payment to Metropolitan Sanitary District for Wastewater Services,0.0,0.0
0200,99,0912,90520000.0,90520000.0,Water Fund,Finance General,For Payment of Bonds,0.0,0.0
0200,99,0931,6800000.0,6800000.0,Water Fund,Finance General,"For the Payment of Tort and Non-Tort Judgments, Outside Counsel Expenses and Expert Costs, as Approved by the Corporation Counsel",0.0,0.0
0200,99,0934,15000.0,15000.0,Water Fund,Finance General,Claims for Damages and Liabilities Against the City When Ordered Paid by the City Council,0.0,0.0
0200,99,0943,13857891.0,13857891.0,Water Fund,Finance General,For Interest on Loans,0.0,0.0
0200,99,0944,39043912.0,39043912.0,Water Fund,Finance General,For Payment on Loans,0.0,0.0
0200,99,0958,100000.0,100000.0,Water Fund,Finance General,For Payment of Water Pipe Extension Certificates,0.0,0.0
0200,99,0959,47100.0,47100.0,Water Fund,Finance General,For Bond Fees and Costs,0.0,0.0
0200,99,9027,40166.0,40166.0,Water Fund,Finance General,For the City Contribution to Social Security Tax,0.0,0.0
0200,99,9067,30000.0,30000.0,Water Fund,Finance General,For Physical Exams,0.0,0.0
0200,99,9076,1700162.0,1700162.0,Water Fund,Finance General,City's Contribution to Medicare Tax,0.0,0.0
0200,99,9097,25351591.0,25351591.0,Water Fund,Finance General,For Capital Construction,0.0,0.0
0200,99,9611,73234971.0,73234971.0,Water Fund,Finance General,To Reimburse the Corporate Fund for Indirect Costs Chargeable to Fund,0.0,0.0
0200,99,9645,25872066.0,25872066.0,Water Fund,Finance General,To Reimburse the Corporate Fund for Indirect Pension Costs Chargeable to Fund,0.0,0.0
0200,99,9765,625000.0,625000.0,Water Fund,Finance General,Transfer for Contractual Services,0.0,0.0
0200,99,9773,1470301.0,1470301.0,Water Fund,Finance General,Transfer for Services Provided by the Department of Police,0.0,0.0
0200,99,9774,325000.0,325000.0,Water Fund,Finance General,Transfer for Services Provided by the Office of Emergency Management and Communication,0.0,0.0
0200,99,9980,55609008.0,55609008.0,Water Fund,Finance General,Municipal Fund Pension Allocation,0.0,0.0
0200,99,9981,21871119.0,21871119.0,Water Fund,Finance General,Laborers' Fund Pension Allocation,0.0,0.0
0200,99,9984,11794524.0,11794524.0,Water Fund,Finance General,Municipal Fund Advance Pension Payment,0.0,0.0
0200,99,9985,3589746.0,3589746.0,Water Fund,Finance General,Laborers' Fund Advance Pension Payment,0.0,0.0
0300,6,0138,132382.0,132382.0,Vehicle Tax Fund,Department of Technology and Innovation,For Professional Services for Information Technology Maintenance,0.0,0.0
0300,6,0140,6603.0,6603.0,Vehicle Tax Fund,Department of Technology and Innovation,For Professional and Technical Services and Other Third Party Benefit Agreements,0.0,0.0
0300,6,0149,402467.0,402467.0,Vehicle Tax Fund,Department of Technology and Innovation,For Software Maintenance and Licensing,0.0,0.0
0300,6,0162,109766.0,109766.0,Vehicle Tax Fund,Department of Technology and Innovation,Repair/Maintenance of Equipment,0.0,0.0
0300,6,0166,1703.0,1703.0,Vehicle Tax Fund,Department of Technology and Innovation,"Dues, Subscriptions and Memberships",0.0,0.0
0300,6,0181,65176.0,65176.0,Vehicle Tax Fund,Department of Technology and Innovation,Mobile Communication Services,0.0,0.0
0300,6,0188,49088.0,49088.0,Vehicle Tax Fund,Department of Technology and Innovation,Vehicle Tracking Service,0.0,0.0
0300,6,0189,7627.0,7627.0,Vehicle Tax Fund,Department of Technology and Innovation,Telephone - Non-Centrex Billings,0.0,0.0
0300,6,0190,72375.0,72375.0,Vehicle Tax Fund,Department of Technology and Innovation,Telephone - Centrex Billings,0.0,0.0
0300,6,0196,52369.0,52369.0,Vehicle Tax Fund,Department of Technology and Innovation,Data Circuits,0.0,0.0
0300,6,0197,8383.0,8383.0,Vehicle Tax Fund,Department of Technology and Innovation,Telephone - Maintenance and Repair of Equipment and Voicemail,0.0,0.0
0300,15,0000,321262.0,321262.0,Vehicle Tax Fund,City Council,Personnel Services,0.0,0.0
0300,15,0100,15000.0,15000.0,Vehicle Tax Fund,City Council,Contractual Services,0.0,0.0
0300,15,0300,15000.0,15000.0,Vehicle Tax Fund,City Council,Commodities and Materials,0.0,0.0
0300,25,0005,4873312.0,4873312.0,Vehicle Tax Fund,Office of City Clerk,Salaries and Wages - on Payroll,0.0,0.0
0300,25,0015,62087.0,62087.0,Vehicle Tax Fund,Office of City Clerk,Schedule Salary Adjustments,0.0,0.0
0300,25,0020,50000.0,50000.0,Vehicle Tax Fund,Office of City Clerk,Overtime,0.0,0.0
0300,25,0039,95000.0,95000.0,Vehicle Tax Fund,Office of City Clerk,For the Employment of Students as Trainees,0.0,0.0
0300,25,0130,1216260.0,1216260.0,Vehicle Tax Fund,Office of City Clerk,Postage,0.0,0.0
0300,25,0138,550000.0,550000.0,Vehicle Tax Fund,Office of City Clerk,For Professional Services for Information Technology Maintenance,0.0,0.0
0300,25,0140,469300.0,469300.0,Vehicle Tax Fund,Office of City Clerk,For Professional and Technical Services and Other Third Party Benefit Agreements,0.0,0.0
0300,25,0149,1000000.0,1000000.0,Vehicle Tax Fund,Office of City Clerk,For Software Maintenance and Licensing,0.0,0.0
0300,25,0154,12125.0,12125.0,Vehicle Tax Fund,Office of City Clerk,"For the Rental and Maintenance of Data Processing, Office Automation and Data Communications Hardware",0.0,0.0
0300,25,0157,86036.0,86036.0,Vehicle Tax Fund,Office of City Clerk,Rental of Equipment and Services,0.0,0.0
0300,25,0159,45000.0,45000.0,Vehicle Tax Fund,Office of City Clerk,Lease Purchase Agreements for Equipment and Machinery,0.0,0.0
0300,25,0162,12500.0,12500.0,Vehicle Tax Fund,Office of City Clerk,Repair/Maintenance of Equipment,0.0,0.0
0300,25,0229,18000.0,18000.0,Vehicle Tax Fund,Office of City Clerk,Transportation and Expense Allowance,0.0,0.0
0300,25,0338,393655.0,393655.0,Vehicle Tax Fund,Office of City Clerk,"License Sticker, Tag and Plates",0.0,0.0
0300,25,0340,12500.0,12500.0,Vehicle Tax Fund,Office of City Clerk,Material and Supplies,0.0,0.0
0300,25,0350,123500.0,123500.0,Vehicle Tax Fund,Office of City Clerk,Stationery and Office Supplies,0.0,0.0
0300,25,9438,10000.0,10000.0,Vehicle Tax Fund,Office of City Clerk,For Services Provided by the Department of Fleet and Facilities Management,0.0,0.0
0300,27,0005,646164.0,646164.0,Vehicle Tax Fund,Department of Finance,Salaries and Wages - on Payroll,0.0,0.0
0300,27,0015,15689.0,15689.0,Vehicle Tax Fund,Department of Finance,Schedule Salary Adjustments,0.0,0.0
0300,27,0350,250.0,250.0,Vehicle Tax Fund,Department of Finance,Stationery and Office Supplies,0.0,0.0
0300,27,0421,1201127.0,1201127.0,Vehicle Tax Fund,Department of Finance,Machinery and Equipment,0.0,0.0
0300,31,0005,2096187.0,2096187.0,Vehicle Tax Fund,Department of Law,Salaries and Wages - on Payroll,0.0,0.0
0300,31,0015,4644.0,4644.0,Vehicle Tax Fund,Department of Law,Schedule Salary Adjustments,0.0,0.0
0300,31,0020,470.0,470.0,Vehicle Tax Fund,Department of Law,Overtime,0.0,0.0
0300,31,0130,3437.0,3437.0,Vehicle Tax Fund,Department of Law,Postage,0.0,0.0
0300,31,0138,2200.0,2200.0,Vehicle Tax Fund,Department of Law,For Professional Services for Information Technology Maintenance,0.0,0.0
0300,31,0140,55763.0,55763.0,Vehicle Tax Fund,Department of Law,For Professional and Technical Services and Other Third Party Benefit Agreements,0.0,0.0
0300,31,0141,2500.0,2500.0,Vehicle Tax Fund,Department of Law,Appraisals,0.0,0.0
0300,31,0143,27584.0,27584.0,Vehicle Tax Fund,Department of Law,Court Reporting,0.0,0.0
0300,31,0145,12813.0,12813.0,Vehicle Tax Fund,Department of Law,Legal Expenses,0.0,0.0
0300,31,0149,28412.0,28412.0,Vehicle Tax Fund,Department of Law,For Software Maintenance and Licensing,0.0,0.0
0300,31,0150,1445.0,1445.0,Vehicle Tax Fund,Department of Law,Publications and Reproduction - Outside Services.  To be Expended with the Prior Approval of Graphics Services,0.0,0.0
0300,31,0157,772.0,772.0,Vehicle Tax Fund,Department of Law,Rental of Equipment and Services,0.0,0.0
0300,31,0159,5832.0,5832.0,Vehicle Tax Fund,Department of Law,Lease Purchase Agreements for Equipment and Machinery,0.0,0.0
0300,31,0162,1202.0,1202.0,Vehicle Tax Fund,Department of Law,Repair/Maintenance of Equipment,0.0,0.0
0300,31,0166,1786.0,1786.0,Vehicle Tax Fund,Department of Law,"Dues, Subscriptions and Memberships",0.0,0.0
0300,31,0169,3840.0,3840.0,Vehicle Tax Fund,Department of Law,Technical Meeting Costs,0.0,0.0
0300,31,0178,644.0,644.0,Vehicle Tax Fund,Department of Law,Freight and Express Charges,0.0,0.0
0300,31,0229,230.0,230.0,Vehicle Tax Fund,Department of Law,Transportation and Expense Allowance,0.0,0.0
0300,31,0245,1000.0,1000.0,Vehicle Tax Fund,Department of Law,Reimbursement to Travelers,0.0,0.0
0300,31,0270,1500.0,1500.0,Vehicle Tax Fund,Department of Law,Local Transportation,0.0,0.0
0300,31,0348,150.0,150.0,Vehicle Tax Fund,Department of Law,Books and Related Material,0.0,0.0
0300,31,0350,3689.0,3689.0,Vehicle Tax Fund,Department of Law,Stationery and Office Supplies,0.0,0.0
0300,31,9438,1323.0,1323.0,Vehicle Tax Fund,Department of Law,For Services Provided by the Department of Fleet and Facilities Management,0.0,0.0
0300,33,0005,54000.0,54000.0,Vehicle Tax Fund,Department of Human Resources,Salaries and Wages - on Payroll,0.0,0.0
0300,35,0005,147084.0,147084.0,Vehicle Tax Fund,Department of Procurement Services,Salaries and Wages - on Payroll,0.0,0.0
0300,35,0015,2070.0,2070.0,Vehicle Tax Fund,Department of Procurement Services,Schedule Salary Adjustments,0.0,0.0
0300,38,0125,1139628.0,1139628.0,Vehicle Tax Fund,Department of Fleet and Facility Management,Office and Building Services,0.0,0.0
0300,38,0140,7837193.0,7837193.0,Vehicle Tax Fund,Department of Fleet and Facility Management,For Professional and Technical Services and Other Third Party Benefit Agreements,0.0,0.0
0300,38,0155,2815024.0,2815024.0,Vehicle Tax Fund,Department of Fleet and Facility Management,Rental of Property,0.0,0.0
0300,38,0159,52000.0,52000.0,Vehicle Tax Fund,Department of Fleet and Facility Management,Lease Purchase Agreements for Equipment and Machinery,0.0,0.0
0300,38,0162,127100.0,127100.0,Vehicle Tax Fund,Department of Fleet and Facility Management,Repair/Maintenance of Equipment,0.0,0.0
0300,38,0313,60841.0,60841.0,Vehicle Tax Fund,Department of Fleet and Facility Management,Cleaning and Sanitation Supplies,0.0,0.0
0300,38,0315,8066283.0,8066283.0,Vehicle Tax Fund,Department of Fleet and Facility Management,Motor Vehicle Diesel Fuel,0.0,0.0
0300,38,0320,1618261.0,1618261.0,Vehicle Tax Fund,Department of Fleet and Facility Management,Gasoline,0.0,0.0
0300,38,0322,1147399.0,1147399.0,Vehicle Tax Fund,Department of Fleet and Facility Management,Natural Gas,0.0,0.0
0300,38,0325,440171.0,440171.0,Vehicle Tax Fund,Department of Fleet and Facility Management,Alternative Fuel,0.0,0.0
0300,38,0331,2782912.0,2782912.0,Vehicle Tax Fund,Department of Fleet and Facility Management,Electricity,0.0,0.0
0300,38,0340,330000.0,330000.0,Vehicle Tax Fund,Department of Fleet and Facility Management,Material and Supplies,0.0,0.0
0300,67,0005,609273.0,609273.0,Vehicle Tax Fund,Department of Buildings,Salaries and Wages - on Payroll,0.0,0.0
0300,67,0015,17290.0,17290.0,Vehicle Tax Fund,Department of Buildings,Schedule Salary Adjustments,0.0,0.0
0300,81,0005,16101329.0,16101329.0,Vehicle Tax Fund,Department of Streets and Sanitation,Salaries and Wages - on Payroll,0.0,0.0
0300,81,0012,239467.0,239467.0,Vehicle Tax Fund,Department of Streets and Sanitation,Contract Wage Increment - Prevailing Rate,0.0,0.0
0300,81,0015,85754.0,85754.0,Vehicle Tax Fund,Department of Streets and Sanitation,Schedule Salary Adjustments,0.0,0.0
0300,81,0020,3157747.0,3157747.0,Vehicle Tax Fund,Department of Streets and Sanitation,Overtime,0.0,0.0
0300,81,0091,78000.0,78000.0,Vehicle Tax Fund,Department of Streets and Sanitation,Uniform Allowance,0.0,0.0
0300,81,0126,6080.0,6080.0,Vehicle Tax Fund,Department of Streets and Sanitation,Office Conveniences,0.0,0.0
0300,81,0130,755650.0,755650.0,Vehicle Tax Fund,Department of Streets and Sanitation,Postage,0.0,0.0
0300,81,0138,150000.0,150000.0,Vehicle Tax Fund,Department of Streets and Sanitation,For Professional Services for Information Technology Maintenance,0.0,0.0
0300,81,0140,9443144.0,9443144.0,Vehicle Tax Fund,Department of Streets and Sanitation,For Professional and Technical Services and Other Third Party Benefit Agreements,0.0,0.0
0300,81,0149,10000.0,10000.0,Vehicle Tax Fund,Department of Streets and Sanitation,For Software Maintenance and Licensing,0.0,0.0
0300,81,0150,44554.0,44554.0,Vehicle Tax Fund,Department of Streets and Sanitation,Publications and Reproduction - Outside Services.  To be Expended with the Prior Approval of Graphics Services,0.0,0.0
0300,81,0157,4636525.0,4636525.0,Vehicle Tax Fund,Department of Streets and Sanitation,Rental of Equipment and Services,0.0,0.0
0300,81,0159,4560.0,4560.0,Vehicle Tax Fund,Department of Streets and Sanitation,Lease Purchase Agreements for Equipment and Machinery,0.0,0.0
0300,81,0162,15243.0,15243.0,Vehicle Tax Fund,Department of Streets and Sanitation,Repair/Maintenance of Equipment,0.0,0.0
0300,81,0313,15000.0,15000.0,Vehicle Tax Fund,Department of Streets and Sanitation,Cleaning and Sanitation Supplies,0.0,0.0
0300,81,0319,36055.0,36055.0,Vehicle Tax Fund,Department of Streets and Sanitation,Clothing,0.0,0.0
0300,81,0340,180520.0,180520.0,Vehicle Tax Fund,Department of Streets and Sanitation,Material and Supplies,0.0,0.0
0300,81,0350,36109.0,36109.0,Vehicle Tax Fund,Department of Streets and Sanitation,Stationery and Office Supplies,0.0,0.0
0300,81,0401,41305.0,41305.0,Vehicle Tax Fund,Department of Streets and Sanitation,Tools Less Than or Equal to $100/Unit,0.0,0.0
0300,81,0402,19084.0,19084.0,Vehicle Tax Fund,Department of Streets and Sanitation,Tools Greater Than $100/Unit,0.0,0.0
0300,81,0423,60574.0,60574.0,Vehicle Tax Fund,Department of Streets and Sanitation,Communication Devices,0.0,0.0
0300,81,0992,370800.0,370800.0,Vehicle Tax Fund,Department of Streets and Sanitation,Tow Storage Refunds,0.0,0.0
0300,81,9438,191800.0,191800.0,Vehicle Tax Fund,Department of Streets and Sanitation,For Services Provided by the Department of Fleet and Facilities Management,0.0,0.0
0300,84,0005,50068221.0,50068221.0,Vehicle Tax Fund,Chicago Department of Transportation,Salaries and Wages - on Payroll,0.0,0.0
0300,84,0012,775567.0,775567.0,Vehicle Tax Fund,Chicago Department of Transportation,Contract Wage Increment - Prevailing Rate,0.0,0.0
0300,84,0015,96302.0,96302.0,Vehicle Tax Fund,Chicago Department of Transportation,Schedule Salary Adjustments,0.0,0.0
0300,84,0020,1330654.0,1330654.0,Vehicle Tax Fund,Chicago Department of Transportation,Overtime,0.0,0.0
0300,84,0091,61000.0,61000.0,Vehicle Tax Fund,Chicago Department of Transportation,Uniform Allowance,0.0,0.0
0300,84,0126,0.0,0.0,Vehicle Tax Fund,Chicago Department of Transportation,OFFICE CONVENIENCES,0.0,0.0
0300,84,0130,16500.0,16500.0,Vehicle Tax Fund,Chicago Department of Transportation,Postage,0.0,0.0
0300,84,0140,6897297.0,6897297.0,Vehicle Tax Fund,Chicago Department of Transportation,For Professional and Technical Services and Other Third Party Benefit Agreements,0.0,0.0
0300,84,0144,968937.0,968937.0,Vehicle Tax Fund,Chicago Department of Transportation,Engineering and Architecture,0.0,0.0
0300,84,0149,1304489.0,1304489.0,Vehicle Tax Fund,Chicago Department of Transportation,For Software Maintenance and Licensing,0.0,0.0
0300,84,0150,846.0,846.0,Vehicle Tax Fund,Chicago Department of Transportation,Publications and Reproduction - Outside Services.  To be Expended with the Prior Approval of Graphics Services,0.0,0.0
0300,84,0152,911618.0,911618.0,Vehicle Tax Fund,Chicago Department of Transportation,Advertising,0.0,0.0
0300,84,0157,233436.0,233436.0,Vehicle Tax Fund,Chicago Department of Transportation,Rental of Equipment and Services,0.0,0.0
0300,84,0159,24201.0,24201.0,Vehicle Tax Fund,Chicago Department of Transportation,Lease Purchase Agreements for Equipment and Machinery,0.0,0.0
0300,84,0160,13160.0,13160.0,Vehicle Tax Fund,Chicago Department of Transportation,Repair or Maintenance of Property,0.0,0.0
0300,84,0162,2350.0,2350.0,Vehicle Tax Fund,Chicago Department of Transportation,Repair/Maintenance of Equipment,0.0,0.0
0300,84,0166,9000.0,9000.0,Vehicle Tax Fund,Chicago Department of Transportation,"Dues, Subscriptions and Memberships",0.0,0.0
0300,84,0169,12690.0,12690.0,Vehicle Tax Fund,Chicago Department of Transportation,Technical Meeting Costs,0.0,0.0
0300,84,0185,96957.0,96957.0,Vehicle Tax Fund,Chicago Department of Transportation,Waste Disposal Services,0.0,0.0
0300,84,0229,201600.0,201600.0,Vehicle Tax Fund,Chicago Department of Transportation,Transportation and Expense Allowance,0.0,0.0
0300,84,0245,24910.0,24910.0,Vehicle Tax Fund,Chicago Department of Transportation,Reimbursement to Travelers,0.0,0.0
0300,84,0313,3600.0,3600.0,Vehicle Tax Fund,Chicago Department of Transportation,Cleaning and Sanitation Supplies,0.0,0.0
0300,84,0319,17000.0,17000.0,Vehicle Tax Fund,Chicago Department of Transportation,Clothing,0.0,0.0
0300,84,0340,13930.0,13930.0,Vehicle Tax Fund,Chicago Department of Transportation,Material and Supplies,0.0,0.0
0300,84,0345,10000.0,10000.0,Vehicle Tax Fund,Chicago Department of Transportation,Apparatus and Instruments,0.0,0.0
0300,84,0348,1050.0,1050.0,Vehicle Tax Fund,Chicago Department of Transportation,Books and Related Material,0.0,0.0
0300,84,0350,70340.0,70340.0,Vehicle Tax Fund,Chicago Department of Transportation,Stationery and Office Supplies,0.0,0.0
0300,84,0446,54568.0,54568.0,Vehicle Tax Fund,Chicago Department of Transportation,For the Purchase of IT and Data Communication Hardware,0.0,0.0
0300,84,9438,3760.0,3760.0,Vehicle Tax Fund,Chicago Department of Transportation,For Services Provided by the Department of Fleet and Facilities Management,0.0,0.0
0300,84,9481,0.0,0.0,Vehicle Tax Fund,Chicago Department of Transportation,REIMBURSEMENT - DSS,0.0,0.0
0300,99,0003,797882.0,797882.0,Vehicle Tax Fund,Finance General,Scheduled Wage Adjustments,0.0,0.0
0300,99,0029,2987357.0,2987357.0,Vehicle Tax Fund,Finance General,For Health Maintenance Organization Premiums (HMO) Provided to Eligible Employees and Their Families,0.0,0.0
0300,99,0042,11317773.0,11317773.0,Vehicle Tax Fund,Finance General,For the Costs of Claims and Administration for Hospital and Medical Care Provided to Eligible Employees  Provided However  That All Payments to the In...,0.0,0.0
0300,99,0045,107084.0,107084.0,Vehicle Tax Fund,Finance General,For the Cost of Claims and Administration or Premiums for Term Life Insurance,0.0,0.0
0300,99,0049,12240000.0,12240000.0,Vehicle Tax Fund,Finance General,Claims and Costs of Administration Pursuant to the Workers' Compensation Act,0.0,0.0
0300,99,0051,306231.0,306231.0,Vehicle Tax Fund,Finance General,Claims Under Unemployment Insurance Act,0.0,0.0
0300,99,0052,139209.0,139209.0,Vehicle Tax Fund,Finance General,Costs of Claims and Administration for Hospital and Medical Care to Eligible Annuitants and Their Eligible Dependents,0.0,0.0
0300,99,0056,511552.0,511552.0,Vehicle Tax Fund,Finance General,For the Cost of Claims and Administration or Premiums for a Co-Insured Dental Plan for Employees,0.0,0.0
0300,99,0070,25000.0,25000.0,Vehicle Tax Fund,Finance General,Tuition Reimbursement and Educational Programs,0.0,0.0
0300,99,0085,314545.0,314545.0,Vehicle Tax Fund,Finance General,City Deferred Compensation Contributions for Union Members,0.0,0.0
0300,99,0128,85000.0,85000.0,Vehicle Tax Fund,Finance General,Investigation Costs.  To Be Expended at the Direction of the Comptroller,0.0,0.0
0300,99,0138,3007271.0,3007271.0,Vehicle Tax Fund,Finance General,For Professional Services for Information Technology Maintenance,0.0,0.0
0300,99,0139,153501.0,153501.0,Vehicle Tax Fund,Finance General,For Professional Services for Information Technology Development,0.0,0.0
0300,99,0140,6357535.0,6357535.0,Vehicle Tax Fund,Finance General,For Professional and Technical Services and Other Third Party Benefit Agreements,0.0,0.0
0300,99,0142,150000.0,150000.0,Vehicle Tax Fund,Finance General,Accounting and Auditing,0.0,0.0
0300,99,0149,400000.0,400000.0,Vehicle Tax Fund,Finance General,For Software Maintenance and Licensing,0.0,0.0
0300,99,0931,11800.0,11800.0,Vehicle Tax Fund,Finance General,"For the Payment of Tort and Non-Tort Judgments, Outside Counsel Expenses and Expert Costs, as Approved by the Corporation Counsel",0.0,0.0
0300,99,0934,375000.0,375000.0,Vehicle Tax Fund,Finance General,Claims for Damages and Liabilities Against the City When Ordered Paid by the City Council,0.0,0.0
0300,99,0989,765000.0,765000.0,Vehicle Tax Fund,Finance General,For Refunds for Cancelled Voucher Warrants and Payroll Checks and for Refunding Duplicate Payments and Payments Made in Error,0.0,0.0
0300,99,0991,760000.0,760000.0,Vehicle Tax Fund,Finance General,To Provide for Matching and Supplementary Grant Funds Currently in Effect as Well as New Grants,0.0,0.0
0300,99,9027,24275.0,24275.0,Vehicle Tax Fund,Finance General,For the City Contribution to Social Security Tax,0.0,0.0
0300,99,9076,1027533.0,1027533.0,Vehicle Tax Fund,Finance General,City's Contribution to Medicare Tax,0.0,0.0
0300,99,9281,0.0,0.0,Vehicle Tax Fund,Finance General,RESERVE FOR SNOW EVENTS,0.0,0.0
0300,99,9610,44036590.0,44036590.0,Vehicle Tax Fund,Finance General,To Reimburse Corporate Fund for Pension Payments,0.0,0.0
0300,99,9611,17060592.0,17060592.0,Vehicle Tax Fund,Finance General,To Reimburse the Corporate Fund for Indirect Costs Chargeable to Fund,0.0,0.0
0300,99,9774,10000.0,10000.0,Vehicle Tax Fund,Finance General,Transfer for Services Provided by the Office of Emergency Management and Communication,0.0,0.0
0310,38,0332,22269908.0,22269908.0,Motor Fuel Tax Fund,Department of Fleet and Facility Management,Electricity - Street Lighting,0.0,0.0
0310,81,0005,0.0,0.0,Motor Fuel Tax Fund,Department of Streets and Sanitation,SALARIES AND WAGES - ON PAYROLL,0.0,0.0
0310,81,0012,0.0,0.0,Motor Fuel Tax Fund,Department of Streets and Sanitation,CONTRACT WAGE - PREVAILING RATE,0.0,0.0
0310,81,0340,18805345.0,18805345.0,Motor Fuel Tax Fund,Department of Streets and Sanitation,Material and Supplies,0.0,0.0
0310,84,0005,34792529.0,34792529.0,Motor Fuel Tax Fund,Chicago Department of Transportation,Salaries and Wages - on Payroll,0.0,0.0
0310,84,0012,568559.0,568559.0,Motor Fuel Tax Fund,Chicago Department of Transportation,Contract Wage Increment - Prevailing Rate,0.0,0.0
0310,84,0015,27864.0,27864.0,Motor Fuel Tax Fund,Chicago Department of Transportation,Schedule Salary Adjustments,0.0,0.0
0310,84,0020,2567325.0,2567325.0,Motor Fuel Tax Fund,Chicago Department of Transportation,Overtime,0.0,0.0
0310,84,0091,18400.0,18400.0,Motor Fuel Tax Fund,Chicago Department of Transportation,Uniform Allowance,0.0,0.0
0310,84,0140,7887476.0,7887476.0,Motor Fuel Tax Fund,Chicago Department of Transportation,For Professional and Technical Services and Other Third Party Benefit Agreements,0.0,0.0
0310,84,0149,485100.0,485100.0,Motor Fuel Tax Fund,Chicago Department of Transportation,For Software Maintenance and Licensing,0.0,0.0
0310,84,0157,3324830.0,3324830.0,Motor Fuel Tax Fund,Chicago Department of Transportation,Rental of Equipment and Services,0.0,0.0
0310,84,0160,26908.0,26908.0,Motor Fuel Tax Fund,Chicago Department of Transportation,Repair or Maintenance of Property,0.0,0.0
0310,84,0162,27869.0,27869.0,Motor Fuel Tax Fund,Chicago Department of Transportation,Repair/Maintenance of Equipment,0.0,0.0
0310,84,0229,20500.0,20500.0,Motor Fuel Tax Fund,Chicago Department of Transportation,Transportation and Expense Allowance,0.0,0.0
0310,84,0319,2883.0,2883.0,Motor Fuel Tax Fund,Chicago Department of Transportation,Clothing,0.0,0.0
0310,84,0340,6902955.0,6902955.0,Motor Fuel Tax Fund,Chicago Department of Transportation,Material and Supplies,0.0,0.0
0310,84,0365,21142.0,21142.0,Motor Fuel Tax Fund,Chicago Department of Transportation,Electrical Supplies,0.0,0.0
0310,99,0003,245005.0,245005.0,Motor Fuel Tax Fund,Finance General,Scheduled Wage Adjustments,0.0,0.0
0310,99,9189,3000000.0,3000000.0,Motor Fuel Tax Fund,Finance General,For Payment of the Annual Contribution to the Chicago Transit Authority (CTA),0.0,0.0
0314,3,0005,807013.0,807013.0,Sewer Fund,Office of Inspector General,Salaries and Wages - on Payroll,0.0,0.0
0314,3,0015,19811.0,19811.0,Sewer Fund,Office of Inspector General,Schedule Salary Adjustments,0.0,0.0
0314,3,0130,126.0,126.0,Sewer Fund,Office of Inspector General,Postage,0.0,0.0
0314,3,0140,1241.0,1241.0,Sewer Fund,Office of Inspector General,For Professional and Technical Services and Other Third Party Benefit Agreements,0.0,0.0
0314,3,0143,9808.0,9808.0,Sewer Fund,Office of Inspector General,Court Reporting,0.0,0.0
0314,3,0149,27806.0,27806.0,Sewer Fund,Office of Inspector General,For Software Maintenance and Licensing,0.0,0.0
0314,3,0157,7519.0,7519.0,Sewer Fund,Office of Inspector General,Rental of Equipment and Services,0.0,0.0
0314,3,0159,601.0,601.0,Sewer Fund,Office of Inspector General,Lease Purchase Agreements for Equipment and Machinery,0.0,0.0
0314,3,0162,54.0,54.0,Sewer Fund,Office of Inspector General,Repair/Maintenance of Equipment,0.0,0.0
0314,3,0166,1761.0,1761.0,Sewer Fund,Office of Inspector General,"Dues, Subscriptions and Memberships",0.0,0.0
0314,3,0169,14836.0,14836.0,Sewer Fund,Office of Inspector General,Technical Meeting Costs,0.0,0.0
0314,3,0181,1807.0,1807.0,Sewer Fund,Office of Inspector General,Mobile Communication Services,0.0,0.0
0314,3,0189,4162.0,4162.0,Sewer Fund,Office of Inspector General,Telephone - Non-Centrex Billings,0.0,0.0
0314,3,0245,1900.0,1900.0,Sewer Fund,Office of Inspector General,Reimbursement to Travelers,0.0,0.0
0314,3,0270,320.0,320.0,Sewer Fund,Office of Inspector General,Local Transportation,0.0,0.0
0314,3,0320,391.0,391.0,Sewer Fund,Office of Inspector General,Gasoline,0.0,0.0
0314,3,0340,253.0,253.0,Sewer Fund,Office of Inspector General,Material and Supplies,0.0,0.0
0314,3,0348,235.0,235.0,Sewer Fund,Office of Inspector General,Books and Related Material,0.0,0.0
0314,3,0350,863.0,863.0,Sewer Fund,Office of Inspector General,Stationery and Office Supplies,0.0,0.0
0314,3,0700,1725.0,1725.0,Sewer Fund,Office of Inspector General,Contingencies,0.0,0.0
0314,6,0138,70829.0,70829.0,Sewer Fund,Department of Technology and Innovation,For Professional Services for Information Technology Maintenance,0.0,0.0
0314,6,0140,3533.0,3533.0,Sewer Fund,Department of Technology and Innovation,For Professional and Technical Services and Other Third Party Benefit Agreements,0.0,0.0
0314,6,0149,226270.0,226270.0,Sewer Fund,Department of Technology and Innovation,For Software Maintenance and Licensing,0.0,0.0
0314,6,0162,58729.0,58729.0,Sewer Fund,Department of Technology and Innovation,Repair/Maintenance of Equipment,0.0,0.0
0314,6,0166,911.0,911.0,Sewer Fund,Department of Technology and Innovation,"Dues, Subscriptions and Memberships",0.0,0.0
0314,6,0188,26264.0,26264.0,Sewer Fund,Department of Technology and Innovation,Vehicle Tracking Service,0.0,0.0
0314,6,0190,38724.0,38724.0,Sewer Fund,Department of Technology and Innovation,Telephone - Centrex Billings,0.0,0.0
0314,6,0196,28020.0,28020.0,Sewer Fund,Department of Technology and Innovation,Data Circuits,0.0,0.0
0314,27,0140,2067524.0,2067524.0,Sewer Fund,Department of Finance,For Professional and Technical Services and Other Third Party Benefit Agreements,0.0,0.0
0314,27,0149,8000.0,8000.0,Sewer Fund,Department of Finance,For Software Maintenance and Licensing,0.0,0.0
0314,27,0154,10000.0,10000.0,Sewer Fund,Department of Finance,"For the Rental and Maintenance of Data Processing, Office Automation and Data Communications Hardware",0.0,0.0
0314,27,0166,300.0,300.0,Sewer Fund,Department of Finance,"Dues, Subscriptions and Memberships",0.0,0.0
0314,28,0005,163029.0,163029.0,Sewer Fund,City Treasurer's Office,Salaries and Wages - on Payroll,0.0,0.0
0314,28,0138,56471.0,56471.0,Sewer Fund,City Treasurer's Office,For Professional Services for Information Technology Maintenance,0.0,0.0
0314,28,0140,57611.0,57611.0,Sewer Fund,City Treasurer's Office,For Professional and Technical Services and Other Third Party Benefit Agreements,0.0,0.0
0314,31,0005,905823.0,905823.0,Sewer Fund,Department of Law,Salaries and Wages - on Payroll,0.0,0.0
0314,31,0020,200.0,200.0,Sewer Fund,Department of Law,Overtime,0.0,0.0
0314,31,0130,1414.0,1414.0,Sewer Fund,Department of Law,Postage,0.0,0.0
0314,31,0138,2000.0,2000.0,Sewer Fund,Department of Law,For Professional Services for Information Technology Maintenance,0.0,0.0
0314,31,0140,31067.0,31067.0,Sewer Fund,Department of Law,For Professional and Technical Services and Other Third Party Benefit Agreements,0.0,0.0
0314,31,0141,800.0,800.0,Sewer Fund,Department of Law,Appraisals,0.0,0.0
0314,31,0143,21578.0,21578.0,Sewer Fund,Department of Law,Court Reporting,0.0,0.0
0314,31,0145,815.0,815.0,Sewer Fund,Department of Law,Legal Expenses,0.0,0.0
0314,31,0149,24070.0,24070.0,Sewer Fund,Department of Law,For Software Maintenance and Licensing,0.0,0.0
0314,31,0150,1010.0,1010.0,Sewer Fund,Department of Law,Publications and Reproduction - Outside Services.  To be Expended with the Prior Approval of Graphics Services,0.0,0.0
0314,31,0157,1080.0,1080.0,Sewer Fund,Department of Law,Rental of Equipment and Services,0.0,0.0
0314,31,0159,5376.0,5376.0,Sewer Fund,Department of Law,Lease Purchase Agreements for Equipment and Machinery,0.0,0.0
0314,31,0162,100.0,100.0,Sewer Fund,Department of Law,Repair/Maintenance of Equipment,0.0,0.0
0314,31,0166,1750.0,1750.0,Sewer Fund,Department of Law,"Dues, Subscriptions and Memberships",0.0,0.0
0314,31,0169,4020.0,4020.0,Sewer Fund,Department of Law,Technical Meeting Costs,0.0,0.0
0314,31,0178,270.0,270.0,Sewer Fund,Department of Law,Freight and Express Charges,0.0,0.0
0314,31,0229,140.0,140.0,Sewer Fund,Department of Law,Transportation and Expense Allowance,0.0,0.0
0314,31,0245,1750.0,1750.0,Sewer Fund,Department of Law,Reimbursement to Travelers,0.0,0.0
0314,31,0270,932.0,932.0,Sewer Fund,Department of Law,Local Transportation,0.0,0.0
0314,31,0348,150.0,150.0,Sewer Fund,Department of Law,Books and Related Material,0.0,0.0
0314,31,0350,2244.0,2244.0,Sewer Fund,Department of Law,Stationery and Office Supplies,0.0,0.0
0314,31,9438,805.0,805.0,Sewer Fund,Department of Law,For Services Provided by the Department of Fleet and Facilities Management,0.0,0.0
0314,38,0005,3324023.0,3324023.0,Sewer Fund,Department of Fleet and Facility Management,Salaries and Wages - on Payroll,0.0,0.0
0314,38,0012,53645.0,53645.0,Sewer Fund,Department of Fleet and Facility Management,Contract Wage Increment - Prevailing Rate,0.0,0.0
0314,38,0020,742090.0,742090.0,Sewer Fund,Department of Fleet and Facility Management,Overtime,0.0,0.0
0314,38,0140,232008.0,232008.0,Sewer Fund,Department of Fleet and Facility Management,For Professional and Technical Services and Other Third Party Benefit Agreements,0.0,0.0
0314,38,0149,14187.0,14187.0,Sewer Fund,Department of Fleet and Facility Management,For Software Maintenance and Licensing,0.0,0.0
0314,38,0155,0.0,0.0,Sewer Fund,Department of Fleet and Facility Management,RENTAL OF PROPERTY,0.0,0.0
0314,38,0162,63468.0,63468.0,Sewer Fund,Department of Fleet and Facility Management,Repair/Maintenance of Equipment,0.0,0.0
0314,38,0176,1386981.0,1386981.0,Sewer Fund,Department of Fleet and Facility Management,Maintenance and Operation of City Owned Vehicles,0.0,0.0
0314,38,0315,946361.0,946361.0,Sewer Fund,Department of Fleet and Facility Management,Motor Vehicle Diesel Fuel,0.0,0.0
0314,38,0320,478697.0,478697.0,Sewer Fund,Department of Fleet and Facility Management,Gasoline,0.0,0.0
0314,38,0325,24454.0,24454.0,Sewer Fund,Department of Fleet and Facility Management,Alternative Fuel,0.0,0.0
0314,38,0360,1116058.0,1116058.0,Sewer Fund,Department of Fleet and Facility Management,Repair Parts and Material,0.0,0.0
0314,67,0005,1386547.0,1386547.0,Sewer Fund,Department of Buildings,Salaries and Wages - on Payroll,0.0,0.0
0314,67,0012,3872.0,3872.0,Sewer Fund,Department of Buildings,Contract Wage Increment - Prevailing Rate,0.0,0.0
0314,67,0015,18171.0,18171.0,Sewer Fund,Department of Buildings,Schedule Salary Adjustments,0.0,0.0
0314,67,0020,35000.0,35000.0,Sewer Fund,Department of Buildings,Overtime,0.0,0.0
0314,67,0140,885000.0,885000.0,Sewer Fund,Department of Buildings,For Professional and Technical Services and Other Third Party Benefit Agreements,0.0,0.0
0314,67,0229,8000.0,8000.0,Sewer Fund,Department of Buildings,Transportation and Expense Allowance,0.0,0.0
0314,88,0005,58090031.0,58090031.0,Sewer Fund,Department of Water Management,Salaries and Wages - on Payroll,0.0,0.0
0314,88,0012,860295.0,860295.0,Sewer Fund,Department of Water Management,Contract Wage Increment - Prevailing Rate,0.0,0.0
0314,88,0015,48818.0,48818.0,Sewer Fund,Department of Water Management,Schedule Salary Adjustments,0.0,0.0
0314,88,0020,5556001.0,5556001.0,Sewer Fund,Department of Water Management,Overtime,0.0,0.0
0314,88,0091,50000.0,50000.0,Sewer Fund,Department of Water Management,Uniform Allowance,0.0,0.0
0314,88,0140,4262432.0,4262432.0,Sewer Fund,Department of Water Management,For Professional and Technical Services and Other Third Party Benefit Agreements,0.0,0.0
0314,88,0149,39493.0,39493.0,Sewer Fund,Department of Water Management,For Software Maintenance and Licensing,0.0,0.0
0314,88,0150,500.0,500.0,Sewer Fund,Department of Water Management,Publications and Reproduction - Outside Services.  To be Expended with the Prior Approval of Graphics Services,0.0,0.0
0314,88,0154,6924.0,6924.0,Sewer Fund,Department of Water Management,"For the Rental and Maintenance of Data Processing, Office Automation and Data Communications Hardware",0.0,0.0
0314,88,0157,1420305.0,1420305.0,Sewer Fund,Department of Water Management,Rental of Equipment and Services,0.0,0.0
0314,88,0160,26500.0,26500.0,Sewer Fund,Department of Water Management,Repair or Maintenance of Property,0.0,0.0
0314,88,0162,20500.0,20500.0,Sewer Fund,Department of Water Management,Repair/Maintenance of Equipment,0.0,0.0
0314,88,0166,25000.0,25000.0,Sewer Fund,Department of Water Management,"Dues, Subscriptions and Memberships",0.0,0.0
0314,88,0169,21930.0,21930.0,Sewer Fund,Department of Water Management,Technical Meeting Costs,0.0,0.0
0314,88,0185,3695793.0,3695793.0,Sewer Fund,Department of Water Management,Waste Disposal Services,0.0,0.0
0314,88,0229,79390.0,79390.0,Sewer Fund,Department of Water Management,Transportation and Expense Allowance,0.0,0.0
0314,88,0245,8000.0,8000.0,Sewer Fund,Department of Water Management,Reimbursement to Travelers,0.0,0.0
0314,88,0340,6899527.0,6899527.0,Sewer Fund,Department of Water Management,Material and Supplies,0.0,0.0
0314,88,0345,1500.0,1500.0,Sewer Fund,Department of Water Management,Apparatus and Instruments,0.0,0.0
0314,88,0348,1500.0,1500.0,Sewer Fund,Department of Water Management,Books and Related Material,0.0,0.0
0314,88,0350,6000.0,6000.0,Sewer Fund,Department of Water Management,Stationery and Office Supplies,0.0,0.0
0314,88,0401,25000.0,25000.0,Sewer Fund,Department of Water Management,Tools Less Than or Equal to $100/Unit,0.0,0.0
0314,88,0402,99673.0,99673.0,Sewer Fund,Department of Water Management,Tools Greater Than $100/Unit,0.0,0.0
0314,88,0424,3000.0,3000.0,Sewer Fund,Department of Water Management,Furniture and Furnishings,0.0,0.0
0314,88,0440,245923.0,245923.0,Sewer Fund,Department of Water Management,Machinery and Equipment,0.0,0.0
0314,88,0446,17500.0,17500.0,Sewer Fund,Department of Water Management,For the Purchase of IT and Data Communication Hardware,0.0,0.0
0314,88,0521,1500000.0,1500000.0,Sewer Fund,Department of Water Management,Maintenance and Construction,0.0,0.0
0314,88,9438,4750000.0,4750000.0,Sewer Fund,Department of Water Management,For Services Provided by the Department of Fleet and Facilities Management,0.0,0.0
0314,88,9481,7767702.0,7767702.0,Sewer Fund,Department of Water Management,For Services Provided by the Department of Streets and Sanitation,0.0,0.0
0314,99,0003,374934.0,374934.0,Sewer Fund,Finance General,Scheduled Wage Adjustments,0.0,0.0
0314,99,0029,1432204.0,1432204.0,Sewer Fund,Finance General,For Health Maintenance Organization Premiums (HMO) Provided to Eligible Employees and Their Families,0.0,0.0
0314,99,0042,5425989.0,5425989.0,Sewer Fund,Finance General,For the Costs of Claims and Administration for Hospital and Medical Care Provided to Eligible Employees  Provided However  That All Payments to the In...,0.0,0.0
0314,99,0045,51338.0,51338.0,Sewer Fund,Finance General,For the Cost of Claims and Administration or Premiums for Term Life Insurance,0.0,0.0
0314,99,0049,6694423.0,6694423.0,Sewer Fund,Finance General,Claims and Costs of Administration Pursuant to the Workers' Compensation Act,0.0,0.0
0314,99,0051,182992.0,182992.0,Sewer Fund,Finance General,Claims Under Unemployment Insurance Act,0.0,0.0
0314,99,0052,66740.0,66740.0,Sewer Fund,Finance General,Costs of Claims and Administration for Hospital and Medical Care to Eligible Annuitants and Their Eligible Dependents,0.0,0.0
0314,99,0056,245249.0,245249.0,Sewer Fund,Finance General,For the Cost of Claims and Administration or Premiums for a Co-Insured Dental Plan for Employees,0.0,0.0
0314,99,0070,30000.0,30000.0,Sewer Fund,Finance General,Tuition Reimbursement and Educational Programs,0.0,0.0
0314,99,0085,180996.0,180996.0,Sewer Fund,Finance General,City Deferred Compensation Contributions for Union Members,0.0,0.0
0314,99,0128,75000.0,75000.0,Sewer Fund,Finance General,Investigation Costs.  To Be Expended at the Direction of the Comptroller,0.0,0.0
0314,99,0130,288020.0,288020.0,Sewer Fund,Finance General,Postage,0.0,0.0
0314,99,0138,1665161.0,1665161.0,Sewer Fund,Finance General,For Professional Services for Information Technology Maintenance,0.0,0.0
0314,99,0139,1893869.0,1893869.0,Sewer Fund,Finance General,For Professional Services for Information Technology Development,0.0,0.0
0314,99,0140,1249783.0,1249783.0,Sewer Fund,Finance General,For Professional and Technical Services and Other Third Party Benefit Agreements,0.0,0.0
0314,99,0142,150000.0,150000.0,Sewer Fund,Finance General,Accounting and Auditing,0.0,0.0
0314,99,0149,25025.0,25025.0,Sewer Fund,Finance General,For Software Maintenance and Licensing,0.0,0.0
0314,99,0166,75000.0,75000.0,Sewer Fund,Finance General,"Dues, Subscriptions and Memberships",0.0,0.0
0314,99,0172,2625867.0,2625867.0,Sewer Fund,Finance General,For the Cost of Insurance Premiums and Expenses,0.0,0.0
0314,99,0902,85029061.0,85029061.0,Sewer Fund,Finance General,For Interest on Bonds,0.0,0.0
0314,99,0912,42147250.0,42147250.0,Sewer Fund,Finance General,For Payment of Bonds,0.0,0.0
0314,99,0931,383133.0,383133.0,Sewer Fund,Finance General,"For the Payment of Tort and Non-Tort Judgments, Outside Counsel Expenses and Expert Costs, as Approved by the Corporation Counsel",0.0,0.0
0314,99,0934,25000.0,25000.0,Sewer Fund,Finance General,Claims for Damages and Liabilities Against the City When Ordered Paid by the City Council,0.0,0.0
0314,99,0943,11505280.0,11505280.0,Sewer Fund,Finance General,For Interest on Loans,0.0,0.0
0314,99,0944,31996584.0,31996584.0,Sewer Fund,Finance General,For Payment on Loans,0.0,0.0
0314,99,0959,40900.0,40900.0,Sewer Fund,Finance General,For Bond Fees and Costs,0.0,0.0
0314,99,9027,14134.0,14134.0,Sewer Fund,Finance General,For the City Contribution to Social Security Tax,0.0,0.0
0314,99,9076,598267.0,598267.0,Sewer Fund,Finance General,City's Contribution to Medicare Tax,0.0,0.0
0314,99,9097,53242936.0,53242936.0,Sewer Fund,Finance General,For Capital Construction,0.0,0.0
0314,99,9148,350000.0,350000.0,Sewer Fund,Finance General,To Provide for Senior Citizens - Rebate of Sewer Services When Senior Occupies Multi-Family Residency or Condominium,0.0,0.0
0314,99,9611,36494617.0,36494617.0,Sewer Fund,Finance General,To Reimburse the Corporate Fund for Indirect Costs Chargeable to Fund,0.0,0.0
0314,99,9645,16343868.0,16343868.0,Sewer Fund,Finance General,To Reimburse the Corporate Fund for Indirect Pension Costs Chargeable to Fund,0.0,0.0
0314,99,9774,120000.0,120000.0,Sewer Fund,Finance General,Transfer for Services Provided by the Office of Emergency Management and Communication,0.0,0.0
0314,99,9980,14315755.0,14315755.0,Sewer Fund,Finance General,Municipal Fund Pension Allocation,0.0,0.0
0314,99,9981,14596113.0,14596113.0,Sewer Fund,Finance General,Laborers' Fund Pension Allocation,0.0,0.0
0314,99,9984,3012114.0,3012114.0,Sewer Fund,Finance General,Municipal Fund Advance Pension Payment,0.0,0.0
0314,99,9985,2378580.0,2378580.0,Sewer Fund,Finance General,Laborers' Fund Advance Pension Payment,0.0,0.0
0346,6,0181,60133.0,60133.0,Library Fund,Department of Technology and Innovation,Mobile Communication Services,0.0,0.0
0346,6,0188,46740.0,46740.0,Library Fund,Department of Technology and Innovation,Vehicle Tracking Service,0.0,0.0
0346,6,0189,7262.0,7262.0,Library Fund,Department of Technology and Innovation,Telephone - Non-Centrex Billings,0.0,0.0
0346,6,0190,68913.0,68913.0,Library Fund,Department of Technology and Innovation,Telephone - Centrex Billings,0.0,0.0
0346,6,0197,7982.0,7982.0,Library Fund,Department of Technology and Innovation,Telephone - Maintenance and Repair of Equipment and Voicemail,0.0,0.0
0346,38,0125,5937614.0,5937614.0,Library Fund,Department of Fleet and Facility Management,Office and Building Services,0.0,0.0
0346,38,0140,7624396.0,7624396.0,Library Fund,Department of Fleet and Facility Management,For Professional and Technical Services and Other Third Party Benefit Agreements,0.0,0.0
0346,38,0155,1910367.0,1910367.0,Library Fund,Department of Fleet and Facility Management,Rental of Property,0.0,0.0
0346,38,0159,28094.0,28094.0,Library Fund,Department of Fleet and Facility Management,Lease Purchase Agreements for Equipment and Machinery,0.0,0.0
0346,38,0160,1925000.0,1925000.0,Library Fund,Department of Fleet and Facility Management,Repair or Maintenance of Property,0.0,0.0
0346,38,0161,500000.0,500000.0,Library Fund,Department of Fleet and Facility Management,"Operation, Repair or Maintenance of Facilities",0.0,0.0
0346,38,0162,1066000.0,1066000.0,Library Fund,Department of Fleet and Facility Management,Repair/Maintenance of Equipment,0.0,0.0
0346,38,0176,14937.0,14937.0,Library Fund,Department of Fleet and Facility Management,Maintenance and Operation of City Owned Vehicles,0.0,0.0
0346,38,0313,338033.0,338033.0,Library Fund,Department of Fleet and Facility Management,Cleaning and Sanitation Supplies,0.0,0.0
0346,38,0315,25763.0,25763.0,Library Fund,Department of Fleet and Facility Management,Motor Vehicle Diesel Fuel,0.0,0.0
0346,38,0320,37422.0,37422.0,Library Fund,Department of Fleet and Facility Management,Gasoline,0.0,0.0
0346,38,0322,682737.0,682737.0,Library Fund,Department of Fleet and Facility Management,Natural Gas,0.0,0.0
0346,38,0331,5207295.0,5207295.0,Library Fund,Department of Fleet and Facility Management,Electricity,0.0,0.0
0346,38,0340,1534000.0,1534000.0,Library Fund,Department of Fleet and Facility Management,Material and Supplies,0.0,0.0
0346,38,0360,29205.0,29205.0,Library Fund,Department of Fleet and Facility Management,Repair Parts and Material,0.0,0.0
0346,91,0005,71306813.0,71306813.0,Library Fund,Chicago Public Library,Salaries and Wages - on Payroll,0.0,0.0
0346,91,0012,16731.0,16731.0,Library Fund,Chicago Public Library,Contract Wage Increment - Prevailing Rate,0.0,0.0
0346,91,0015,700193.0,700193.0,Library Fund,Chicago Public Library,Schedule Salary Adjustments,0.0,0.0
0346,91,0020,400000.0,400000.0,Library Fund,Chicago Public Library,Overtime,0.0,0.0
0346,91,0091,5500.0,5500.0,Library Fund,Chicago Public Library,Uniform Allowance,0.0,0.0
0346,91,0123,99582.0,99582.0,Library Fund,Chicago Public Library,For Services Provided by Performers and Exhibitors,0.0,0.0
0346,91,0130,22000.0,22000.0,Library Fund,Chicago Public Library,Postage,0.0,0.0
0346,91,0140,704581.0,704581.0,Library Fund,Chicago Public Library,For Professional and Technical Services and Other Third Party Benefit Agreements,0.0,0.0
0346,91,0149,1797079.0,1797079.0,Library Fund,Chicago Public Library,For Software Maintenance and Licensing,0.0,0.0
0346,91,0153,67500.0,67500.0,Library Fund,Chicago Public Library,Promotions,0.0,0.0
0346,91,0157,222233.0,222233.0,Library Fund,Chicago Public Library,Rental of Equipment and Services,0.0,0.0
0346,91,0162,645427.0,645427.0,Library Fund,Chicago Public Library,Repair/Maintenance of Equipment,0.0,0.0
0346,91,0164,41107.0,41107.0,Library Fund,Chicago Public Library,Bookbinding,0.0,0.0
0346,91,0165,13813.0,13813.0,Library Fund,Chicago Public Library,Graphic Design Services,0.0,0.0
0346,91,0166,209377.0,209377.0,Library Fund,Chicago Public Library,"Dues, Subscriptions and Memberships",0.0,0.0
0346,91,0168,10000.0,10000.0,Library Fund,Chicago Public Library,Educational Development through Cooperative Education Program and Apprenticeship Program,0.0,0.0
0346,91,0169,28000.0,28000.0,Library Fund,Chicago Public Library,Technical Meeting Costs,0.0,0.0
0346,91,0172,24000.0,24000.0,Library Fund,Chicago Public Library,For the Cost of Insurance Premiums and Expenses,0.0,0.0
0346,91,0178,2001.0,2001.0,Library Fund,Chicago Public Library,Freight and Express Charges,0.0,0.0
0346,91,0196,1110885.0,1110885.0,Library Fund,Chicago Public Library,Data Circuits,0.0,0.0
0346,91,0245,21250.0,21250.0,Library Fund,Chicago Public Library,Reimbursement to Travelers,0.0,0.0
0346,91,0340,112988.0,112988.0,Library Fund,Chicago Public Library,Material and Supplies,0.0,0.0
0346,91,0350,560291.0,560291.0,Library Fund,Chicago Public Library,Stationery and Office Supplies,0.0,0.0
0346,91,0361,1312.0,1312.0,Library Fund,Chicago Public Library,Building Materials and Supplies,0.0,0.0
0346,91,0365,1220.0,1220.0,Library Fund,Chicago Public Library,Electrical Supplies,0.0,0.0
0346,91,0410,96000.0,96000.0,Library Fund,Chicago Public Library,Equipment for Buildings,0.0,0.0
0346,91,0420,375000.0,375000.0,Library Fund,Chicago Public Library,Furniture and Fixtures,0.0,0.0
0346,91,0446,209972.0,209972.0,Library Fund,Chicago Public Library,For the Purchase of IT and Data Communication Hardware,0.0,0.0
0346,91,9199,10000000.0,10000000.0,Library Fund,Chicago Public Library,For Purchase of Chicago Public Library Books and Materials,0.0,0.0
0346,91,9438,20000.0,20000.0,Library Fund,Chicago Public Library,For Services Provided by the Department of Fleet and Facilities Management,0.0,0.0
0346,99,0003,570806.0,570806.0,Library Fund,Finance General,Scheduled Wage Adjustments,0.0,0.0
0346,99,0029,2278085.0,2278085.0,Library Fund,Finance General,For Health Maintenance Organization Premiums (HMO) Provided to Eligible Employees and Their Families,0.0,0.0
0346,99,0042,8630656.0,8630656.0,Library Fund,Finance General,For the Costs of Claims and Administration for Hospital and Medical Care Provided to Eligible Employees  Provided However  That All Payments to the In...,0.0,0.0
0346,99,0045,81659.0,81659.0,Library Fund,Finance General,For the Cost of Claims and Administration or Premiums for Term Life Insurance,0.0,0.0
0346,99,0049,605880.0,605880.0,Library Fund,Finance General,Claims and Costs of Administration Pursuant to the Workers' Compensation Act,0.0,0.0
0346,99,0051,261417.0,261417.0,Library Fund,Finance General,Claims Under Unemployment Insurance Act,0.0,0.0
0346,99,0052,106157.0,106157.0,Library Fund,Finance General,Costs of Claims and Administration for Hospital and Medical Care to Eligible Annuitants and Their Eligible Dependents,0.0,0.0
0346,99,0056,390097.0,390097.0,Library Fund,Finance General,For the Cost of Claims and Administration or Premiums for a Co-Insured Dental Plan for Employees,0.0,0.0
0346,99,0070,150000.0,150000.0,Library Fund,Finance General,Tuition Reimbursement and Educational Programs,0.0,0.0
0346,99,0085,176902.0,176902.0,Library Fund,Finance General,City Deferred Compensation Contributions for Union Members,0.0,0.0
0346,99,0138,7941.0,7941.0,Library Fund,Finance General,For Professional Services for Information Technology Maintenance,0.0,0.0
0346,99,0139,0.0,0.0,Library Fund,Finance General,IT DEVELOPMENT,0.0,0.0
0346,99,0140,327199.0,327199.0,Library Fund,Finance General,For Professional and Technical Services and Other Third Party Benefit Agreements,0.0,0.0
0346,99,0142,110000.0,110000.0,Library Fund,Finance General,Accounting and Auditing,0.0,0.0
0346,99,0450,160000.0,160000.0,Library Fund,Finance General,Vehicles,0.0,0.0
0346,99,0955,2200000.0,2200000.0,Library Fund,Finance General,Interest on Library Financing,0.0,0.0
0346,99,9027,20682.0,20682.0,Library Fund,Finance General,For the City Contribution to Social Security Tax,0.0,0.0
0346,99,9076,875431.0,875431.0,Library Fund,Finance General,City's Contribution to Medicare Tax,0.0,0.0
0346,99,9112,10374209.0,10374209.0,Library Fund,Finance General,Property Maintenance Contract for the Harold Washington Library Center,0.0,0.0
0346,99,9980,4692000.0,4692000.0,Library Fund,Finance General,Municipal Fund Pension Allocation,0.0,0.0
0353,51,0005,13280564.0,13274780.0,Emergency Communication Fund,Office of Public Safety Administration,Salaries and Wages - on Payroll,5784.0,0.04357134355522276
0353,51,0012,166477.0,166477.0,Emergency Communication Fund,Office of Public Safety Administration,Contract Wage Increment - Prevailing Rate,0.0,0.0
0353,51,0015,22833.0,22833.0,Emergency Communication Fund,Office of Public Safety Administration,Schedule Salary Adjustments,0.0,0.0
0353,51,0020,683024.0,683024.0,Emergency Communication Fund,Office of Public Safety Administration,Overtime,0.0,0.0
0353,51,0138,3519892.0,13810225.0,Emergency Communication Fund,Office of Public Safety Administration,For Professional Services for Information Technology Maintenance,-10290333.0,-74.51242105034494
0353,51,0139,6106139.0,14000000.0,Emergency Communication Fund,Office of Public Safety Administration,For Professional Services for Information Technology Development,-7893861.0,-56.384721428571424
0353,51,0140,3474000.0,3474000.0,Emergency Communication Fund,Office of Public Safety Administration,For Professional and Technical Services and Other Third Party Benefit Agreements,0.0,0.0
0353,51,0142,0.0,75000.0,Emergency Communication Fund,Office of Public Safety Administration,ACCOUNTING AND AUDITING,-75000.0,-100.0
0353,51,0149,8975000.0,8975000.0,Emergency Communication Fund,Office of Public Safety Administration,For Software Maintenance and Licensing,0.0,0.0
0353,51,0154,2000.0,2000.0,Emergency Communication Fund,Office of Public Safety Administration,"For the Rental and Maintenance of Data Processing, Office Automation and Data Communications Hardware",0.0,0.0
0353,51,0157,845772.0,845772.0,Emergency Communication Fund,Office of Public Safety Administration,Rental of Equipment and Services,0.0,0.0
0353,51,0162,1345699.0,3371699.0,Emergency Communication Fund,Office of Public Safety Administration,Repair/Maintenance of Equipment,-2026000.0,-60.08840053634681
0353,51,0166,9000.0,9000.0,Emergency Communication Fund,Office of Public Safety Administration,"Dues, Subscriptions and Memberships",0.0,0.0
0353,51,0169,18000.0,18000.0,Emergency Communication Fund,Office of Public Safety Administration,Technical Meeting Costs,0.0,0.0
0353,51,0181,5525704.0,5525704.0,Emergency Communication Fund,Office of Public Safety Administration,Mobile Communication Services,0.0,0.0
0353,51,0189,2639000.0,2639000.0,Emergency Communication Fund,Office of Public Safety Administration,Telephone - Non-Centrex Billings,0.0,0.0
0353,51,0190,425000.0,425000.0,Emergency Communication Fund,Office of Public Safety Administration,Telephone - Centrex Billings,0.0,0.0
0353,51,0196,1546000.0,1761000.0,Emergency Communication Fund,Office of Public Safety Administration,Data Circuits,-215000.0,-12.208972174900625
0353,51,0197,3835000.0,5835000.0,Emergency Communication Fund,Office of Public Safety Administration,Telephone - Maintenance and Repair of Equipment and Voicemail,-2000000.0,-34.27592116538132
0353,51,0229,90000.0,90000.0,Emergency Communication Fund,Office of Public Safety Administration,Transportation and Expense Allowance,0.0,0.0
0353,51,0245,20000.0,20000.0,Emergency Communication Fund,Office of Public Safety Administration,Reimbursement to Travelers,0.0,0.0
0353,51,0330,6000.0,6000.0,Emergency Communication Fund,Office of Public Safety Administration,Food,0.0,0.0
0353,51,0340,514836.0,514836.0,Emergency Communication Fund,Office of Public Safety Administration,Material and Supplies,0.0,0.0
0353,51,0350,21700.0,21700.0,Emergency Communication Fund,Office of Public Safety Administration,Stationery and Office Supplies,0.0,0.0
0353,51,0360,365100.0,3095100.0,Emergency Communication Fund,Office of Public Safety Administration,Repair Parts and Material,-2730000.0,-88.20393525249588
0353,51,0365,115000.0,115000.0,Emergency Communication Fund,Office of Public Safety Administration,Electrical Supplies,0.0,0.0
0353,51,0401,43200.0,43200.0,Emergency Communication Fund,Office of Public Safety Administration,Tools Less Than or Equal to $100/Unit,0.0,0.0
0353,51,0423,33925.0,33925.0,Emergency Communication Fund,Office of Public Safety Administration,Communication Devices,0.0,0.0
0353,51,9295,727000.0,727000.0,Emergency Communication Fund,Office of Public Safety Administration,Consent Decree,0.0,0.0
0353,58,0005,53403233.0,53901323.0,Emergency Communication Fund,Office of Emergency Management and Communications,Salaries and Wages - on Payroll,-498090.0,-0.9240775036263952
0353,58,0011,118778.0,118778.0,Emergency Communication Fund,Office of Emergency Management and Communications,Contract Wage Increment - Salary,0.0,0.0
0353,58,0012,36553.0,36553.0,Emergency Communication Fund,Office of Emergency Management and Communications,Contract Wage Increment - Prevailing Rate,0.0,0.0
0353,58,0015,559877.0,559877.0,Emergency Communication Fund,Office of Emergency Management and Communications,Schedule Salary Adjustments,0.0,0.0
0353,58,0020,5670000.0,5670000.0,Emergency Communication Fund,Office of Emergency Management and Communications,Overtime,0.0,0.0
0353,58,0091,271700.0,271700.0,Emergency Communication Fund,Office of Emergency Management and Communications,Uniform Allowance,0.0,0.0
0353,58,0125,0.0,1777500.0,Emergency Communication Fund,Office of Emergency Management and Communications,OFFICE AND BUILDING SERVICES,-1777500.0,-100.0
0353,58,0138,95000.0,95000.0,Emergency Communication Fund,Office of Emergency Management and Communications,For Professional Services for Information Technology Maintenance,0.0,0.0
0353,58,0140,3193008.0,3193008.0,Emergency Communication Fund,Office of Emergency Management and Communications,For Professional and Technical Services and Other Third Party Benefit Agreements,0.0,0.0
0353,58,0166,20670.0,20670.0,Emergency Communication Fund,Office of Emergency Management and Communications,"Dues, Subscriptions and Memberships",0.0,0.0
0353,58,0245,13000.0,13000.0,Emergency Communication Fund,Office of Emergency Management and Communications,Reimbursement to Travelers,0.0,0.0
0353,58,0319,77000.0,77000.0,Emergency Communication Fund,Office of Emergency Management and Communications,Clothing,0.0,0.0
0353,58,0340,83000.0,83000.0,Emergency Communication Fund,Office of Emergency Management and Communications,Material and Supplies,0.0,0.0
0353,58,0350,3000.0,3000.0,Emergency Communication Fund,Office of Emergency Management and Communications,Stationery and Office Supplies,0.0,0.0
0353,58,9295,20000.0,20000.0,Emergency Communication Fund,Office of Emergency Management and Communications,Consent Decree,0.0,0.0
0353,99,0003,504359.0,504359.0,Emergency Communication Fund,Finance General,Scheduled Wage Adjustments,0.0,0.0
0353,99,0029,1936017.0,1936017.0,Emergency Communication Fund,Finance General,For Health Maintenance Organization Premiums (HMO) Provided to Eligible Employees and Their Families,0.0,0.0
0353,99,0042,7334712.0,7334712.0,Emergency Communication Fund,Finance General,For the Costs of Claims and Administration for Hospital and Medical Care Provided to Eligible Employees  Provided However  That All Payments to the In...,0.0,0.0
0353,99,0045,69398.0,69398.0,Emergency Communication Fund,Finance General,For the Cost of Claims and Administration or Premiums for Term Life Insurance,0.0,0.0
0353,99,0051,15816.0,15816.0,Emergency Communication Fund,Finance General,Claims Under Unemployment Insurance Act,0.0,0.0
0353,99,0052,90217.0,90217.0,Emergency Communication Fund,Finance General,Costs of Claims and Administration for Hospital and Medical Care to Eligible Annuitants and Their Eligible Dependents,0.0,0.0
0353,99,0056,331522.0,331522.0,Emergency Communication Fund,Finance General,For the Cost of Claims and Administration or Premiums for a Co-Insured Dental Plan for Employees,0.0,0.0
0353,99,0085,221014.0,221014.0,Emergency Communication Fund,Finance General,City Deferred Compensation Contributions for Union Members,0.0,0.0
0353,99,0138,2311671.0,2311671.0,Emergency Communication Fund,Finance General,For Professional Services for Information Technology Maintenance,0.0,0.0
0353,99,0139,98616.0,98616.0,Emergency Communication Fund,Finance General,For Professional Services for Information Technology Development,0.0,0.0
0353,99,0140,2187.0,2187.0,Emergency Communication Fund,Finance General,For Professional and Technical Services and Other Third Party Benefit Agreements,0.0,0.0
0353,99,0991,148000.0,148000.0,Emergency Communication Fund,Finance General,To Provide for Matching and Supplementary Grant Funds Currently in Effect as Well as New Grants,0.0,0.0
0353,99,9611,10071862.0,10071862.0,Emergency Communication Fund,Finance General,To Reimburse the Corporate Fund for Indirect Costs Chargeable to Fund,0.0,0.0
0353,99,9980,22412889.0,22412889.0,Emergency Communication Fund,Finance General,Municipal Fund Pension Allocation,0.0,0.0
0353,99,9984,4991449.0,4991449.0,Emergency Communication Fund,Finance General,Municipal Fund Advance Pension Payment,0.0,0.0
0355,1,0005,457161.0,457161.0,Special Events and Municipal Hotel Operators' Occupation Tax Fund,Office of the Mayor,Salaries and Wages - on Payroll,0.0,0.0
0355,6,0181,5971.0,5971.0,Special Events and Municipal Hotel Operators' Occupation Tax Fund,Department of Technology and Innovation,Mobile Communication Services,0.0,0.0
0355,6,0188,4641.0,4641.0,Special Events and Municipal Hotel Operators' Occupation Tax Fund,Department of Technology and Innovation,Vehicle Tracking Service,0.0,0.0
0355,6,0189,721.0,721.0,Special Events and Municipal Hotel Operators' Occupation Tax Fund,Department of Technology and Innovation,Telephone - Non-Centrex Billings,0.0,0.0
0355,6,0190,6843.0,6843.0,Special Events and Municipal Hotel Operators' Occupation Tax Fund,Department of Technology and Innovation,Telephone - Centrex Billings,0.0,0.0
0355,6,0197,793.0,793.0,Special Events and Municipal Hotel Operators' Occupation Tax Fund,Department of Technology and Innovation,Telephone - Maintenance and Repair of Equipment and Voicemail,0.0,0.0
0355,15,0000,201112.0,201112.0,Special Events and Municipal Hotel Operators' Occupation Tax Fund,City Council,Personnel Services,0.0,0.0
0355,15,0300,3720.0,3720.0,Special Events and Municipal Hotel Operators' Occupation Tax Fund,City Council,Commodities and Materials,0.0,0.0
0355,23,0005,7597734.0,7597734.0,Special Events and Municipal Hotel Operators' Occupation Tax Fund,Department of Cultural Affairs and Special Events,Salaries and Wages - on Payroll,0.0,0.0
0355,23,0015,144343.0,144343.0,Special Events and Municipal Hotel Operators' Occupation Tax Fund,Department of Cultural Affairs and Special Events,Schedule Salary Adjustments,0.0,0.0
0355,23,0039,175000.0,175000.0,Special Events and Municipal Hotel Operators' Occupation Tax Fund,Department of Cultural Affairs and Special Events,For the Employment of Students as Trainees,0.0,0.0
0355,23,0125,30000.0,30000.0,Special Events and Municipal Hotel Operators' Occupation Tax Fund,Department of Cultural Affairs and Special Events,Office and Building Services,0.0,0.0
0355,23,0130,25000.0,25000.0,Special Events and Municipal Hotel Operators' Occupation Tax Fund,Department of Cultural Affairs and Special Events,Postage,0.0,0.0
0355,23,0138,136000.0,136000.0,Special Events and Municipal Hotel Operators' Occupation Tax Fund,Department of Cultural Affairs and Special Events,For Professional Services for Information Technology Maintenance,0.0,0.0
0355,23,0140,4769590.0,4769590.0,Special Events and Municipal Hotel Operators' Occupation Tax Fund,Department of Cultural Affairs and Special Events,For Professional and Technical Services and Other Third Party Benefit Agreements,0.0,0.0
0355,23,0150,76000.0,76000.0,Special Events and Municipal Hotel Operators' Occupation Tax Fund,Department of Cultural Affairs and Special Events,Publications and Reproduction - Outside Services.  To be Expended with the Prior Approval of Graphics Services,0.0,0.0
0355,23,0152,189000.0,189000.0,Special Events and Municipal Hotel Operators' Occupation Tax Fund,Department of Cultural Affairs and Special Events,Advertising,0.0,0.0
0355,23,0153,12000.0,12000.0,Special Events and Municipal Hotel Operators' Occupation Tax Fund,Department of Cultural Affairs and Special Events,Promotions,0.0,0.0
0355,23,0159,19032.0,19032.0,Special Events and Municipal Hotel Operators' Occupation Tax Fund,Department of Cultural Affairs and Special Events,Lease Purchase Agreements for Equipment and Machinery,0.0,0.0
0355,23,0161,100000.0,100000.0,Special Events and Municipal Hotel Operators' Occupation Tax Fund,Department of Cultural Affairs and Special Events,"Operation, Repair or Maintenance of Facilities",0.0,0.0
0355,23,0166,74000.0,74000.0,Special Events and Municipal Hotel Operators' Occupation Tax Fund,Department of Cultural Affairs and Special Events,"Dues, Subscriptions and Memberships",0.0,0.0
0355,23,0172,516610.0,516610.0,Special Events and Municipal Hotel Operators' Occupation Tax Fund,Department of Cultural Affairs and Special Events,For the Cost of Insurance Premiums and Expenses,0.0,0.0
0355,23,0229,4500.0,4500.0,Special Events and Municipal Hotel Operators' Occupation Tax Fund,Department of Cultural Affairs and Special Events,Transportation and Expense Allowance,0.0,0.0
0355,23,0245,10000.0,10000.0,Special Events and Municipal Hotel Operators' Occupation Tax Fund,Department of Cultural Affairs and Special Events,Reimbursement to Travelers,0.0,0.0
0355,23,0340,30000.0,30000.0,Special Events and Municipal Hotel Operators' Occupation Tax Fund,Department of Cultural Affairs and Special Events,Material and Supplies,0.0,0.0
0355,23,0350,30000.0,30000.0,Special Events and Municipal Hotel Operators' Occupation Tax Fund,Department of Cultural Affairs and Special Events,Stationery and Office Supplies,0.0,0.0
0355,23,9188,3830000.0,3830000.0,Special Events and Municipal Hotel Operators' Occupation Tax Fund,Department of Cultural Affairs and Special Events,For Expenses Related to the Operation of Millennium Park,0.0,0.0
0355,23,9219,2575000.0,2575000.0,Special Events and Municipal Hotel Operators' Occupation Tax Fund,Department of Cultural Affairs and Special Events,Implementation of Cultural Plan,0.0,0.0
0355,23,9225,7000000.0,7000000.0,Special Events and Municipal Hotel Operators' Occupation Tax Fund,Department of Cultural Affairs and Special Events,Arts and Cultural Initiatives,0.0,0.0
0355,23,9288,265500.0,265500.0,Special Events and Municipal Hotel Operators' Occupation Tax Fund,Department of Cultural Affairs and Special Events,For Expenses Related to Programming for Millennium Park,0.0,0.0
0355,23,9803,1976296.0,1976296.0,Special Events and Municipal Hotel Operators' Occupation Tax Fund,Department of Cultural Affairs and Special Events,For Programming and Marketing,0.0,0.0
0355,23,9805,11312900.0,11312900.0,Special Events and Municipal Hotel Operators' Occupation Tax Fund,Department of Cultural Affairs and Special Events,For Festival Production,0.0,0.0
0355,23,9807,2600000.0,2600000.0,Special Events and Municipal Hotel Operators' Occupation Tax Fund,Department of Cultural Affairs and Special Events,For Redemption Expenses,0.0,0.0
0355,23,9813,793720.0,793720.0,Special Events and Municipal Hotel Operators' Occupation Tax Fund,Department of Cultural Affairs and Special Events,For Local Promotions and Marketing,0.0,0.0
0355,38,9188,9802884.0,9802884.0,Special Events and Municipal Hotel Operators' Occupation Tax Fund,Department of Fleet and Facility Management,For Expenses Related to the Operation of Millennium Park,0.0,0.0
0355,99,0003,265757.0,265757.0,Special Events and Municipal Hotel Operators' Occupation Tax Fund,Finance General,Scheduled Wage Adjustments,0.0,0.0
0355,99,0029,236060.0,236060.0,Special Events and Municipal Hotel Operators' Occupation Tax Fund,Finance General,For Health Maintenance Organization Premiums (HMO) Provided to Eligible Employees and Their Families,0.0,0.0
0355,99,0042,894326.0,894326.0,Special Events and Municipal Hotel Operators' Occupation Tax Fund,Finance General,For the Costs of Claims and Administration for Hospital and Medical Care Provided to Eligible Employees  Provided However  That All Payments to the In...,0.0,0.0
0355,99,0045,8462.0,8462.0,Special Events and Municipal Hotel Operators' Occupation Tax Fund,Finance General,For the Cost of Claims and Administration or Premiums for Term Life Insurance,0.0,0.0
0355,99,0049,60588.0,60588.0,Special Events and Municipal Hotel Operators' Occupation Tax Fund,Finance General,Claims and Costs of Administration Pursuant to the Workers' Compensation Act,0.0,0.0
0355,99,0051,29877.0,29877.0,Special Events and Municipal Hotel Operators' Occupation Tax Fund,Finance General,Claims Under Unemployment Insurance Act,0.0,0.0
0355,99,0052,11000.0,11000.0,Special Events and Municipal Hotel Operators' Occupation Tax Fund,Finance General,Costs of Claims and Administration for Hospital and Medical Care to Eligible Annuitants and Their Eligible Dependents,0.0,0.0
0355,99,0056,40423.0,40423.0,Special Events and Municipal Hotel Operators' Occupation Tax Fund,Finance General,For the Cost of Claims and Administration or Premiums for a Co-Insured Dental Plan for Employees,0.0,0.0
0355,99,0085,246096.0,246096.0,Special Events and Municipal Hotel Operators' Occupation Tax Fund,Finance General,City Deferred Compensation Contributions for Union Members,0.0,0.0
0355,99,0140,767053.0,767053.0,Special Events and Municipal Hotel Operators' Occupation Tax Fund,Finance General,For Professional and Technical Services and Other Third Party Benefit Agreements,0.0,0.0
0355,99,0991,2540000.0,2540000.0,Special Events and Municipal Hotel Operators' Occupation Tax Fund,Finance General,To Provide for Matching and Supplementary Grant Funds Currently in Effect as Well as New Grants,0.0,0.0
0355,99,9027,2076.0,2076.0,Special Events and Municipal Hotel Operators' Occupation Tax Fund,Finance General,For the City Contribution to Social Security Tax,0.0,0.0
0355,99,9076,8788.0,8788.0,Special Events and Municipal Hotel Operators' Occupation Tax Fund,Finance General,City's Contribution to Medicare Tax,0.0,0.0
0355,99,9610,2804977.0,2804977.0,Special Events and Municipal Hotel Operators' Occupation Tax Fund,Finance General,To Reimburse Corporate Fund for Pension Payments,0.0,0.0
0355,99,9611,7191498.0,7191498.0,Special Events and Municipal Hotel Operators' Occupation Tax Fund,Finance General,To Reimburse the Corporate Fund for Indirect Costs Chargeable to Fund,0.0,0.0
0355,99,9771,134400.0,134400.0,Special Events and Municipal Hotel Operators' Occupation Tax Fund,Finance General,"Transfer for Services Provided by the Department of Assets, Information, and Services",0.0,0.0
0355,99,9773,120000.0,120000.0,Special Events and Municipal Hotel Operators' Occupation Tax Fund,Finance General,Transfer for Services Provided by the Department of Police,0.0,0.0
0355,99,9774,34800.0,34800.0,Special Events and Municipal Hotel Operators' Occupation Tax Fund,Finance General,Transfer for Services Provided by the Office of Emergency Management and Communication,0.0,0.0
0355,99,9775,21000.0,21000.0,Special Events and Municipal Hotel Operators' Occupation Tax Fund,Finance General,Transfer for Services Provided by the Fire Department,0.0,0.0
0355,99,9776,9000.0,9000.0,Special Events and Municipal Hotel Operators' Occupation Tax Fund,Finance General,Transfer for Services Provided by the Department of Streets and Sanitation,0.0,0.0
0355,99,9778,35000.0,35000.0,Special Events and Municipal Hotel Operators' Occupation Tax Fund,Finance General,Transfer for Services Provided by the Chicago Department of Aviation,0.0,0.0
0510,99,0902,303174801.0,303174801.0,Bond Redemption and Interest Series Fund,Finance General,For Interest on Bonds,0.0,0.0
0510,99,0912,103560548.0,156707000.0,Bond Redemption and Interest Series Fund,Finance General,For Payment of Bonds,-53146452.0,-33.914536044975655
0510,99,0960,10918000.0,10918000.0,Bond Redemption and Interest Series Fund,Finance General,For Loss in Collection of Taxes,0.0,0.0
0521,99,0960,4881000.0,4881000.0,"Library Note Redemption and Interest Tender Notes Series ""B"" Fund",Finance General,For Loss in Collection of Taxes,0.0,0.0
0521,99,0961,117145000.0,117145000.0,"Library Note Redemption and Interest Tender Notes Series ""B"" Fund",Finance General,For Payment of Term Notes,0.0,0.0
0610,3,0005,221300.0,221300.0,Chicago Midway Airport Fund,Office of Inspector General,Salaries and Wages - on Payroll,0.0,0.0
0610,3,0015,9322.0,9322.0,Chicago Midway Airport Fund,Office of Inspector General,Schedule Salary Adjustments,0.0,0.0
0610,3,0130,51.0,51.0,Chicago Midway Airport Fund,Office of Inspector General,Postage,0.0,0.0
0610,3,0140,827.0,827.0,Chicago Midway Airport Fund,Office of Inspector General,For Professional and Technical Services and Other Third Party Benefit Agreements,0.0,0.0
0610,3,0143,6538.0,6538.0,Chicago Midway Airport Fund,Office of Inspector General,Court Reporting,0.0,0.0
0610,3,0149,14006.0,14006.0,Chicago Midway Airport Fund,Office of Inspector General,For Software Maintenance and Licensing,0.0,0.0
0610,3,0157,5015.0,5015.0,Chicago Midway Airport Fund,Office of Inspector General,Rental of Equipment and Services,0.0,0.0
0610,3,0159,254.0,254.0,Chicago Midway Airport Fund,Office of Inspector General,Lease Purchase Agreements for Equipment and Machinery,0.0,0.0
0610,3,0166,820.0,820.0,Chicago Midway Airport Fund,Office of Inspector General,"Dues, Subscriptions and Memberships",0.0,0.0
0610,3,0169,6358.0,6358.0,Chicago Midway Airport Fund,Office of Inspector General,Technical Meeting Costs,0.0,0.0
0610,3,0181,816.0,816.0,Chicago Midway Airport Fund,Office of Inspector General,Mobile Communication Services,0.0,0.0
0610,3,0189,1969.0,1969.0,Chicago Midway Airport Fund,Office of Inspector General,Telephone - Non-Centrex Billings,0.0,0.0
0610,3,0245,895.0,895.0,Chicago Midway Airport Fund,Office of Inspector General,Reimbursement to Travelers,0.0,0.0
0610,3,0270,130.0,130.0,Chicago Midway Airport Fund,Office of Inspector General,Local Transportation,0.0,0.0
0610,3,0320,259.0,259.0,Chicago Midway Airport Fund,Office of Inspector General,Gasoline,0.0,0.0
0610,3,0340,105.0,105.0,Chicago Midway Airport Fund,Office of Inspector General,Material and Supplies,0.0,0.0
0610,3,0348,22.0,22.0,Chicago Midway Airport Fund,Office of Inspector General,Books and Related Material,0.0,0.0
0610,3,0350,360.0,360.0,Chicago Midway Airport Fund,Office of Inspector General,Stationery and Office Supplies,0.0,0.0
0610,6,0188,27848.0,27848.0,Chicago Midway Airport Fund,Department of Technology and Innovation,Vehicle Tracking Service,0.0,0.0
0610,6,0190,41058.0,41058.0,Chicago Midway Airport Fund,Department of Technology and Innovation,Telephone - Centrex Billings,0.0,0.0
0610,27,0005,197054.0,197054.0,Chicago Midway Airport Fund,Department of Finance,Salaries and Wages - on Payroll,0.0,0.0
0610,27,0015,2556.0,2556.0,Chicago Midway Airport Fund,Department of Finance,Schedule Salary Adjustments,0.0,0.0
0610,27,0020,500.0,500.0,Chicago Midway Airport Fund,Department of Finance,Overtime,0.0,0.0
0610,27,0039,6500.0,6500.0,Chicago Midway Airport Fund,Department of Finance,For the Employment of Students as Trainees,0.0,0.0
0610,27,0140,26000.0,26000.0,Chicago Midway Airport Fund,Department of Finance,For Professional and Technical Services and Other Third Party Benefit Agreements,0.0,0.0
0610,27,0142,15000.0,15000.0,Chicago Midway Airport Fund,Department of Finance,Accounting and Auditing,0.0,0.0
0610,27,0149,7245.0,7245.0,Chicago Midway Airport Fund,Department of Finance,For Software Maintenance and Licensing,0.0,0.0
0610,27,0166,350.0,350.0,Chicago Midway Airport Fund,Department of Finance,"Dues, Subscriptions and Memberships",0.0,0.0
0610,27,0169,420.0,420.0,Chicago Midway Airport Fund,Department of Finance,Technical Meeting Costs,0.0,0.0
0610,27,0270,420.0,420.0,Chicago Midway Airport Fund,Department of Finance,Local Transportation,0.0,0.0
0610,27,0350,500.0,500.0,Chicago Midway Airport Fund,Department of Finance,Stationery and Office Supplies,0.0,0.0
0610,28,0005,261590.0,261590.0,Chicago Midway Airport Fund,City Treasurer's Office,Salaries and Wages - on Payroll,0.0,0.0
0610,28,0015,5942.0,5942.0,Chicago Midway Airport Fund,City Treasurer's Office,Schedule Salary Adjustments,0.0,0.0
0610,28,0138,78084.0,78084.0,Chicago Midway Airport Fund,City Treasurer's Office,For Professional Services for Information Technology Maintenance,0.0,0.0
0610,28,0140,97943.0,97943.0,Chicago Midway Airport Fund,City Treasurer's Office,For Professional and Technical Services and Other Third Party Benefit Agreements,0.0,0.0
0610,31,0005,420729.0,420729.0,Chicago Midway Airport Fund,Department of Law,Salaries and Wages - on Payroll,0.0,0.0
0610,31,0015,6409.0,6409.0,Chicago Midway Airport Fund,Department of Law,Schedule Salary Adjustments,0.0,0.0
0610,31,0130,3297.0,3297.0,Chicago Midway Airport Fund,Department of Law,Postage,0.0,0.0
0610,31,0138,1800.0,1800.0,Chicago Midway Airport Fund,Department of Law,For Professional Services for Information Technology Maintenance,0.0,0.0
0610,31,0140,18300.0,18300.0,Chicago Midway Airport Fund,Department of Law,For Professional and Technical Services and Other Third Party Benefit Agreements,0.0,0.0
0610,31,0141,1200.0,1200.0,Chicago Midway Airport Fund,Department of Law,Appraisals,0.0,0.0
0610,31,0143,7000.0,7000.0,Chicago Midway Airport Fund,Department of Law,Court Reporting,0.0,0.0
0610,31,0145,3700.0,3700.0,Chicago Midway Airport Fund,Department of Law,Legal Expenses,0.0,0.0
0610,31,0149,21843.0,21843.0,Chicago Midway Airport Fund,Department of Law,For Software Maintenance and Licensing,0.0,0.0
0610,31,0150,1000.0,1000.0,Chicago Midway Airport Fund,Department of Law,Publications and Reproduction - Outside Services.  To be Expended with the Prior Approval of Graphics Services,0.0,0.0
0610,31,0157,725.0,725.0,Chicago Midway Airport Fund,Department of Law,Rental of Equipment and Services,0.0,0.0
0610,31,0159,5760.0,5760.0,Chicago Midway Airport Fund,Department of Law,Lease Purchase Agreements for Equipment and Machinery,0.0,0.0
0610,31,0162,100.0,100.0,Chicago Midway Airport Fund,Department of Law,Repair/Maintenance of Equipment,0.0,0.0
0610,31,0166,2400.0,2400.0,Chicago Midway Airport Fund,Department of Law,"Dues, Subscriptions and Memberships",0.0,0.0
0610,31,0169,6000.0,6000.0,Chicago Midway Airport Fund,Department of Law,Technical Meeting Costs,0.0,0.0
0610,31,0178,496.0,496.0,Chicago Midway Airport Fund,Department of Law,Freight and Express Charges,0.0,0.0
0610,31,0229,300.0,300.0,Chicago Midway Airport Fund,Department of Law,Transportation and Expense Allowance,0.0,0.0
0610,31,0245,4200.0,4200.0,Chicago Midway Airport Fund,Department of Law,Reimbursement to Travelers,0.0,0.0
0610,31,0270,1000.0,1000.0,Chicago Midway Airport Fund,Department of Law,Local Transportation,0.0,0.0
0610,31,0348,150.0,150.0,Chicago Midway Airport Fund,Department of Law,Books and Related Material,0.0,0.0
0610,31,0350,4127.0,4127.0,Chicago Midway Airport Fund,Department of Law,Stationery and Office Supplies,0.0,0.0
0610,31,9438,863.0,863.0,Chicago Midway Airport Fund,Department of Law,For Services Provided by the Department of Fleet and Facilities Management,0.0,0.0
0610,33,0005,133313.0,133313.0,Chicago Midway Airport Fund,Department of Human Resources,Salaries and Wages - on Payroll,0.0,0.0
0610,35,0005,412636.0,412636.0,Chicago Midway Airport Fund,Department of Procurement Services,Salaries and Wages - on Payroll,0.0,0.0
0610,35,0015,2070.0,2070.0,Chicago Midway Airport Fund,Department of Procurement Services,Schedule Salary Adjustments,0.0,0.0
0610,35,0140,10000.0,10000.0,Chicago Midway Airport Fund,Department of Procurement Services,For Professional and Technical Services and Other Third Party Benefit Agreements,0.0,0.0
0610,35,0350,200.0,200.0,Chicago Midway Airport Fund,Department of Procurement Services,Stationery and Office Supplies,0.0,0.0
0610,38,0005,1608013.0,1608013.0,Chicago Midway Airport Fund,Department of Fleet and Facility Management,Salaries and Wages - on Payroll,0.0,0.0
0610,38,0012,22534.0,22534.0,Chicago Midway Airport Fund,Department of Fleet and Facility Management,Contract Wage Increment - Prevailing Rate,0.0,0.0
0610,38,0015,2070.0,2070.0,Chicago Midway Airport Fund,Department of Fleet and Facility Management,Schedule Salary Adjustments,0.0,0.0
0610,38,0020,340285.0,340285.0,Chicago Midway Airport Fund,Department of Fleet and Facility Management,Overtime,0.0,0.0
0610,38,0140,374634.0,374634.0,Chicago Midway Airport Fund,Department of Fleet and Facility Management,For Professional and Technical Services and Other Third Party Benefit Agreements,0.0,0.0
0610,38,0148,4688.0,4688.0,Chicago Midway Airport Fund,Department of Fleet and Facility Management,Testing and Inspecting,0.0,0.0
0610,38,0149,17808.0,17808.0,Chicago Midway Airport Fund,Department of Fleet and Facility Management,For Software Maintenance and Licensing,0.0,0.0
0610,38,0162,85000.0,85000.0,Chicago Midway Airport Fund,Department of Fleet and Facility Management,Repair/Maintenance of Equipment,0.0,0.0
0610,38,0176,606074.0,606074.0,Chicago Midway Airport Fund,Department of Fleet and Facility Management,Maintenance and Operation of City Owned Vehicles,0.0,0.0
0610,38,0315,218988.0,218988.0,Chicago Midway Airport Fund,Department of Fleet and Facility Management,Motor Vehicle Diesel Fuel,0.0,0.0
0610,38,0320,610201.0,610201.0,Chicago Midway Airport Fund,Department of Fleet and Facility Management,Gasoline,0.0,0.0
0610,38,0322,866456.0,866456.0,Chicago Midway Airport Fund,Department of Fleet and Facility Management,Natural Gas,0.0,0.0
0610,38,0331,8362726.0,8362726.0,Chicago Midway Airport Fund,Department of Fleet and Facility Management,Electricity,0.0,0.0
0610,38,0338,3000.0,3000.0,Chicago Midway Airport Fund,Department of Fleet and Facility Management,"License Sticker, Tag and Plates",0.0,0.0
0610,38,0350,835.0,835.0,Chicago Midway Airport Fund,Department of Fleet and Facility Management,Stationery and Office Supplies,0.0,0.0
0610,38,0360,1136903.0,1136903.0,Chicago Midway Airport Fund,Department of Fleet and Facility Management,Repair Parts and Material,0.0,0.0
0610,38,0440,31810.0,31810.0,Chicago Midway Airport Fund,Department of Fleet and Facility Management,Machinery and Equipment,0.0,0.0
0610,38,0450,550000.0,550000.0,Chicago Midway Airport Fund,Department of Fleet and Facility Management,Vehicles,0.0,0.0
0610,51,0157,16488.0,16488.0,Chicago Midway Airport Fund,Office of Public Safety Administration,Rental of Equipment and Services,0.0,0.0
0610,51,0340,25750.0,25750.0,Chicago Midway Airport Fund,Office of Public Safety Administration,Material and Supplies,0.0,0.0
0610,57,0005,7195720.0,7195720.0,Chicago Midway Airport Fund,Chicago Police Department,Salaries and Wages - on Payroll,0.0,0.0
0610,57,0008,160202.0,160202.0,Chicago Midway Airport Fund,Chicago Police Department,For Payment of Retroactive Salaries,0.0,0.0
0610,57,0015,75954.0,75954.0,Chicago Midway Airport Fund,Chicago Police Department,Schedule Salary Adjustments,0.0,0.0
0610,57,0020,750000.0,750000.0,Chicago Midway Airport Fund,Chicago Police Department,Overtime,0.0,0.0
0610,57,0021,30000.0,30000.0,Chicago Midway Airport Fund,Chicago Police Department,Sworn/Civilian Holiday Premium Pay,0.0,0.0
0610,57,0022,250000.0,250000.0,Chicago Midway Airport Fund,Chicago Police Department,Duty Availability,0.0,0.0
0610,57,0024,342000.0,342000.0,Chicago Midway Airport Fund,Chicago Police Department,Compensatory Time Payment,0.0,0.0
0610,57,0027,70000.0,70000.0,Chicago Midway Airport Fund,Chicago Police Department,Supervisors Quarterly Payment,0.0,0.0
0610,57,0060,143000.0,143000.0,Chicago Midway Airport Fund,Chicago Police Department,Specialty Pay,0.0,0.0
0610,57,0070,35000.0,35000.0,Chicago Midway Airport Fund,Chicago Police Department,Tuition Reimbursement and Educational Programs,0.0,0.0
0610,57,0088,143000.0,143000.0,Chicago Midway Airport Fund,Chicago Police Department,Furlough/Supervisors Compensation Time Buy-Back,0.0,0.0
0610,57,0091,113000.0,113000.0,Chicago Midway Airport Fund,Chicago Police Department,Uniform Allowance,0.0,0.0
0610,57,0937,70200.0,70200.0,Chicago Midway Airport Fund,Chicago Police Department,For Cost and Administration of Hospital and Medical Expenses for Employees Injured on Duty Who Are Not Covered Under Workers' Compensation Act,0.0,0.0
0610,58,0005,1829706.0,1829706.0,Chicago Midway Airport Fund,Office of Emergency Management and Communications,Salaries and Wages - on Payroll,0.0,0.0
0610,58,0015,35291.0,35291.0,Chicago Midway Airport Fund,Office of Emergency Management and Communications,Schedule Salary Adjustments,0.0,0.0
0610,58,0020,145000.0,145000.0,Chicago Midway Airport Fund,Office of Emergency Management and Communications,Overtime,0.0,0.0
0610,58,0091,8650.0,8650.0,Chicago Midway Airport Fund,Office of Emergency Management and Communications,Uniform Allowance,0.0,0.0
0610,58,0319,90000.0,90000.0,Chicago Midway Airport Fund,Office of Emergency Management and Communications,Clothing,0.0,0.0
0610,59,0005,7068692.0,7068692.0,Chicago Midway Airport Fund,Chicago Fire Department,Salaries and Wages - on Payroll,0.0,0.0
0610,59,0015,33960.0,33960.0,Chicago Midway Airport Fund,Chicago Fire Department,Schedule Salary Adjustments,0.0,0.0
0610,59,0020,192400.0,192400.0,Chicago Midway Airport Fund,Chicago Fire Department,Overtime,0.0,0.0
0610,59,0021,350000.0,350000.0,Chicago Midway Airport Fund,Chicago Fire Department,Sworn/Civilian Holiday Premium Pay,0.0,0.0
0610,59,0022,258400.0,258400.0,Chicago Midway Airport Fund,Chicago Fire Department,Duty Availability,0.0,0.0
0610,59,0024,75000.0,75000.0,Chicago Midway Airport Fund,Chicago Fire Department,Compensatory Time Payment,0.0,0.0
0610,59,0028,70000.0,70000.0,Chicago Midway Airport Fund,Chicago Fire Department,Cooperative Education Program,0.0,0.0
0610,59,0060,250000.0,250000.0,Chicago Midway Airport Fund,Chicago Fire Department,Specialty Pay,0.0,0.0
0610,59,0061,65000.0,65000.0,Chicago Midway Airport Fund,Chicago Fire Department,Driver's Differential,0.0,0.0
0610,59,0062,9000.0,9000.0,Chicago Midway Airport Fund,Chicago Fire Department,Required Certifications,0.0,0.0
0610,59,0063,9000.0,9000.0,Chicago Midway Airport Fund,Chicago Fire Department,Fitness Benefit,0.0,0.0
0610,59,0088,175000.0,175000.0,Chicago Midway Airport Fund,Chicago Fire Department,Furlough/Supervisors Compensation Time Buy-Back,0.0,0.0
0610,59,0091,102000.0,102000.0,Chicago Midway Airport Fund,Chicago Fire Department,Uniform Allowance,0.0,0.0
0610,59,0140,94800.0,94800.0,Chicago Midway Airport Fund,Chicago Fire Department,For Professional and Technical Services and Other Third Party Benefit Agreements,0.0,0.0
0610,59,0937,170100.0,170100.0,Chicago Midway Airport Fund,Chicago Fire Department,For Cost and Administration of Hospital and Medical Expenses for Employees Injured on Duty Who Are Not Covered Under Workers' Compensation Act,0.0,0.0
0610,85,0005,32523440.0,32523440.0,Chicago Midway Airport Fund,Chicago Department of Aviation,Salaries and Wages - on Payroll,0.0,0.0
0610,85,0011,13706.0,13706.0,Chicago Midway Airport Fund,Chicago Department of Aviation,Contract Wage Increment - Salary,0.0,0.0
0610,85,0012,275434.0,275434.0,Chicago Midway Airport Fund,Chicago Department of Aviation,Contract Wage Increment - Prevailing Rate,0.0,0.0
0610,85,0015,227822.0,227822.0,Chicago Midway Airport Fund,Chicago Department of Aviation,Schedule Salary Adjustments,0.0,0.0
0610,85,0020,1200000.0,1200000.0,Chicago Midway Airport Fund,Chicago Department of Aviation,Overtime,0.0,0.0
0610,85,0039,49400.0,49400.0,Chicago Midway Airport Fund,Chicago Department of Aviation,For the Employment of Students as Trainees,0.0,0.0
0610,85,0049,1134092.0,1134092.0,Chicago Midway Airport Fund,Chicago Department of Aviation,Claims and Costs of Administration Pursuant to the Workers' Compensation Act,0.0,0.0
0610,85,0091,101000.0,101000.0,Chicago Midway Airport Fund,Chicago Department of Aviation,Uniform Allowance,0.0,0.0
0610,85,0130,200.0,200.0,Chicago Midway Airport Fund,Chicago Department of Aviation,Postage,0.0,0.0
0610,85,0138,10176400.0,10176400.0,Chicago Midway Airport Fund,Chicago Department of Aviation,For Professional Services for Information Technology Maintenance,0.0,0.0
0610,85,0140,28524000.0,28524000.0,Chicago Midway Airport Fund,Chicago Department of Aviation,For Professional and Technical Services and Other Third Party Benefit Agreements,0.0,0.0
0610,85,0141,10000.0,10000.0,Chicago Midway Airport Fund,Chicago Department of Aviation,Appraisals,0.0,0.0
0610,85,0142,322500.0,322500.0,Chicago Midway Airport Fund,Chicago Department of Aviation,Accounting and Auditing,0.0,0.0
0610,85,0144,40000.0,40000.0,Chicago Midway Airport Fund,Chicago Department of Aviation,Engineering and Architecture,0.0,0.0
0610,85,0148,10300.0,10300.0,Chicago Midway Airport Fund,Chicago Department of Aviation,Testing and Inspecting,0.0,0.0
0610,85,0149,386800.0,386800.0,Chicago Midway Airport Fund,Chicago Department of Aviation,For Software Maintenance and Licensing,0.0,0.0
0610,85,0152,73800.0,73800.0,Chicago Midway Airport Fund,Chicago Department of Aviation,Advertising,0.0,0.0
0610,85,0157,15338200.0,15338200.0,Chicago Midway Airport Fund,Chicago Department of Aviation,Rental of Equipment and Services,0.0,0.0
0610,85,0160,1567500.0,1567500.0,Chicago Midway Airport Fund,Chicago Department of Aviation,Repair or Maintenance of Property,0.0,0.0
0610,85,0161,30739900.0,30739900.0,Chicago Midway Airport Fund,Chicago Department of Aviation,"Operation, Repair or Maintenance of Facilities",0.0,0.0
0610,85,0162,29631400.0,29631400.0,Chicago Midway Airport Fund,Chicago Department of Aviation,Repair/Maintenance of Equipment,0.0,0.0
0610,85,0163,6090000.0,6090000.0,Chicago Midway Airport Fund,Chicago Department of Aviation,Repair/Maintenance of Streets and Pavements,0.0,0.0
0610,85,0166,76200.0,76200.0,Chicago Midway Airport Fund,Chicago Department of Aviation,"Dues, Subscriptions and Memberships",0.0,0.0
0610,85,0168,364900.0,364900.0,Chicago Midway Airport Fund,Chicago Department of Aviation,Educational Development through Cooperative Education Program and Apprenticeship Program,0.0,0.0
0610,85,0169,81000.0,81000.0,Chicago Midway Airport Fund,Chicago Department of Aviation,Technical Meeting Costs,0.0,0.0
0610,85,0181,59500.0,59500.0,Chicago Midway Airport Fund,Chicago Department of Aviation,Mobile Communication Services,0.0,0.0
0610,85,0183,1627500.0,1627500.0,Chicago Midway Airport Fund,Chicago Department of Aviation,Water,0.0,0.0
0610,85,0185,555000.0,555000.0,Chicago Midway Airport Fund,Chicago Department of Aviation,Waste Disposal Services,0.0,0.0
0610,85,0189,85600.0,85600.0,Chicago Midway Airport Fund,Chicago Department of Aviation,Telephone - Non-Centrex Billings,0.0,0.0
0610,85,0190,424400.0,424400.0,Chicago Midway Airport Fund,Chicago Department of Aviation,Telephone - Centrex Billings,0.0,0.0
0610,85,0191,5000.0,5000.0,Chicago Midway Airport Fund,Chicago Department of Aviation,Telephone - Relocations of Phone Lines,0.0,0.0
0610,85,0197,9000.0,9000.0,Chicago Midway Airport Fund,Chicago Department of Aviation,Telephone - Maintenance and Repair of Equipment and Voicemail,0.0,0.0
0610,85,0229,100.0,100.0,Chicago Midway Airport Fund,Chicago Department of Aviation,Transportation and Expense Allowance,0.0,0.0
0610,85,0245,12200.0,12200.0,Chicago Midway Airport Fund,Chicago Department of Aviation,Reimbursement to Travelers,0.0,0.0
0610,85,0270,100.0,100.0,Chicago Midway Airport Fund,Chicago Department of Aviation,Local Transportation,0.0,0.0
0610,85,0313,64000.0,64000.0,Chicago Midway Airport Fund,Chicago Department of Aviation,Cleaning and Sanitation Supplies,0.0,0.0
0610,85,0319,91500.0,91500.0,Chicago Midway Airport Fund,Chicago Department of Aviation,Clothing,0.0,0.0
0610,85,0340,3293900.0,3293900.0,Chicago Midway Airport Fund,Chicago Department of Aviation,Material and Supplies,0.0,0.0
0610,85,0345,0.0,0.0,Chicago Midway Airport Fund,Chicago Department of Aviation,APPARATUS AND INSTRUMENTS,0.0,0.0
0610,85,0350,30000.0,30000.0,Chicago Midway Airport Fund,Chicago Department of Aviation,Stationery and Office Supplies,0.0,0.0
0610,85,0360,93500.0,93500.0,Chicago Midway Airport Fund,Chicago Department of Aviation,Repair Parts and Material,0.0,0.0
0610,85,0361,4500.0,4500.0,Chicago Midway Airport Fund,Chicago Department of Aviation,Building Materials and Supplies,0.0,0.0
0610,85,0362,40000.0,40000.0,Chicago Midway Airport Fund,Chicago Department of Aviation,Paints and Painting Supplies,0.0,0.0
0610,85,0364,2000.0,2000.0,Chicago Midway Airport Fund,Chicago Department of Aviation,Plumbing Supplies,0.0,0.0
0610,85,0365,697000.0,697000.0,Chicago Midway Airport Fund,Chicago Department of Aviation,Electrical Supplies,0.0,0.0
0610,85,0402,15000.0,15000.0,Chicago Midway Airport Fund,Chicago Department of Aviation,Tools Greater Than $100/Unit,0.0,0.0
0610,85,0423,939600.0,939600.0,Chicago Midway Airport Fund,Chicago Department of Aviation,Communication Devices,0.0,0.0
0610,85,0424,138800.0,138800.0,Chicago Midway Airport Fund,Chicago Department of Aviation,Furniture and Furnishings,0.0,0.0
0610,85,0440,235500.0,235500.0,Chicago Midway Airport Fund,Chicago Department of Aviation,Machinery and Equipment,0.0,0.0
0610,85,0446,2208800.0,2208800.0,Chicago Midway Airport Fund,Chicago Department of Aviation,For the Purchase of IT and Data Communication Hardware,0.0,0.0
0610,85,9438,35000.0,35000.0,Chicago Midway Airport Fund,Chicago Department of Aviation,For Services Provided by the Department of Fleet and Facilities Management,0.0,0.0
0610,99,0003,2841910.0,2841910.0,Chicago Midway Airport Fund,Finance General,Scheduled Wage Adjustments,0.0,0.0
0610,99,0029,1589031.0,1589031.0,Chicago Midway Airport Fund,Finance General,For Health Maintenance Organization Premiums (HMO) Provided to Eligible Employees and Their Families,0.0,0.0
0610,99,0042,6020136.0,6020136.0,Chicago Midway Airport Fund,Finance General,For the Costs of Claims and Administration for Hospital and Medical Care Provided to Eligible Employees  Provided However  That All Payments to the In...,0.0,0.0
0610,99,0043,57528.0,57528.0,Chicago Midway Airport Fund,Finance General,For the Health Maintenance Organization Premiums or Cost of Claims and Administration for Hospital and Medical Care Provided to Police and Fire Depart...,0.0,0.0
0610,99,0045,56960.0,56960.0,Chicago Midway Airport Fund,Finance General,For the Cost of Claims and Administration or Premiums for Term Life Insurance,0.0,0.0
0610,99,0049,192780.0,192780.0,Chicago Midway Airport Fund,Finance General,Claims and Costs of Administration Pursuant to the Workers' Compensation Act,0.0,0.0
0610,99,0051,97844.0,97844.0,Chicago Midway Airport Fund,Finance General,Claims Under Unemployment Insurance Act,0.0,0.0
0610,99,0052,74048.0,74048.0,Chicago Midway Airport Fund,Finance General,Costs of Claims and Administration for Hospital and Medical Care to Eligible Annuitants and Their Eligible Dependents,0.0,0.0
0610,99,0056,272104.0,272104.0,Chicago Midway Airport Fund,Finance General,For the Cost of Claims and Administration or Premiums for a Co-Insured Dental Plan for Employees,0.0,0.0
0610,99,0085,1736.0,1736.0,Chicago Midway Airport Fund,Finance General,City Deferred Compensation Contributions for Union Members,0.0,0.0
0610,99,0138,1667740.0,1667740.0,Chicago Midway Airport Fund,Finance General,For Professional Services for Information Technology Maintenance,0.0,0.0
0610,99,0140,1983519.0,1983519.0,Chicago Midway Airport Fund,Finance General,For Professional and Technical Services and Other Third Party Benefit Agreements,0.0,0.0
0610,99,0142,470500.0,470500.0,Chicago Midway Airport Fund,Finance General,Accounting and Auditing,0.0,0.0
0610,99,0145,847000.0,847000.0,Chicago Midway Airport Fund,Finance General,Legal Expenses,0.0,0.0
0610,99,0149,425025.0,425025.0,Chicago Midway Airport Fund,Finance General,For Software Maintenance and Licensing,0.0,0.0
0610,99,0161,20000.0,20000.0,Chicago Midway Airport Fund,Finance General,"Operation, Repair or Maintenance of Facilities",0.0,0.0
0610,99,0172,4623540.0,4623540.0,Chicago Midway Airport Fund,Finance General,For the Cost of Insurance Premiums and Expenses,0.0,0.0
0610,99,0245,0.0,0.0,Chicago Midway Airport Fund,Finance General,REIMBURSEMENT TO TRAVELERS,0.0,0.0
0610,99,0902,62037273.0,62037273.0,Chicago Midway Airport Fund,Finance General,For Interest on Bonds,0.0,0.0
0610,99,0912,63100000.0,63100000.0,Chicago Midway Airport Fund,Finance General,For Payment of Bonds,0.0,0.0
0610,99,0931,4500.0,4500.0,Chicago Midway Airport Fund,Finance General,"For the Payment of Tort and Non-Tort Judgments, Outside Counsel Expenses and Expert Costs, as Approved by the Corporation Counsel",0.0,0.0
0610,99,0959,5855182.0,5855182.0,Chicago Midway Airport Fund,Finance General,For Bond Fees and Costs,0.0,0.0
0610,99,9027,7587.0,7587.0,Chicago Midway Airport Fund,Finance General,For the City Contribution to Social Security Tax,0.0,0.0
0610,99,9046,1200000.0,1200000.0,Chicago Midway Airport Fund,Finance General,For Operations and Maintenance Reserve,0.0,0.0
0610,99,9076,301180.0,301180.0,Chicago Midway Airport Fund,Finance General,City's Contribution to Medicare Tax,0.0,0.0
0610,99,9611,6511644.0,6511644.0,Chicago Midway Airport Fund,Finance General,To Reimburse the Corporate Fund for Indirect Costs Chargeable to Fund,0.0,0.0
0610,99,9711,3000000.0,3000000.0,Chicago Midway Airport Fund,Finance General,Transfer to O'Hare Fund for Administrative Salaries,0.0,0.0
0610,99,9980,10911947.0,10911947.0,Chicago Midway Airport Fund,Finance General,Municipal Fund Pension Allocation,0.0,0.0
0610,99,9981,3435241.0,3435241.0,Chicago Midway Airport Fund,Finance General,Laborers' Fund Pension Allocation,0.0,0.0
0610,99,9982,5393581.0,5393581.0,Chicago Midway Airport Fund,Finance General,Policemen's Fund Pension Allocation,0.0,0.0
0610,99,9983,6054814.0,6054814.0,Chicago Midway Airport Fund,Finance General,Firemen's Fund Pension Allocation,0.0,0.0
0610,99,9984,2045660.0,2045660.0,Chicago Midway Airport Fund,Finance General,Municipal Fund Advance Pension Payment,0.0,0.0
0610,99,9985,367924.0,367924.0,Chicago Midway Airport Fund,Finance General,Laborers' Fund Advance Pension Payment,0.0,0.0
0610,99,9986,346638.0,346638.0,Chicago Midway Airport Fund,Finance General,Policemen's Fund Advance Pension Payment,0.0,0.0
0610,99,9987,215192.0,215192.0,Chicago Midway Airport Fund,Finance General,Firemen's Fund Advance Pension Payment,0.0,0.0
0681,99,0960,7070077.0,8158000.0,Municipal Employees' Annuity and Benefit Fund,Finance General,For Loss in Collection of Taxes,-1087923.0,-13.335658249570972
0681,99,0976,955738601.0,955738601.0,Municipal Employees' Annuity and Benefit Fund,Finance General,For the City's Contribution to Employees' Annuity and Benefit Fund,0.0,0.0
0681,99,097A,168736173.0,168736173.0,Municipal Employees' Annuity and Benefit Fund,Finance General,For the City's Advance Contribution to Employees' Annuity and Benefit Fund,0.0,0.0
0682,99,0960,2186923.0,2187000.0,Laborers' and Retirement Board Annuity and Benefit Fund,Finance General,For Loss in Collection of Taxes,-77.0,-0.0035208047553726566
0682,99,0976,136089915.0,136089915.0,Laborers' and Retirement Board Annuity and Benefit Fund,Finance General,For the City's Contribution to Employees' Annuity and Benefit Fund,0.0,0.0
0682,99,097A,20228867.0,20228867.0,Laborers' and Retirement Board Annuity and Benefit Fund,Finance General,For the City's Advance Contribution to Employees' Annuity and Benefit Fund,0.0,0.0
0683,99,0960,32541000.0,41554000.0,Policemen's Annuity and Benefit Fund,Finance General,For Loss in Collection of Taxes,-9013000.0,-21.689849352649563
0683,99,0976,1042582135.0,1042582135.0,Policemen's Annuity and Benefit Fund,Finance General,For the City's Contribution to Employees' Annuity and Benefit Fund,0.0,0.0
0683,99,097A,67357458.0,67357458.0,Policemen's Annuity and Benefit Fund,Finance General,For the City's Advance Contribution to Employees' Annuity and Benefit Fund,0.0,0.0
0684,99,0960,14679000.0,17078000.0,Firemen's Annuity and Benefit Fund,Finance General,For Loss in Collection of Taxes,-2399000.0,-14.04731233165476
0684,99,0976,443683274.0,443683274.0,Firemen's Annuity and Benefit Fund,Finance General,For the City's Contribution to Employees' Annuity and Benefit Fund,0.0,0.0
0684,99,097A,15640948.0,15640948.0,Firemen's Annuity and Benefit Fund,Finance General,For the City's Advance Contribution to Employees' Annuity and Benefit Fund,0.0,0.0
0740,3,0005,1206720.0,1206720.0,Chicago O'Hare Airport Fund,Office of Inspector General,Salaries and Wages - on Payroll,0.0,0.0
0740,3,0015,22204.0,22204.0,Chicago O'Hare Airport Fund,Office of Inspector General,Schedule Salary Adjustments,0.0,0.0
0740,3,0130,175.0,175.0,Chicago O'Hare Airport Fund,Office of Inspector General,Postage,0.0,0.0
0740,3,0140,2035.0,2035.0,Chicago O'Hare Airport Fund,Office of Inspector General,For Professional and Technical Services and Other Third Party Benefit Agreements,0.0,0.0
0740,3,0143,16346.0,16346.0,Chicago O'Hare Airport Fund,Office of Inspector General,Court Reporting,0.0,0.0
0740,3,0149,34016.0,34016.0,Chicago O'Hare Airport Fund,Office of Inspector General,For Software Maintenance and Licensing,0.0,0.0
0740,3,0157,13181.0,13181.0,Chicago O'Hare Airport Fund,Office of Inspector General,Rental of Equipment and Services,0.0,0.0
0740,3,0159,1109.0,1109.0,Chicago O'Hare Airport Fund,Office of Inspector General,Lease Purchase Agreements for Equipment and Machinery,0.0,0.0
0740,3,0162,65.0,65.0,Chicago O'Hare Airport Fund,Office of Inspector General,Repair/Maintenance of Equipment,0.0,0.0
0740,3,0166,3941.0,3941.0,Chicago O'Hare Airport Fund,Office of Inspector General,"Dues, Subscriptions and Memberships",0.0,0.0
0740,3,0169,25433.0,25433.0,Chicago O'Hare Airport Fund,Office of Inspector General,Technical Meeting Costs,0.0,0.0
0740,3,0181,2508.0,2508.0,Chicago O'Hare Airport Fund,Office of Inspector General,Mobile Communication Services,0.0,0.0
0740,3,0189,7589.0,7589.0,Chicago O'Hare Airport Fund,Office of Inspector General,Telephone - Non-Centrex Billings,0.0,0.0
0740,3,0245,3425.0,3425.0,Chicago O'Hare Airport Fund,Office of Inspector General,Reimbursement to Travelers,0.0,0.0
0740,3,0270,560.0,560.0,Chicago O'Hare Airport Fund,Office of Inspector General,Local Transportation,0.0,0.0
0740,3,0320,649.0,649.0,Chicago O'Hare Airport Fund,Office of Inspector General,Gasoline,0.0,0.0
0740,3,0340,491.0,491.0,Chicago O'Hare Airport Fund,Office of Inspector General,Material and Supplies,0.0,0.0
0740,3,0348,218.0,218.0,Chicago O'Hare Airport Fund,Office of Inspector General,Books and Related Material,0.0,0.0
0740,3,0350,1457.0,1457.0,Chicago O'Hare Airport Fund,Office of Inspector General,Stationery and Office Supplies,0.0,0.0
0740,6,0188,136016.0,136016.0,Chicago O'Hare Airport Fund,Department of Technology and Innovation,Vehicle Tracking Service,0.0,0.0
0740,6,0190,200541.0,200541.0,Chicago O'Hare Airport Fund,Department of Technology and Innovation,Telephone - Centrex Billings,0.0,0.0
0740,15,0000,206523.0,206523.0,Chicago O'Hare Airport Fund,City Council,Personnel Services,0.0,0.0
0740,15,0100,200.0,200.0,Chicago O'Hare Airport Fund,City Council,Contractual Services,0.0,0.0
0740,15,0300,500.0,500.0,Chicago O'Hare Airport Fund,City Council,Commodities and Materials,0.0,0.0
0740,15,0700,750.0,750.0,Chicago O'Hare Airport Fund,City Council,Contingencies,0.0,0.0
0740,27,0005,2213233.0,2213233.0,Chicago O'Hare Airport Fund,Department of Finance,Salaries and Wages - on Payroll,0.0,0.0
0740,27,0015,25627.0,25627.0,Chicago O'Hare Airport Fund,Department of Finance,Schedule Salary Adjustments,0.0,0.0
0740,27,0020,8000.0,8000.0,Chicago O'Hare Airport Fund,Department of Finance,Overtime,0.0,0.0
0740,27,0140,100509.0,100509.0,Chicago O'Hare Airport Fund,Department of Finance,For Professional and Technical Services and Other Third Party Benefit Agreements,0.0,0.0
0740,27,0142,69560.0,69560.0,Chicago O'Hare Airport Fund,Department of Finance,Accounting and Auditing,0.0,0.0
0740,27,0149,41800.0,41800.0,Chicago O'Hare Airport Fund,Department of Finance,For Software Maintenance and Licensing,0.0,0.0
0740,27,0154,20000.0,20000.0,Chicago O'Hare Airport Fund,Department of Finance,"For the Rental and Maintenance of Data Processing, Office Automation and Data Communications Hardware",0.0,0.0
0740,27,0166,1500.0,1500.0,Chicago O'Hare Airport Fund,Department of Finance,"Dues, Subscriptions and Memberships",0.0,0.0
0740,27,0169,1500.0,1500.0,Chicago O'Hare Airport Fund,Department of Finance,Technical Meeting Costs,0.0,0.0
0740,27,0348,500.0,500.0,Chicago O'Hare Airport Fund,Department of Finance,Books and Related Material,0.0,0.0
0740,27,0350,3500.0,3500.0,Chicago O'Hare Airport Fund,Department of Finance,Stationery and Office Supplies,0.0,0.0
0740,28,0005,938224.0,938224.0,Chicago O'Hare Airport Fund,City Treasurer's Office,Salaries and Wages - on Payroll,0.0,0.0
0740,28,0015,3084.0,3084.0,Chicago O'Hare Airport Fund,City Treasurer's Office,Schedule Salary Adjustments,0.0,0.0
0740,28,0138,125058.0,125058.0,Chicago O'Hare Airport Fund,City Treasurer's Office,For Professional Services for Information Technology Maintenance,0.0,0.0
0740,28,0140,291175.0,291175.0,Chicago O'Hare Airport Fund,City Treasurer's Office,For Professional and Technical Services and Other Third Party Benefit Agreements,0.0,0.0
0740,31,0005,2448766.0,2448766.0,Chicago O'Hare Airport Fund,Department of Law,Salaries and Wages - on Payroll,0.0,0.0
0740,31,0015,987.0,987.0,Chicago O'Hare Airport Fund,Department of Law,Schedule Salary Adjustments,0.0,0.0
0740,31,0020,400.0,400.0,Chicago O'Hare Airport Fund,Department of Law,Overtime,0.0,0.0
0740,31,0130,1511.0,1511.0,Chicago O'Hare Airport Fund,Department of Law,Postage,0.0,0.0
0740,31,0138,3800.0,3800.0,Chicago O'Hare Airport Fund,Department of Law,For Professional Services for Information Technology Maintenance,0.0,0.0
0740,31,0140,61671.0,61671.0,Chicago O'Hare Airport Fund,Department of Law,For Professional and Technical Services and Other Third Party Benefit Agreements,0.0,0.0
0740,31,0141,1000.0,1000.0,Chicago O'Hare Airport Fund,Department of Law,Appraisals,0.0,0.0
0740,31,0143,10000.0,10000.0,Chicago O'Hare Airport Fund,Department of Law,Court Reporting,0.0,0.0
0740,31,0145,4300.0,4300.0,Chicago O'Hare Airport Fund,Department of Law,Legal Expenses,0.0,0.0
0740,31,0149,21318.0,21318.0,Chicago O'Hare Airport Fund,Department of Law,For Software Maintenance and Licensing,0.0,0.0
0740,31,0150,1000.0,1000.0,Chicago O'Hare Airport Fund,Department of Law,Publications and Reproduction - Outside Services.  To be Expended with the Prior Approval of Graphics Services,0.0,0.0
0740,31,0157,2815.0,2815.0,Chicago O'Hare Airport Fund,Department of Law,Rental of Equipment and Services,0.0,0.0
0740,31,0159,7500.0,7500.0,Chicago O'Hare Airport Fund,Department of Law,Lease Purchase Agreements for Equipment and Machinery,0.0,0.0
0740,31,0162,100.0,100.0,Chicago O'Hare Airport Fund,Department of Law,Repair/Maintenance of Equipment,0.0,0.0
0740,31,0166,4455.0,2875.0,Chicago O'Hare Airport Fund,Department of Law,"Dues, Subscriptions and Memberships",1580.0,54.95652173913044
0740,31,0169,3680.0,3680.0,Chicago O'Hare Airport Fund,Department of Law,Technical Meeting Costs,0.0,0.0
0740,31,0178,597.0,597.0,Chicago O'Hare Airport Fund,Department of Law,Freight and Express Charges,0.0,0.0
0740,31,0229,295.0,295.0,Chicago O'Hare Airport Fund,Department of Law,Transportation and Expense Allowance,0.0,0.0
0740,31,0245,1654.0,1654.0,Chicago O'Hare Airport Fund,Department of Law,Reimbursement to Travelers,0.0,0.0
0740,31,0270,1437.0,1437.0,Chicago O'Hare Airport Fund,Department of Law,Local Transportation,0.0,0.0
0740,31,0348,150.0,150.0,Chicago O'Hare Airport Fund,Department of Law,Books and Related Material,0.0,0.0
0740,31,0350,3025.0,3025.0,Chicago O'Hare Airport Fund,Department of Law,Stationery and Office Supplies,0.0,0.0
0740,31,9438,1253.0,1253.0,Chicago O'Hare Airport Fund,Department of Law,For Services Provided by the Department of Fleet and Facilities Management,0.0,0.0
0740,33,0005,488955.0,488955.0,Chicago O'Hare Airport Fund,Department of Human Resources,Salaries and Wages - on Payroll,0.0,0.0
0740,33,0015,2784.0,2784.0,Chicago O'Hare Airport Fund,Department of Human Resources,Schedule Salary Adjustments,0.0,0.0
0740,33,0130,295.0,295.0,Chicago O'Hare Airport Fund,Department of Human Resources,Postage,0.0,0.0
0740,33,0140,5950.0,5950.0,Chicago O'Hare Airport Fund,Department of Human Resources,For Professional and Technical Services and Other Third Party Benefit Agreements,0.0,0.0
0740,35,0005,1782405.0,1782405.0,Chicago O'Hare Airport Fund,Department of Procurement Services,Salaries and Wages - on Payroll,0.0,0.0
0740,35,0015,22486.0,22486.0,Chicago O'Hare Airport Fund,Department of Procurement Services,Schedule Salary Adjustments,0.0,0.0
0740,35,0140,38000.0,38000.0,Chicago O'Hare Airport Fund,Department of Procurement Services,For Professional and Technical Services and Other Third Party Benefit Agreements,0.0,0.0
0740,35,0270,300.0,300.0,Chicago O'Hare Airport Fund,Department of Procurement Services,Local Transportation,0.0,0.0
0740,35,0350,600.0,600.0,Chicago O'Hare Airport Fund,Department of Procurement Services,Stationery and Office Supplies,0.0,0.0
0740,38,0005,10081760.0,10081760.0,Chicago O'Hare Airport Fund,Department of Fleet and Facility Management,Salaries and Wages - on Payroll,0.0,0.0
0740,38,0012,151696.0,151696.0,Chicago O'Hare Airport Fund,Department of Fleet and Facility Management,Contract Wage Increment - Prevailing Rate,0.0,0.0
0740,38,0015,10369.0,10369.0,Chicago O'Hare Airport Fund,Department of Fleet and Facility Management,Schedule Salary Adjustments,0.0,0.0
0740,38,0020,2470419.0,2470419.0,Chicago O'Hare Airport Fund,Department of Fleet and Facility Management,Overtime,0.0,0.0
0740,38,0140,1344031.0,1344031.0,Chicago O'Hare Airport Fund,Department of Fleet and Facility Management,For Professional and Technical Services and Other Third Party Benefit Agreements,0.0,0.0
0740,38,0148,5663.0,5663.0,Chicago O'Hare Airport Fund,Department of Fleet and Facility Management,Testing and Inspecting,0.0,0.0
0740,38,0149,63390.0,63390.0,Chicago O'Hare Airport Fund,Department of Fleet and Facility Management,For Software Maintenance and Licensing,0.0,0.0
0740,38,0155,569101.0,569101.0,Chicago O'Hare Airport Fund,Department of Fleet and Facility Management,Rental of Property,0.0,0.0
0740,38,0162,2365000.0,2365000.0,Chicago O'Hare Airport Fund,Department of Fleet and Facility Management,Repair/Maintenance of Equipment,0.0,0.0
0740,38,0176,3458345.0,3458345.0,Chicago O'Hare Airport Fund,Department of Fleet and Facility Management,Maintenance and Operation of City Owned Vehicles,0.0,0.0
0740,38,0315,1069178.0,1069178.0,Chicago O'Hare Airport Fund,Department of Fleet and Facility Management,Motor Vehicle Diesel Fuel,0.0,0.0
0740,38,0320,1423803.0,1423803.0,Chicago O'Hare Airport Fund,Department of Fleet and Facility Management,Gasoline,0.0,0.0
0740,38,0322,6961863.0,6961863.0,Chicago O'Hare Airport Fund,Department of Fleet and Facility Management,Natural Gas,0.0,0.0
0740,38,0325,24454.0,24454.0,Chicago O'Hare Airport Fund,Department of Fleet and Facility Management,Alternative Fuel,0.0,0.0
0740,38,0331,31675440.0,31675440.0,Chicago O'Hare Airport Fund,Department of Fleet and Facility Management,Electricity,0.0,0.0
0740,38,0338,8000.0,8000.0,Chicago O'Hare Airport Fund,Department of Fleet and Facility Management,"License Sticker, Tag and Plates",0.0,0.0
0740,38,0350,1245.0,1245.0,Chicago O'Hare Airport Fund,Department of Fleet and Facility Management,Stationery and Office Supplies,0.0,0.0
0740,38,0360,6447943.0,6447943.0,Chicago O'Hare Airport Fund,Department of Fleet and Facility Management,Repair Parts and Material,0.0,0.0
0740,38,0440,221224.0,221224.0,Chicago O'Hare Airport Fund,Department of Fleet and Facility Management,Machinery and Equipment,0.0,0.0
0740,51,0157,16488.0,16488.0,Chicago O'Hare Airport Fund,Office of Public Safety Administration,Rental of Equipment and Services,0.0,0.0
0740,51,0340,15750.0,15750.0,Chicago O'Hare Airport Fund,Office of Public Safety Administration,Material and Supplies,0.0,0.0
0740,57,0005,21970179.0,21970179.0,Chicago O'Hare Airport Fund,Chicago Police Department,Salaries and Wages - on Payroll,0.0,0.0
0740,57,0008,277850.0,277850.0,Chicago O'Hare Airport Fund,Chicago Police Department,For Payment of Retroactive Salaries,0.0,0.0
0740,57,0015,176289.0,176289.0,Chicago O'Hare Airport Fund,Chicago Police Department,Schedule Salary Adjustments,0.0,0.0
0740,57,0020,2060000.0,2060000.0,Chicago O'Hare Airport Fund,Chicago Police Department,Overtime,0.0,0.0
0740,57,0021,57500.0,57500.0,Chicago O'Hare Airport Fund,Chicago Police Department,Sworn/Civilian Holiday Premium Pay,0.0,0.0
0740,57,0022,750000.0,750000.0,Chicago O'Hare Airport Fund,Chicago Police Department,Duty Availability,0.0,0.0
0740,57,0024,853000.0,853000.0,Chicago O'Hare Airport Fund,Chicago Police Department,Compensatory Time Payment,0.0,0.0
0740,57,0027,110000.0,110000.0,Chicago O'Hare Airport Fund,Chicago Police Department,Supervisors Quarterly Payment,0.0,0.0
0740,57,0060,400000.0,400000.0,Chicago O'Hare Airport Fund,Chicago Police Department,Specialty Pay,0.0,0.0
0740,57,0070,70000.0,70000.0,Chicago O'Hare Airport Fund,Chicago Police Department,Tuition Reimbursement and Educational Programs,0.0,0.0
0740,57,0088,342000.0,342000.0,Chicago O'Hare Airport Fund,Chicago Police Department,Furlough/Supervisors Compensation Time Buy-Back,0.0,0.0
0740,57,0091,370000.0,370000.0,Chicago O'Hare Airport Fund,Chicago Police Department,Uniform Allowance,0.0,0.0
0740,57,0937,172800.0,172800.0,Chicago O'Hare Airport Fund,Chicago Police Department,For Cost and Administration of Hospital and Medical Expenses for Employees Injured on Duty Who Are Not Covered Under Workers' Compensation Act,0.0,0.0
0740,58,0005,4368722.0,4368722.0,Chicago O'Hare Airport Fund,Office of Emergency Management and Communications,Salaries and Wages - on Payroll,0.0,0.0
0740,58,0015,112823.0,112823.0,Chicago O'Hare Airport Fund,Office of Emergency Management and Communications,Schedule Salary Adjustments,0.0,0.0
0740,58,0020,185000.0,185000.0,Chicago O'Hare Airport Fund,Office of Emergency Management and Communications,Overtime,0.0,0.0
0740,58,0091,14550.0,14550.0,Chicago O'Hare Airport Fund,Office of Emergency Management and Communications,Uniform Allowance,0.0,0.0
0740,58,0319,22375.0,22375.0,Chicago O'Hare Airport Fund,Office of Emergency Management and Communications,Clothing,0.0,0.0
0740,59,0005,25844844.0,25844844.0,Chicago O'Hare Airport Fund,Chicago Fire Department,Salaries and Wages - on Payroll,0.0,0.0
0740,59,0015,136698.0,136698.0,Chicago O'Hare Airport Fund,Chicago Fire Department,Schedule Salary Adjustments,0.0,0.0
0740,59,0020,791800.0,791800.0,Chicago O'Hare Airport Fund,Chicago Fire Department,Overtime,0.0,0.0
0740,59,0021,1300000.0,1300000.0,Chicago O'Hare Airport Fund,Chicago Fire Department,Sworn/Civilian Holiday Premium Pay,0.0,0.0
0740,59,0022,919600.0,919600.0,Chicago O'Hare Airport Fund,Chicago Fire Department,Duty Availability,0.0,0.0
0740,59,0024,80000.0,80000.0,Chicago O'Hare Airport Fund,Chicago Fire Department,Compensatory Time Payment,0.0,0.0
0740,59,0028,225000.0,225000.0,Chicago O'Hare Airport Fund,Chicago Fire Department,Cooperative Education Program,0.0,0.0
0740,59,0060,1200000.0,1200000.0,Chicago O'Hare Airport Fund,Chicago Fire Department,Specialty Pay,0.0,0.0
0740,59,0061,250000.0,250000.0,Chicago O'Hare Airport Fund,Chicago Fire Department,Driver's Differential,0.0,0.0
0740,59,0062,10000.0,10000.0,Chicago O'Hare Airport Fund,Chicago Fire Department,Required Certifications,0.0,0.0
0740,59,0063,25000.0,25000.0,Chicago O'Hare Airport Fund,Chicago Fire Department,Fitness Benefit,0.0,0.0
0740,59,0088,600000.0,600000.0,Chicago O'Hare Airport Fund,Chicago Fire Department,Furlough/Supervisors Compensation Time Buy-Back,0.0,0.0
0740,59,0091,363000.0,363000.0,Chicago O'Hare Airport Fund,Chicago Fire Department,Uniform Allowance,0.0,0.0
0740,59,0140,372320.0,372320.0,Chicago O'Hare Airport Fund,Chicago Fire Department,For Professional and Technical Services and Other Third Party Benefit Agreements,0.0,0.0
0740,59,0937,267300.0,267300.0,Chicago O'Hare Airport Fund,Chicago Fire Department,For Cost and Administration of Hospital and Medical Expenses for Employees Injured on Duty Who Are Not Covered Under Workers' Compensation Act,0.0,0.0
0740,85,0005,171609997.0,171609997.0,Chicago O'Hare Airport Fund,Chicago Department of Aviation,Salaries and Wages - on Payroll,0.0,0.0
0740,85,0011,46455.0,46455.0,Chicago O'Hare Airport Fund,Chicago Department of Aviation,Contract Wage Increment - Salary,0.0,0.0
0740,85,0012,1456857.0,1456857.0,Chicago O'Hare Airport Fund,Chicago Department of Aviation,Contract Wage Increment - Prevailing Rate,0.0,0.0
0740,85,0015,1198892.0,1198892.0,Chicago O'Hare Airport Fund,Chicago Department of Aviation,Schedule Salary Adjustments,0.0,0.0
0740,85,0020,12000000.0,12000000.0,Chicago O'Hare Airport Fund,Chicago Department of Aviation,Overtime,0.0,0.0
0740,85,0039,247000.0,247000.0,Chicago O'Hare Airport Fund,Chicago Department of Aviation,For the Employment of Students as Trainees,0.0,0.0
0740,85,0049,7821922.0,7821922.0,Chicago O'Hare Airport Fund,Chicago Department of Aviation,Claims and Costs of Administration Pursuant to the Workers' Compensation Act,0.0,0.0
0740,85,0091,436800.0,436800.0,Chicago O'Hare Airport Fund,Chicago Department of Aviation,Uniform Allowance,0.0,0.0
0740,85,0130,12000.0,12000.0,Chicago O'Hare Airport Fund,Chicago Department of Aviation,Postage,0.0,0.0
0740,85,0138,30910600.0,30910600.0,Chicago O'Hare Airport Fund,Chicago Department of Aviation,For Professional Services for Information Technology Maintenance,0.0,0.0
0740,85,0140,160231100.0,160231100.0,Chicago O'Hare Airport Fund,Chicago Department of Aviation,For Professional and Technical Services and Other Third Party Benefit Agreements,0.0,0.0
0740,85,0141,20000.0,20000.0,Chicago O'Hare Airport Fund,Chicago Department of Aviation,Appraisals,0.0,0.0
0740,85,0142,1134700.0,1134700.0,Chicago O'Hare Airport Fund,Chicago Department of Aviation,Accounting and Auditing,0.0,0.0
0740,85,0144,770000.0,770000.0,Chicago O'Hare Airport Fund,Chicago Department of Aviation,Engineering and Architecture,0.0,0.0
0740,85,0147,15000.0,15000.0,Chicago O'Hare Airport Fund,Chicago Department of Aviation,Surveys,0.0,0.0
0740,85,0148,44500.0,44500.0,Chicago O'Hare Airport Fund,Chicago Department of Aviation,Testing and Inspecting,0.0,0.0
0740,85,0149,2022700.0,2022700.0,Chicago O'Hare Airport Fund,Chicago Department of Aviation,For Software Maintenance and Licensing,0.0,0.0
0740,85,0152,440200.0,440200.0,Chicago O'Hare Airport Fund,Chicago Department of Aviation,Advertising,0.0,0.0
0740,85,0153,12000.0,12000.0,Chicago O'Hare Airport Fund,Chicago Department of Aviation,Promotions,0.0,0.0
0740,85,0155,6136200.0,6136200.0,Chicago O'Hare Airport Fund,Chicago Department of Aviation,Rental of Property,0.0,0.0
0740,85,0157,102154600.0,102154600.0,Chicago O'Hare Airport Fund,Chicago Department of Aviation,Rental of Equipment and Services,0.0,0.0
0740,85,0160,2250000.0,2250000.0,Chicago O'Hare Airport Fund,Chicago Department of Aviation,Repair or Maintenance of Property,0.0,0.0
0740,85,0161,62292900.0,62292900.0,Chicago O'Hare Airport Fund,Chicago Department of Aviation,"Operation, Repair or Maintenance of Facilities",0.0,0.0
0740,85,0162,24637200.0,24637200.0,Chicago O'Hare Airport Fund,Chicago Department of Aviation,Repair/Maintenance of Equipment,0.0,0.0
0740,85,0163,13946100.0,13946100.0,Chicago O'Hare Airport Fund,Chicago Department of Aviation,Repair/Maintenance of Streets and Pavements,0.0,0.0
0740,85,0166,797920.0,799500.0,Chicago O'Hare Airport Fund,Chicago Department of Aviation,"Dues, Subscriptions and Memberships",-1580.0,-0.19762351469668543
0740,85,0168,2944800.0,2944800.0,Chicago O'Hare Airport Fund,Chicago Department of Aviation,Educational Development through Cooperative Education Program and Apprenticeship Program,0.0,0.0
0740,85,0169,982900.0,982900.0,Chicago O'Hare Airport Fund,Chicago Department of Aviation,Technical Meeting Costs,0.0,0.0
0740,85,0178,20000.0,20000.0,Chicago O'Hare Airport Fund,Chicago Department of Aviation,Freight and Express Charges,0.0,0.0
0740,85,0181,318000.0,318000.0,Chicago O'Hare Airport Fund,Chicago Department of Aviation,Mobile Communication Services,0.0,0.0
0740,85,0183,12000000.0,12000000.0,Chicago O'Hare Airport Fund,Chicago Department of Aviation,Water,0.0,0.0
0740,85,0185,2236300.0,2236300.0,Chicago O'Hare Airport Fund,Chicago Department of Aviation,Waste Disposal Services,0.0,0.0
0740,85,0189,393600.0,393600.0,Chicago O'Hare Airport Fund,Chicago Department of Aviation,Telephone - Non-Centrex Billings,0.0,0.0
0740,85,0190,663000.0,663000.0,Chicago O'Hare Airport Fund,Chicago Department of Aviation,Telephone - Centrex Billings,0.0,0.0
0740,85,0196,360000.0,360000.0,Chicago O'Hare Airport Fund,Chicago Department of Aviation,Data Circuits,0.0,0.0
0740,85,0197,20000.0,20000.0,Chicago O'Hare Airport Fund,Chicago Department of Aviation,Telephone - Maintenance and Repair of Equipment and Voicemail,0.0,0.0
0740,85,0229,5500.0,5500.0,Chicago O'Hare Airport Fund,Chicago Department of Aviation,Transportation and Expense Allowance,0.0,0.0
0740,85,0245,215000.0,215000.0,Chicago O'Hare Airport Fund,Chicago Department of Aviation,Reimbursement to Travelers,0.0,0.0
0740,85,0270,6500.0,6500.0,Chicago O'Hare Airport Fund,Chicago Department of Aviation,Local Transportation,0.0,0.0
0740,85,0313,797500.0,797500.0,Chicago O'Hare Airport Fund,Chicago Department of Aviation,Cleaning and Sanitation Supplies,0.0,0.0
0740,85,0314,100000.0,100000.0,Chicago O'Hare Airport Fund,Chicago Department of Aviation,Fuel Oil,0.0,0.0
0740,85,0319,728500.0,728500.0,Chicago O'Hare Airport Fund,Chicago Department of Aviation,Clothing,0.0,0.0
0740,85,0340,13468100.0,13468100.0,Chicago O'Hare Airport Fund,Chicago Department of Aviation,Material and Supplies,0.0,0.0
0740,85,0345,25000.0,25000.0,Chicago O'Hare Airport Fund,Chicago Department of Aviation,Apparatus and Instruments,0.0,0.0
0740,85,0348,3500.0,3500.0,Chicago O'Hare Airport Fund,Chicago Department of Aviation,Books and Related Material,0.0,0.0
0740,85,0350,200000.0,200000.0,Chicago O'Hare Airport Fund,Chicago Department of Aviation,Stationery and Office Supplies,0.0,0.0
0740,85,0360,1614000.0,1614000.0,Chicago O'Hare Airport Fund,Chicago Department of Aviation,Repair Parts and Material,0.0,0.0
0740,85,0361,840000.0,840000.0,Chicago O'Hare Airport Fund,Chicago Department of Aviation,Building Materials and Supplies,0.0,0.0
0740,85,0362,550000.0,550000.0,Chicago O'Hare Airport Fund,Chicago Department of Aviation,Paints and Painting Supplies,0.0,0.0
0740,85,0364,250000.0,250000.0,Chicago O'Hare Airport Fund,Chicago Department of Aviation,Plumbing Supplies,0.0,0.0
0740,85,0365,3840000.0,3840000.0,Chicago O'Hare Airport Fund,Chicago Department of Aviation,Electrical Supplies,0.0,0.0
0740,85,0402,40000.0,40000.0,Chicago O'Hare Airport Fund,Chicago Department of Aviation,Tools Greater Than $100/Unit,0.0,0.0
0740,85,0423,3114700.0,3114700.0,Chicago O'Hare Airport Fund,Chicago Department of Aviation,Communication Devices,0.0,0.0
0740,85,0424,1050000.0,1050000.0,Chicago O'Hare Airport Fund,Chicago Department of Aviation,Furniture and Furnishings,0.0,0.0
0740,85,0440,3567000.0,3567000.0,Chicago O'Hare Airport Fund,Chicago Department of Aviation,Machinery and Equipment,0.0,0.0
0740,85,0446,7467000.0,7467000.0,Chicago O'Hare Airport Fund,Chicago Department of Aviation,For the Purchase of IT and Data Communication Hardware,0.0,0.0
0740,85,9438,90000.0,90000.0,Chicago O'Hare Airport Fund,Chicago Department of Aviation,For Services Provided by the Department of Fleet and Facilities Management,0.0,0.0
0740,85,9441,90000.0,90000.0,Chicago O'Hare Airport Fund,Chicago Department of Aviation,For Services Provided by the Chicago Department of Public Health,0.0,0.0
0740,85,9481,1200000.0,1200000.0,Chicago O'Hare Airport Fund,Chicago Department of Aviation,For Services Provided by the Department of Streets and Sanitation,0.0,0.0
0740,85,9484,800000.0,800000.0,Chicago O'Hare Airport Fund,Chicago Department of Aviation,For Services Provided by the Chicago Department of Transportation,0.0,0.0
0740,99,0003,8388476.0,8388476.0,Chicago O'Hare Airport Fund,Finance General,Scheduled Wage Adjustments,0.0,0.0
0740,99,0029,7195994.0,7195994.0,Chicago O'Hare Airport Fund,Finance General,For Health Maintenance Organization Premiums (HMO) Provided to Eligible Employees and Their Families,0.0,0.0
0740,99,0042,27262438.0,27262438.0,Chicago O'Hare Airport Fund,Finance General,For the Costs of Claims and Administration for Hospital and Medical Care Provided to Eligible Employees  Provided However  That All Payments to the In...,0.0,0.0
0740,99,0043,115055.0,115055.0,Chicago O'Hare Airport Fund,Finance General,For the Health Maintenance Organization Premiums or Cost of Claims and Administration for Hospital and Medical Care Provided to Police and Fire Depart...,0.0,0.0
0740,99,0045,257945.0,257945.0,Chicago O'Hare Airport Fund,Finance General,For the Cost of Claims and Administration or Premiums for Term Life Insurance,0.0,0.0
0740,99,0049,370799.0,370799.0,Chicago O'Hare Airport Fund,Finance General,Claims and Costs of Administration Pursuant to the Workers' Compensation Act,0.0,0.0
0740,99,0051,502668.0,502668.0,Chicago O'Hare Airport Fund,Finance General,Claims Under Unemployment Insurance Act,0.0,0.0
0740,99,0052,335328.0,335328.0,Chicago O'Hare Airport Fund,Finance General,Costs of Claims and Administration for Hospital and Medical Care to Eligible Annuitants and Their Eligible Dependents,0.0,0.0
0740,99,0056,1232235.0,1232235.0,Chicago O'Hare Airport Fund,Finance General,For the Cost of Claims and Administration or Premiums for a Co-Insured Dental Plan for Employees,0.0,0.0
0740,99,0070,50000.0,50000.0,Chicago O'Hare Airport Fund,Finance General,Tuition Reimbursement and Educational Programs,0.0,0.0
0740,99,0085,92264.0,92264.0,Chicago O'Hare Airport Fund,Finance General,City Deferred Compensation Contributions for Union Members,0.0,0.0
0740,99,0135,1255902.0,1255902.0,Chicago O'Hare Airport Fund,Finance General,For Delegate Agencies,0.0,0.0
0740,99,0138,7160156.0,7160156.0,Chicago O'Hare Airport Fund,Finance General,For Professional Services for Information Technology Maintenance,0.0,0.0
0740,99,0140,91593627.0,91593627.0,Chicago O'Hare Airport Fund,Finance General,For Professional and Technical Services and Other Third Party Benefit Agreements,0.0,0.0
0740,99,0142,1077000.0,1077000.0,Chicago O'Hare Airport Fund,Finance General,Accounting and Auditing,0.0,0.0
0740,99,0145,3030000.0,3030000.0,Chicago O'Hare Airport Fund,Finance General,Legal Expenses,0.0,0.0
0740,99,0149,425025.0,425025.0,Chicago O'Hare Airport Fund,Finance General,For Software Maintenance and Licensing,0.0,0.0
0740,99,0161,5030000.0,5030000.0,Chicago O'Hare Airport Fund,Finance General,"Operation, Repair or Maintenance of Facilities",0.0,0.0
0740,99,0172,22692918.0,22692918.0,Chicago O'Hare Airport Fund,Finance General,For the Cost of Insurance Premiums and Expenses,0.0,0.0
0740,99,0902,476852996.0,476852996.0,Chicago O'Hare Airport Fund,Finance General,For Interest on Bonds,0.0,0.0
0740,99,0912,315390934.0,315390934.0,Chicago O'Hare Airport Fund,Finance General,For Payment of Bonds,0.0,0.0
0740,99,0931,8000.0,8000.0,Chicago O'Hare Airport Fund,Finance General,"For the Payment of Tort and Non-Tort Judgments, Outside Counsel Expenses and Expert Costs, as Approved by the Corporation Counsel",0.0,0.0
0740,99,0959,3077208.0,3077208.0,Chicago O'Hare Airport Fund,Finance General,For Bond Fees and Costs,0.0,0.0
0740,99,9027,39766.0,39766.0,Chicago O'Hare Airport Fund,Finance General,For the City Contribution to Social Security Tax,0.0,0.0
0740,99,9046,3000000.0,3000000.0,Chicago O'Hare Airport Fund,Finance General,For Operations and Maintenance Reserve,0.0,0.0
0740,99,9047,2000000.0,2000000.0,Chicago O'Hare Airport Fund,Finance General,"For Special Capital Projects Requiring Airline Approval, Excluding Airline Improvement Program",0.0,0.0
0740,99,9067,30000.0,30000.0,Chicago O'Hare Airport Fund,Finance General,For Physical Exams,0.0,0.0
0740,99,9076,1683261.0,1683261.0,Chicago O'Hare Airport Fund,Finance General,City's Contribution to Medicare Tax,0.0,0.0
0740,99,9611,28861850.0,28861850.0,Chicago O'Hare Airport Fund,Finance General,To Reimburse the Corporate Fund for Indirect Costs Chargeable to Fund,0.0,0.0
0740,99,9980,60296516.0,60296516.0,Chicago O'Hare Airport Fund,Finance General,Municipal Fund Pension Allocation,0.0,0.0
0740,99,9981,11246025.0,11246025.0,Chicago O'Hare Airport Fund,Finance General,Laborers' Fund Pension Allocation,0.0,0.0
0740,99,9982,16761665.0,16761665.0,Chicago O'Hare Airport Fund,Finance General,Policemen's Fund Pension Allocation,0.0,0.0
0740,99,9983,21862086.0,21862086.0,Chicago O'Hare Airport Fund,Finance General,Firemen's Fund Pension Allocation,0.0,0.0
0740,99,9984,12061721.0,12061721.0,Chicago O'Hare Airport Fund,Finance General,Municipal Fund Advance Pension Payment,0.0,0.0
0740,99,9985,1392145.0,1392145.0,Chicago O'Hare Airport Fund,Finance General,Laborers' Fund Advance Pension Payment,0.0,0.0
0740,99,9986,1082085.0,1082085.0,Chicago O'Hare Airport Fund,Finance General,Policemen's Fund Advance Pension Payment,0.0,0.0
0740,99,9987,786086.0,786086.0,Chicago O'Hare Airport Fund,Finance General,Firemen's Fund Advance Pension Payment,0.0,0.0
0994,57,0140,100000.0,100000.0,Controlled Substances Fund,Chicago Police Department,For Professional and Technical Services and Other Third Party Benefit Agreements,0.0,0.0
0996,21,0005,488414.0,488414.0,Affordable Housing Opportunity Fund,Department of Housing,Salaries and Wages - on Payroll,0.0,0.0
0996,21,0015,11783.0,11783.0,Affordable Housing Opportunity Fund,Department of Housing,Schedule Salary Adjustments,0.0,0.0
0996,21,9213,728825.0,728825.0,Affordable Housing Opportunity Fund,Department of Housing,Affordable Housing Density Program,0.0,0.0
0996,99,0003,8829.0,8829.0,Affordable Housing Opportunity Fund,Finance General,Scheduled Wage Adjustments,0.0,0.0
0996,99,0029,15847.0,15847.0,Affordable Housing Opportunity Fund,Finance General,For Health Maintenance Organization Premiums (HMO) Provided to Eligible Employees and Their Families,0.0,0.0
0996,99,0042,60036.0,60036.0,Affordable Housing Opportunity Fund,Finance General,For the Costs of Claims and Administration for Hospital and Medical Care Provided to Eligible Employees  Provided However  That All Payments to the In...,0.0,0.0
0996,99,0045,568.0,568.0,Affordable Housing Opportunity Fund,Finance General,For the Cost of Claims and Administration or Premiums for Term Life Insurance,0.0,0.0
0996,99,0052,738.0,738.0,Affordable Housing Opportunity Fund,Finance General,Costs of Claims and Administration for Hospital and Medical Care to Eligible Annuitants and Their Eligible Dependents,0.0,0.0
0996,99,0056,2714.0,2714.0,Affordable Housing Opportunity Fund,Finance General,For the Cost of Claims and Administration or Premiums for a Co-Insured Dental Plan for Employees,0.0,0.0
0996,99,0085,487377.0,487377.0,Affordable Housing Opportunity Fund,Finance General,City Deferred Compensation Contributions for Union Members,0.0,0.0
0996,99,9610,173781.0,173781.0,Affordable Housing Opportunity Fund,Finance General,To Reimburse Corporate Fund for Pension Payments,0.0,0.0
0996,99,9611,54500.0,54500.0,Affordable Housing Opportunity Fund,Finance General,To Reimburse the Corporate Fund for Indirect Costs Chargeable to Fund,0.0,0.0
0B09,99,9205,58728050.0,58728050.0,CTA Real Property Transfer Tax Fund,Finance General,For Distribution of the Net Proceeds of the Real Property Transfer Tax - CTA Portion,0.0,0.0
0B09,99,9640,599205.0,599205.0,CTA Real Property Transfer Tax Fund,Finance General,To Reimburse Corporate Fund for Costs Incurred for Collection of the Real Property Transfer Tax - CTA Portion,0.0,0.0
0B21,1,0005,121266.0,121266.0,Tax Increment Financing Administration Fund,Office of the Mayor,Salaries and Wages - on Payroll,0.0,0.0
0B21,5,0005,291500.0,291500.0,Tax Increment Financing Administration Fund,Office of Budget and Management,Salaries and Wages - on Payroll,0.0,0.0
0B21,5,0015,5542.0,5542.0,Tax Increment Financing Administration Fund,Office of Budget and Management,Schedule Salary Adjustments,0.0,0.0
0B21,5,0140,1500.0,1500.0,Tax Increment Financing Administration Fund,Office of Budget and Management,For Professional and Technical Services and Other Third Party Benefit Agreements,0.0,0.0
0B21,6,0138,14873.0,14873.0,Tax Increment Financing Administration Fund,Department of Technology and Innovation,For Professional Services for Information Technology Maintenance,0.0,0.0
0B21,6,0140,742.0,742.0,Tax Increment Financing Administration Fund,Department of Technology and Innovation,For Professional and Technical Services and Other Third Party Benefit Agreements,0.0,0.0
0B21,6,0149,44783.0,44783.0,Tax Increment Financing Administration Fund,Department of Technology and Innovation,For Software Maintenance and Licensing,0.0,0.0
0B21,6,0162,12333.0,12333.0,Tax Increment Financing Administration Fund,Department of Technology and Innovation,Repair/Maintenance of Equipment,0.0,0.0
0B21,6,0166,191.0,191.0,Tax Increment Financing Administration Fund,Department of Technology and Innovation,"Dues, Subscriptions and Memberships",0.0,0.0
0B21,6,0196,5884.0,5884.0,Tax Increment Financing Administration Fund,Department of Technology and Innovation,Data Circuits,0.0,0.0
0B21,21,0005,1120088.0,1120088.0,Tax Increment Financing Administration Fund,Department of Housing,Salaries and Wages - on Payroll,0.0,0.0
0B21,21,0015,18062.0,18062.0,Tax Increment Financing Administration Fund,Department of Housing,Schedule Salary Adjustments,0.0,0.0
0B21,21,0138,40000.0,40000.0,Tax Increment Financing Administration Fund,Department of Housing,For Professional Services for Information Technology Maintenance,0.0,0.0
0B21,27,0005,454883.0,454883.0,Tax Increment Financing Administration Fund,Department of Finance,Salaries and Wages - on Payroll,0.0,0.0
0B21,27,0015,8137.0,8137.0,Tax Increment Financing Administration Fund,Department of Finance,Schedule Salary Adjustments,0.0,0.0
0B21,27,0142,221701.0,221701.0,Tax Increment Financing Administration Fund,Department of Finance,Accounting and Auditing,0.0,0.0
0B21,28,0005,406772.0,406772.0,Tax Increment Financing Administration Fund,City Treasurer's Office,Salaries and Wages - on Payroll,0.0,0.0
0B21,28,0015,5701.0,5701.0,Tax Increment Financing Administration Fund,City Treasurer's Office,Schedule Salary Adjustments,0.0,0.0
0B21,28,0138,81908.0,81908.0,Tax Increment Financing Administration Fund,City Treasurer's Office,For Professional Services for Information Technology Maintenance,0.0,0.0
0B21,28,0140,35513.0,35513.0,Tax Increment Financing Administration Fund,City Treasurer's Office,For Professional and Technical Services and Other Third Party Benefit Agreements,0.0,0.0
0B21,31,0005,1020677.0,1020677.0,Tax Increment Financing Administration Fund,Department of Law,Salaries and Wages - on Payroll,0.0,0.0
0B21,31,0015,2040.0,2040.0,Tax Increment Financing Administration Fund,Department of Law,Schedule Salary Adjustments,0.0,0.0
0B21,54,0005,6064651.0,6064651.0,Tax Increment Financing Administration Fund,Department of Planning and Development,Salaries and Wages - on Payroll,0.0,0.0
0B21,54,0015,122141.0,122141.0,Tax Increment Financing Administration Fund,Department of Planning and Development,Schedule Salary Adjustments,0.0,0.0
0B21,54,0039,22839.0,22839.0,Tax Increment Financing Administration Fund,Department of Planning and Development,For the Employment of Students as Trainees,0.0,0.0
0B21,54,0138,40000.0,40000.0,Tax Increment Financing Administration Fund,Department of Planning and Development,For Professional Services for Information Technology Maintenance,0.0,0.0
0B21,54,0139,1358000.0,1358000.0,Tax Increment Financing Administration Fund,Department of Planning and Development,For Professional Services for Information Technology Development,0.0,0.0
0B21,54,0140,1514500.0,1514500.0,Tax Increment Financing Administration Fund,Department of Planning and Development,For Professional and Technical Services and Other Third Party Benefit Agreements,0.0,0.0
0B21,54,0142,265000.0,265000.0,Tax Increment Financing Administration Fund,Department of Planning and Development,Accounting and Auditing,0.0,0.0
0B21,54,0143,10000.0,10000.0,Tax Increment Financing Administration Fund,Department of Planning and Development,Court Reporting,0.0,0.0
0B21,54,0149,126394.0,126394.0,Tax Increment Financing Administration Fund,Department of Planning and Development,For Software Maintenance and Licensing,0.0,0.0
0B21,54,0169,27310.0,27310.0,Tax Increment Financing Administration Fund,Department of Planning and Development,Technical Meeting Costs,0.0,0.0
0B21,54,0340,5000.0,5000.0,Tax Increment Financing Administration Fund,Department of Planning and Development,Material and Supplies,0.0,0.0
0B21,54,0446,17250.0,17250.0,Tax Increment Financing Administration Fund,Department of Planning and Development,For the Purchase of IT and Data Communication Hardware,0.0,0.0
0B21,54,9454,225000.0,225000.0,Tax Increment Financing Administration Fund,Department of Planning and Development,For Services Provided by the Department of Planning and Development,0.0,0.0
0B21,70,9470,375000.0,375000.0,Tax Increment Financing Administration Fund,Department of Business Affairs and Consumer Protection,For Services Provided by Business Affairs and Consumer Protection,0.0,0.0
0B21,84,0005,353571.0,353571.0,Tax Increment Financing Administration Fund,Chicago Department of Transportation,Salaries and Wages - on Payroll,0.0,0.0
0B21,84,0015,2584.0,2584.0,Tax Increment Financing Administration Fund,Chicago Department of Transportation,Schedule Salary Adjustments,0.0,0.0
0B21,99,0003,257892.0,257892.0,Tax Increment Financing Administration Fund,Finance General,Scheduled Wage Adjustments,0.0,0.0
0B21,99,0029,240431.0,240431.0,Tax Increment Financing Administration Fund,Finance General,For Health Maintenance Organization Premiums (HMO) Provided to Eligible Employees and Their Families,0.0,0.0
0B21,99,0042,910887.0,910887.0,Tax Increment Financing Administration Fund,Finance General,For the Costs of Claims and Administration for Hospital and Medical Care Provided to Eligible Employees  Provided However  That All Payments to the In...,0.0,0.0
0B21,99,0045,8618.0,8618.0,Tax Increment Financing Administration Fund,Finance General,For the Cost of Claims and Administration or Premiums for Term Life Insurance,0.0,0.0
0B21,99,0052,11204.0,11204.0,Tax Increment Financing Administration Fund,Finance General,Costs of Claims and Administration for Hospital and Medical Care to Eligible Annuitants and Their Eligible Dependents,0.0,0.0
0B21,99,0056,41171.0,41171.0,Tax Increment Financing Administration Fund,Finance General,For the Cost of Claims and Administration or Premiums for a Co-Insured Dental Plan for Employees,0.0,0.0
0B21,99,0085,4421.0,4421.0,Tax Increment Financing Administration Fund,Finance General,City Deferred Compensation Contributions for Union Members,0.0,0.0
0B21,99,0138,274490.0,274490.0,Tax Increment Financing Administration Fund,Finance General,For Professional Services for Information Technology Maintenance,0.0,0.0
0B21,99,0142,195000.0,195000.0,Tax Increment Financing Administration Fund,Finance General,Accounting and Auditing,0.0,0.0
0B21,99,9610,3412809.0,3412809.0,Tax Increment Financing Administration Fund,Finance General,To Reimburse Corporate Fund for Pension Payments,0.0,0.0
0B21,99,9611,1035924.0,1035924.0,Tax Increment Financing Administration Fund,Finance General,To Reimburse the Corporate Fund for Indirect Costs Chargeable to Fund,0.0,0.0
0B25,57,0006,30000000.0,30000000.0,Chicago Police CTA Detail Fund,Chicago Police Department,Salary Provision,0.0,0.0
0B26,27,0140,6500000.0,6500000.0,Chicago Parking Meters Fund,Department of Finance,For Professional and Technical Services and Other Third Party Benefit Agreements,0.0,0.0
0B32,81,0005,69700696.0,69700696.0,Garbage Collection Fund,Department of Streets and Sanitation,Salaries and Wages - on Payroll,0.0,0.0
0B32,81,0012,1130867.0,1130867.0,Garbage Collection Fund,Department of Streets and Sanitation,Contract Wage Increment - Prevailing Rate,0.0,0.0
0B32,81,0015,0.0,0.0,Garbage Collection Fund,Department of Streets and Sanitation,SCHEDULE SALARY ADJUSTMENTS,0.0,0.0
0B32,81,0020,2631825.0,2631825.0,Garbage Collection Fund,Department of Streets and Sanitation,Overtime,0.0,0.0
0B32,99,0003,82559.0,82559.0,Garbage Collection Fund,Finance General,Scheduled Wage Adjustments,0.0,0.0
0B32,99,0130,104278.0,104278.0,Garbage Collection Fund,Finance General,Postage,0.0,0.0
0B32,99,0138,8412.0,8412.0,Garbage Collection Fund,Finance General,For Professional Services for Information Technology Maintenance,0.0,0.0
0B32,99,0139,0.0,0.0,Garbage Collection Fund,Finance General,IT DEVELOPMENT,0.0,0.0
0B32,99,0140,2102560.0,2102560.0,Garbage Collection Fund,Finance General,For Professional and Technical Services and Other Third Party Benefit Agreements,0.0,0.0
0B42,99,0455,6399900.0,6399900.0,Foreign Fire Insurance Tax Fund,Finance General,"For the Maintenance, Use, Benefit, and Enhancement of Emergency Response Vehicles",0.0,0.0
0B42,99,0526,15072100.0,15072100.0,Foreign Fire Insurance Tax Fund,Finance General,"For the Maintenance, Use, Benefit, or Enhancement of Fire Stations and Training Facilities",0.0,0.0
0B42,99,9287,3837000.0,3837000.0,Foreign Fire Insurance Tax Fund,Finance General,"For Other Maintenance, Use, and Benefits for the Chicago Fire Department (CFD)",0.0,0.0
0B53,70,0005,68746.0,68746.0,Wheelchair Accessible Vehicle Fund,Department of Business Affairs and Consumer Protection,Salaries and Wages - on Payroll,0.0,0.0
0B53,70,0015,2951.0,2951.0,Wheelchair Accessible Vehicle Fund,Department of Business Affairs and Consumer Protection,Schedule Salary Adjustments,0.0,0.0
0B53,70,0148,50000.0,50000.0,Wheelchair Accessible Vehicle Fund,Department of Business Affairs and Consumer Protection,Testing and Inspecting,0.0,0.0
0B53,70,0340,20000.0,20000.0,Wheelchair Accessible Vehicle Fund,Department of Business Affairs and Consumer Protection,Material and Supplies,0.0,0.0
0B53,70,9102,8300000.0,8300000.0,Wheelchair Accessible Vehicle Fund,Department of Business Affairs and Consumer Protection,Special Programs Costs,0.0,0.0
0B53,99,9647,271714.0,271714.0,Wheelchair Accessible Vehicle Fund,Finance General,Transfers Out,0.0,0.0
0B70,1,0005,387849.0,387849.0,Cannabis Regulation Tax,Office of the Mayor,Salaries and Wages - on Payroll,0.0,0.0
0B70,1,0135,0.0,0.0,Cannabis Regulation Tax,Office of the Mayor,DELEGATE AGENCIES,0.0,0.0
0B70,1,9102,3800000.0,3800000.0,Cannabis Regulation Tax,Office of the Mayor,Special Programs Costs,0.0,0.0
0B70,1,929B,500000.0,500000.0,Cannabis Regulation Tax,Office of the Mayor,Restoration Committee,0.0,0.0
0B70,99,0003,13238.0,13238.0,Cannabis Regulation Tax,Finance General,Scheduled Wage Adjustments,0.0,0.0
0B70,99,9102,1500000.0,1500000.0,Cannabis Regulation Tax,Finance General,Special Programs Costs,0.0,0.0
0B70,99,929B,0.0,0.0,Cannabis Regulation Tax,Finance General,Restoration Committee,0.0,0.0
0B89,41,0005,2297173.0,2297173.0,Opioid Settlement Fund,Chicago Department of Public Health,Salaries and Wages - on Payroll,0.0,0.0
0B89,41,0015,23496.0,23496.0,Opioid Settlement Fund,Chicago Department of Public Health,Schedule Salary Adjustments,0.0,0.0
0B89,41,0135,10000000.0,10000000.0,Opioid Settlement Fund,Chicago Department of Public Health,For Delegate Agencies,0.0,0.0
0B89,41,0140,450000.0,450000.0,Opioid Settlement Fund,Chicago Department of Public Health,For Professional and Technical Services and Other Third Party Benefit Agreements,0.0,0.0
0B89,41,0150,25000.0,25000.0,Opioid Settlement Fund,Chicago Department of Public Health,Publications and Reproduction - Outside Services.  To be Expended with the Prior Approval of Graphics Services,0.0,0.0
0B89,41,0181,4380.0,4380.0,Opioid Settlement Fund,Chicago Department of Public Health,Mobile Communication Services,0.0,0.0
0B89,41,0245,16000.0,16000.0,Opioid Settlement Fund,Chicago Department of Public Health,Reimbursement to Travelers,0.0,0.0
0B89,41,0340,625684.0,625684.0,Opioid Settlement Fund,Chicago Department of Public Health,Material and Supplies,0.0,0.0
0B89,41,0446,30000.0,30000.0,Opioid Settlement Fund,Chicago Department of Public Health,For the Purchase of IT and Data Communication Hardware,0.0,0.0
0B89,99,0003,40177.0,40177.0,Opioid Settlement Fund,Finance General,Scheduled Wage Adjustments,0.0,0.0
0B90,41,0005,443443.0,443443.0,Vaping Settlement Fund,Chicago Department of Public Health,Salaries and Wages - on Payroll,0.0,0.0
0B90,41,0015,2094.0,2094.0,Vaping Settlement Fund,Chicago Department of Public Health,Schedule Salary Adjustments,0.0,0.0
0B90,41,0135,925000.0,925000.0,Vaping Settlement Fund,Chicago Department of Public Health,For Delegate Agencies,0.0,0.0
0B90,41,0140,500000.0,500000.0,Vaping Settlement Fund,Chicago Department of Public Health,For Professional and Technical Services and Other Third Party Benefit Agreements,0.0,0.0
0B90,41,0150,20000.0,20000.0,Vaping Settlement Fund,Chicago Department of Public Health,Publications and Reproduction - Outside Services.  To be Expended with the Prior Approval of Graphics Services,0.0,0.0
0B90,41,0190,675.0,675.0,Vaping Settlement Fund,Chicago Department of Public Health,Telephone - Centrex Billings,0.0,0.0
0B90,41,0245,10000.0,10000.0,Vaping Settlement Fund,Chicago Department of Public Health,Reimbursement to Travelers,0.0,0.0
0B90,41,0340,11050.0,11050.0,Vaping Settlement Fund,Chicago Department of Public Health,Material and Supplies,0.0,0.0
0B90,41,0446,7014.0,7014.0,Vaping Settlement Fund,Chicago Department of Public Health,For the Purchase of IT and Data Communication Hardware,0.0,0.0
0B90,99,0003,9235.0,9235.0,Vaping Settlement Fund,Finance General,Scheduled Wage Adjustments,0.0,0.0
0B92,41,0005,96542.0,96542.0,Construction and Demolition Debris Management Fund,Chicago Department of Public Health,Salaries and Wages - on Payroll,0.0,0.0
0B92,41,0015,184.0,184.0,Construction and Demolition Debris Management Fund,Chicago Department of Public Health,Schedule Salary Adjustments,0.0,0.0
0B92,41,0091,0.0,0.0,Construction and Demolition Debris Management Fund,Chicago Department of Public Health,UNIFORM ALLOWANCE,0.0,0.0
0B92,41,0149,175136.0,175136.0,Construction and Demolition Debris Management Fund,Chicago Department of Public Health,For Software Maintenance and Licensing,0.0,0.0
0B92,41,0169,8500.0,8500.0,Construction and Demolition Debris Management Fund,Chicago Department of Public Health,Technical Meeting Costs,0.0,0.0
0B92,41,0181,7008.0,7008.0,Construction and Demolition Debris Management Fund,Chicago Department of Public Health,Mobile Communication Services,0.0,0.0
0B92,41,0189,1600.0,1600.0,Construction and Demolition Debris Management Fund,Chicago Department of Public Health,Telephone - Non-Centrex Billings,0.0,0.0
0B92,41,0229,3600.0,3600.0,Construction and Demolition Debris Management Fund,Chicago Department of Public Health,Transportation and Expense Allowance,0.0,0.0
0B92,41,0319,8000.0,8000.0,Construction and Demolition Debris Management Fund,Chicago Department of Public Health,Clothing,0.0,0.0
0B92,41,0340,2500.0,2500.0,Construction and Demolition Debris Management Fund,Chicago Department of Public Health,Material and Supplies,0.0,0.0
0B92,41,0350,1000.0,1000.0,Construction and Demolition Debris Management Fund,Chicago Department of Public Health,Stationery and Office Supplies,0.0,0.0
0B92,41,0446,20000.0,20000.0,Construction and Demolition Debris Management Fund,Chicago Department of Public Health,For the Purchase of IT and Data Communication Hardware,0.0,0.0
0B92,41,0450,200000.0,200000.0,Construction and Demolition Debris Management Fund,Chicago Department of Public Health,Vehicles,0.0,0.0
0B93,50,9263,13708000.0,13708000.0,Houseshare Surcharge - Homeless Services Fund,Department of Family and Support Services,Homeless Services,0.0,0.0
0B93,99,9713,1192000.0,1192000.0,Houseshare Surcharge - Homeless Services Fund,Finance General,Transfer to Specified Operating Funds for Administration,0.0,0.0
0B94,50,0135,9016000.0,9016000.0,Houseshare Surcharge - Domestic Violence Fund,Department of Family and Support Services,For Delegate Agencies,0.0,0.0
0B94,99,9713,784000.0,784000.0,Houseshare Surcharge - Domestic Violence Fund,Finance General,Transfer to Specified Operating Funds for Administration,0.0,0.0
0D43,54,0005,413488.0,413488.0,Neighborhoods Opportunity Fund,Department of Planning and Development,Salaries and Wages - on Payroll,0.0,0.0
0D43,54,0015,4403.0,4403.0,Neighborhoods Opportunity Fund,Department of Planning and Development,Schedule Salary Adjustments,0.0,0.0
0D43,54,0140,580000.0,580000.0,Neighborhoods Opportunity Fund,Department of Planning and Development,For Professional and Technical Services and Other Third Party Benefit Agreements,0.0,0.0
0D43,54,0149,1000.0,1000.0,Neighborhoods Opportunity Fund,Department of Planning and Development,For Software Maintenance and Licensing,0.0,0.0
0D43,54,0169,7500.0,7500.0,Neighborhoods Opportunity Fund,Department of Planning and Development,Technical Meeting Costs,0.0,0.0
0D43,54,0340,1500.0,1500.0,Neighborhoods Opportunity Fund,Department of Planning and Development,Material and Supplies,0.0,0.0
0D43,54,9103,65630650.0,65630650.0,Neighborhoods Opportunity Fund,Department of Planning and Development,Rehabilitation Loans and Grants,0.0,0.0
0D43,99,0003,13379.0,13379.0,Neighborhoods Opportunity Fund,Finance General,Scheduled Wage Adjustments,0.0,0.0
0D43,99,0029,13114.0,13114.0,Neighborhoods Opportunity Fund,Finance General,For Health Maintenance Organization Premiums (HMO) Provided to Eligible Employees and Their Families,0.0,0.0
0D43,99,0042,49685.0,49685.0,Neighborhoods Opportunity Fund,Finance General,For the Costs of Claims and Administration for Hospital and Medical Care Provided to Eligible Employees  Provided However  That All Payments to the In...,0.0,0.0
0D43,99,0045,470.0,470.0,Neighborhoods Opportunity Fund,Finance General,For the Cost of Claims and Administration or Premiums for Term Life Insurance,0.0,0.0
0D43,99,0052,611.0,611.0,Neighborhoods Opportunity Fund,Finance General,Costs of Claims and Administration for Hospital and Medical Care to Eligible Annuitants and Their Eligible Dependents,0.0,0.0
0D43,99,0056,2246.0,2246.0,Neighborhoods Opportunity Fund,Finance General,For the Cost of Claims and Administration or Premiums for a Co-Insured Dental Plan for Employees,0.0,0.0
0D43,99,0085,155.0,155.0,Neighborhoods Opportunity Fund,Finance General,City Deferred Compensation Contributions for Union Members,0.0,0.0
0D43,99,9610,137712.0,137712.0,Neighborhoods Opportunity Fund,Finance General,To Reimburse Corporate Fund for Pension Payments,0.0,0.0
0D43,99,9611,106533.0,106533.0,Neighborhoods Opportunity Fund,Finance General,To Reimburse the Corporate Fund for Indirect Costs Chargeable to Fund,0.0,0.0
0D44,54,9103,11076425.0,11076425.0,Citywide Adopt-a-landmark Fund,Department of Planning and Development,Rehabilitation Loans and Grants,0.0,0.0
0D45,54,9103,12851032.0,12851032.0,Local Impact Fund,Department of Planning and Development,Rehabilitation Loans and Grants,0.0,0.0
925C,21,0005,73542.0,73542.0,COVID-19 Grant Fund,Department of Housing,Salaries and Wages - on Payroll,0.0,0.0
925C,21,0006,0.0,0.0,COVID-19 Grant Fund,Department of Housing,SALARY PROVISION,0.0,0.0
925C,21,0015,2070.0,2070.0,COVID-19 Grant Fund,Department of Housing,Schedule Salary Adjustments,0.0,0.0
925C,21,0044,50017.0,50017.0,COVID-19 Grant Fund,Department of Housing,Fringe Benefits,0.0,0.0
925C,21,0135,0.0,0.0,COVID-19 Grant Fund,Department of Housing,DELEGATE AGENCIES,0.0,0.0
925C,21,0149,0.0,0.0,COVID-19 Grant Fund,Department of Housing,SOFTWARE MAINTENANCE AND LICENSING,0.0,0.0
925C,21,1246,0.0,0.0,COVID-19 Grant Fund,Department of Housing,HOUSING ASSISTANCE,0.0,0.0
925C,21,909A,27171000.0,27171000.0,COVID-19 Grant Fund,Department of Housing,Reserve Balance,0.0,0.0
925C,21,9103,0.0,0.0,COVID-19 Grant Fund,Department of Housing,REHABILITATION LOANS GT,0.0,0.0
925C,38,0140,0.0,0.0,COVID-19 Grant Fund,Department of Fleet and Facility Management,PROFESSIONAL AND TECHNICAL SERVICES,0.0,0.0
925C,38,909A,78000.0,78000.0,COVID-19 Grant Fund,Department of Fleet and Facility Management,Reserve Balance,0.0,0.0
925C,41,0005,13414761.0,13414761.0,COVID-19 Grant Fund,Chicago Department of Public Health,Salaries and Wages - on Payroll,0.0,0.0
925C,41,0006,12916.0,12916.0,COVID-19 Grant Fund,Chicago Department of Public Health,Salary Provision,0.0,0.0
925C,41,0015,165021.0,165021.0,COVID-19 Grant Fund,Chicago Department of Public Health,Schedule Salary Adjustments,0.0,0.0
925C,41,0044,8080556.0,8080556.0,COVID-19 Grant Fund,Chicago Department of Public Health,Fringe Benefits,0.0,0.0
925C,41,0135,0.0,0.0,COVID-19 Grant Fund,Chicago Department of Public Health,DELEGATE AGENCIES,0.0,0.0
925C,41,0140,0.0,0.0,COVID-19 Grant Fund,Chicago Department of Public Health,PROFESSIONAL AND TECHNICAL SERVICES,0.0,0.0
925C,41,0270,0.0,0.0,COVID-19 Grant Fund,Chicago Department of Public Health,LOCAL TRANSPORTATION,0.0,0.0
925C,41,0340,0.0,0.0,COVID-19 Grant Fund,Chicago Department of Public Health,MATERIAL AND SUPPLIES,0.0,0.0
925C,41,0801,16726097.0,16726097.0,COVID-19 Grant Fund,Chicago Department of Public Health,Indirect Costs,0.0,0.0
925C,41,909A,136027649.0,136027649.0,COVID-19 Grant Fund,Chicago Department of Public Health,Reserve Balance,0.0,0.0
925C,50,0005,203328.0,203328.0,COVID-19 Grant Fund,Department of Family and Support Services,Salaries and Wages - on Payroll,0.0,0.0
925C,50,0015,2779.0,2779.0,COVID-19 Grant Fund,Department of Family and Support Services,Schedule Salary Adjustments,0.0,0.0
925C,50,0044,121179.0,121179.0,COVID-19 Grant Fund,Department of Family and Support Services,Fringe Benefits,0.0,0.0
925C,50,0135,0.0,0.0,COVID-19 Grant Fund,Department of Family and Support Services,DELEGATE AGENCIES,0.0,0.0
925C,50,0140,0.0,0.0,COVID-19 Grant Fund,Department of Family and Support Services,PROFESSIONAL AND TECHNICAL SERVICES,0.0,0.0
925C,50,909A,43647714.0,43647714.0,COVID-19 Grant Fund,Department of Family and Support Services,Reserve Balance,0.0,0.0
925C,57,0020,0.0,0.0,COVID-19 Grant Fund,Chicago Police Department,OVERTIME,0.0,0.0
925C,57,0140,0.0,0.0,COVID-19 Grant Fund,Chicago Police Department,PROFESSIONAL AND TECHNICAL SERVICES,0.0,0.0
925C,57,0340,0.0,0.0,COVID-19 Grant Fund,Chicago Police Department,MATERIAL AND SUPPLIES,0.0,0.0
925C,57,0421,0.0,0.0,COVID-19 Grant Fund,Chicago Police Department,MACHINERY AND EQUIPMENT,0.0,0.0
925C,57,0450,0.0,0.0,COVID-19 Grant Fund,Chicago Police Department,VEHICLES,0.0,0.0
925C,57,0801,0.0,0.0,COVID-19 Grant Fund,Chicago Police Department,INDIRECT COSTS,0.0,0.0
925C,57,909A,6037000.0,6037000.0,COVID-19 Grant Fund,Chicago Police Department,Reserve Balance,0.0,0.0
925C,70,0140,0.0,0.0,COVID-19 Grant Fund,Department of Business Affairs and Consumer Protection,PROFESSIONAL AND TECHNICAL SERVICES,0.0,0.0
925C,70,909A,1627000.0,1627000.0,COVID-19 Grant Fund,Department of Business Affairs and Consumer Protection,Reserve Balance,0.0,0.0
925C,84,0140,9000000.0,9000000.0,COVID-19 Grant Fund,Chicago Department of Transportation,For Professional and Technical Services and Other Third Party Benefit Agreements,0.0,0.0
925C,84,0540,0.0,0.0,COVID-19 Grant Fund,Chicago Department of Transportation,CONSTRUCTION OF BUILDINGS AND STRUCTURES,0.0,0.0
925F,5,909A,232000.0,232000.0,Federal Grant Fund,Office of Budget and Management,Reserve Balance,0.0,0.0
925F,6,0005,409392.0,409392.0,Federal Grant Fund,Department of Technology and Innovation,Salaries and Wages - on Payroll,0.0,0.0
925F,6,0006,0.0,0.0,Federal Grant Fund,Department of Technology and Innovation,SALARY PROVISION,0.0,0.0
925F,6,0015,7506.0,7506.0,Federal Grant Fund,Department of Technology and Innovation,Schedule Salary Adjustments,0.0,0.0
925F,6,0044,259396.0,259396.0,Federal Grant Fund,Department of Technology and Innovation,Fringe Benefits,0.0,0.0
925F,6,0140,5923706.0,5923706.0,Federal Grant Fund,Department of Technology and Innovation,For Professional and Technical Services and Other Third Party Benefit Agreements,0.0,0.0
925F,6,909A,19352000.0,19352000.0,Federal Grant Fund,Department of Technology and Innovation,Reserve Balance,0.0,0.0
925F,21,0005,2194554.0,2194554.0,Federal Grant Fund,Department of Housing,Salaries and Wages - on Payroll,0.0,0.0
925F,21,0015,38964.0,38964.0,Federal Grant Fund,Department of Housing,Schedule Salary Adjustments,0.0,0.0
925F,21,0044,1318936.0,1318936.0,Federal Grant Fund,Department of Housing,Fringe Benefits,0.0,0.0
925F,21,0135,300000.0,300000.0,Federal Grant Fund,Department of Housing,For Delegate Agencies,0.0,0.0
925F,21,0169,18000.0,18000.0,Federal Grant Fund,Department of Housing,Technical Meeting Costs,0.0,0.0
925F,21,909A,59934000.0,59934000.0,Federal Grant Fund,Department of Housing,Reserve Balance,0.0,0.0
925F,21,9103,16129546.0,16129546.0,Federal Grant Fund,Department of Housing,Rehabilitation Loans and Grants,0.0,0.0
925F,23,0140,100000.0,100000.0,Federal Grant Fund,Department of Cultural Affairs and Special Events,For Professional and Technical Services and Other Third Party Benefit Agreements,0.0,0.0
925F,23,0991,54000.0,54000.0,Federal Grant Fund,Department of Cultural Affairs and Special Events,To Provide for Matching and Supplementary Grant Funds Currently in Effect as Well as New Grants,0.0,0.0
925F,23,909A,60000.0,60000.0,Federal Grant Fund,Department of Cultural Affairs and Special Events,Reserve Balance,0.0,0.0
925F,38,0005,115771.0,115771.0,Federal Grant Fund,Department of Fleet and Facility Management,Salaries and Wages - on Payroll,0.0,0.0
925F,38,0044,68997.0,68997.0,Federal Grant Fund,Department of Fleet and Facility Management,Fringe Benefits,0.0,0.0
925F,38,0140,615000.0,615000.0,Federal Grant Fund,Department of Fleet and Facility Management,For Professional and Technical Services and Other Third Party Benefit Agreements,0.0,0.0
925F,38,0450,7317000.0,0.0,Federal Grant Fund,Department of Fleet and Facility Management,Vehicles,7317000.0,0.0
925F,38,909A,41757232.0,41757232.0,Federal Grant Fund,Department of Fleet and Facility Management,Reserve Balance,0.0,0.0
925F,41,0005,4091530.0,4091530.0,Federal Grant Fund,Chicago Department of Public Health,Salaries and Wages - on Payroll,0.0,0.0
925F,41,0006,1126879.0,1126879.0,Federal Grant Fund,Chicago Department of Public Health,Salary Provision,0.0,0.0
925F,41,0015,46230.0,46230.0,Federal Grant Fund,Chicago Department of Public Health,Schedule Salary Adjustments,0.0,0.0
925F,41,0020,6858.0,6858.0,Federal Grant Fund,Chicago Department of Public Health,Overtime,0.0,0.0
925F,41,0044,2508682.0,2508682.0,Federal Grant Fund,Chicago Department of Public Health,Fringe Benefits,0.0,0.0
925F,41,0135,11510977.0,11510977.0,Federal Grant Fund,Chicago Department of Public Health,For Delegate Agencies,0.0,0.0
925F,41,0140,11510976.0,11510976.0,Federal Grant Fund,Chicago Department of Public Health,For Professional and Technical Services and Other Third Party Benefit Agreements,0.0,0.0
925F,41,0169,60400.0,60400.0,Federal Grant Fund,Chicago Department of Public Health,Technical Meeting Costs,0.0,0.0
925F,41,0181,0.0,0.0,Federal Grant Fund,Chicago Department of Public Health,MOBILE COMMUNICATION SERVICES,0.0,0.0
925F,41,0229,1500.0,1500.0,Federal Grant Fund,Chicago Department of Public Health,Transportation and Expense Allowance,0.0,0.0
925F,41,0270,20000.0,20000.0,Federal Grant Fund,Chicago Department of Public Health,Local Transportation,0.0,0.0
925F,41,0340,15000.0,15000.0,Federal Grant Fund,Chicago Department of Public Health,Material and Supplies,0.0,0.0
925F,41,0342,0.0,0.0,Federal Grant Fund,Chicago Department of Public Health,DRUGS  MEDICINE AND CHEMICAL MATERIALS,0.0,0.0
925F,41,0350,44000.0,44000.0,Federal Grant Fund,Chicago Department of Public Health,Stationery and Office Supplies,0.0,0.0
925F,41,0446,0.0,0.0,Federal Grant Fund,Chicago Department of Public Health,PURCHASE - IT HARDWARE,0.0,0.0
925F,41,0801,3090834.0,3090834.0,Federal Grant Fund,Chicago Department of Public Health,Indirect Costs,0.0,0.0
925F,41,0991,0.0,0.0,Federal Grant Fund,Chicago Department of Public Health,MATCHING AND SUPPLEMENTAL GRANTS,0.0,0.0
925F,41,0999,91000.0,91000.0,Federal Grant Fund,Chicago Department of Public Health,To Provide for Cultural Programming and Development Grants,0.0,0.0
925F,41,909A,28026000.0,28026000.0,Federal Grant Fund,Chicago Department of Public Health,Reserve Balance,0.0,0.0
925F,48,0005,135373.0,135373.0,Federal Grant Fund,Mayor's Office for People with Disabilities,Salaries and Wages - on Payroll,0.0,0.0
925F,48,0006,0.0,0.0,Federal Grant Fund,Mayor's Office for People with Disabilities,SALARY PROVISION,0.0,0.0
925F,48,0015,4260.0,4260.0,Federal Grant Fund,Mayor's Office for People with Disabilities,Schedule Salary Adjustments,0.0,0.0
925F,48,0044,80680.0,80680.0,Federal Grant Fund,Mayor's Office for People with Disabilities,Fringe Benefits,0.0,0.0
925F,48,0135,100000.0,100000.0,Federal Grant Fund,Mayor's Office for People with Disabilities,For Delegate Agencies,0.0,0.0
925F,48,0140,4687.0,4687.0,Federal Grant Fund,Mayor's Office for People with Disabilities,For Professional and Technical Services and Other Third Party Benefit Agreements,0.0,0.0
925F,48,909A,218000.0,218000.0,Federal Grant Fund,Mayor's Office for People with Disabilities,Reserve Balance,0.0,0.0
925F,50,0005,7292203.0,7350102.0,Federal Grant Fund,Department of Family and Support Services,Salaries and Wages - on Payroll,-57899.0,-0.7877305648275358
925F,50,0006,24515198.0,24515198.0,Federal Grant Fund,Department of Family and Support Services,Salary Provision,0.0,0.0
925F,50,0015,62846.0,62846.0,Federal Grant Fund,Department of Family and Support Services,Schedule Salary Adjustments,0.0,0.0
925F,50,0044,4394423.0,4394423.0,Federal Grant Fund,Department of Family and Support Services,Fringe Benefits,0.0,0.0
925F,50,0091,0.0,0.0,Federal Grant Fund,Department of Family and Support Services,UNIFORM ALLOWANCE,0.0,0.0
925F,50,0125,33926.0,33926.0,Federal Grant Fund,Department of Family and Support Services,Office and Building Services,0.0,0.0
925F,50,0135,42127000.0,42127000.0,Federal Grant Fund,Department of Family and Support Services,For Delegate Agencies,0.0,0.0
925F,50,0140,17963723.0,17963723.0,Federal Grant Fund,Department of Family and Support Services,For Professional and Technical Services and Other Third Party Benefit Agreements,0.0,0.0
925F,50,0155,53570.0,53570.0,Federal Grant Fund,Department of Family and Support Services,Rental of Property,0.0,0.0
925F,50,0159,20892.0,20892.0,Federal Grant Fund,Department of Family and Support Services,Lease Purchase Agreements for Equipment and Machinery,0.0,0.0
925F,50,0190,53570.0,53570.0,Federal Grant Fund,Department of Family and Support Services,Telephone - Centrex Billings,0.0,0.0
925F,50,0270,0.0,0.0,Federal Grant Fund,Department of Family and Support Services,LOCAL TRANSPORTATION,0.0,0.0
925F,50,0340,10500.0,10500.0,Federal Grant Fund,Department of Family and Support Services,Material and Supplies,0.0,0.0
925F,50,0350,3285.0,3285.0,Federal Grant Fund,Department of Family and Support Services,Stationery and Office Supplies,0.0,0.0
925F,50,0801,695562.0,695562.0,Federal Grant Fund,Department of Family and Support Services,Indirect Costs,0.0,0.0
925F,50,909A,52664000.0,52664000.0,Federal Grant Fund,Department of Family and Support Services,Reserve Balance,0.0,0.0
925F,51,0005,1166898.0,1166898.0,Federal Grant Fund,Office of Public Safety Administration,Salaries and Wages - on Payroll,0.0,0.0
925F,51,0006,1994947.0,1994947.0,Federal Grant Fund,Office of Public Safety Administration,Salary Provision,0.0,0.0
925F,51,0015,15688.0,15688.0,Federal Grant Fund,Office of Public Safety Administration,Schedule Salary Adjustments,0.0,0.0
925F,51,0044,719193.0,719193.0,Federal Grant Fund,Office of Public Safety Administration,Fringe Benefits,0.0,0.0
925F,51,0140,5355274.0,5355274.0,Federal Grant Fund,Office of Public Safety Administration,For Professional and Technical Services and Other Third Party Benefit Agreements,0.0,0.0
925F,51,909A,14335000.0,14335000.0,Federal Grant Fund,Office of Public Safety Administration,Reserve Balance,0.0,0.0
925F,54,0140,0.0,0.0,Federal Grant Fund,Department of Planning and Development,PROFESSIONAL AND TECHNICAL SERVICES,0.0,0.0
925F,54,909A,608000.0,608000.0,Federal Grant Fund,Department of Planning and Development,Reserve Balance,0.0,0.0
925F,57,0005,7336665.0,7336665.0,Federal Grant Fund,Chicago Police Department,Salaries and Wages - on Payroll,0.0,0.0
925F,57,0006,1623915.0,1623915.0,Federal Grant Fund,Chicago Police Department,Salary Provision,0.0,0.0
925F,57,0015,109252.0,109252.0,Federal Grant Fund,Chicago Police Department,Schedule Salary Adjustments,0.0,0.0
925F,57,0020,634000.0,634000.0,Federal Grant Fund,Chicago Police Department,Overtime,0.0,0.0
925F,57,0044,4597844.0,4597844.0,Federal Grant Fund,Chicago Police Department,Fringe Benefits,0.0,0.0
925F,57,0140,5024971.0,5024971.0,Federal Grant Fund,Chicago Police Department,For Professional and Technical Services and Other Third Party Benefit Agreements,0.0,0.0
925F,57,0229,0.0,0.0,Federal Grant Fund,Chicago Police Department,TRANSPORTATION AND EXPENSE ALLOWANCE,0.0,0.0
925F,57,0340,0.0,0.0,Federal Grant Fund,Chicago Police Department,MATERIAL AND SUPPLIES,0.0,0.0
925F,57,0421,0.0,0.0,Federal Grant Fund,Chicago Police Department,MACHINERY AND EQUIPMENT,0.0,0.0
925F,57,0451,3724876.0,3724876.0,Federal Grant Fund,Chicago Police Department,For Purchase of Vehicles for Use by the Police and Fire Departments,0.0,0.0
925F,57,0801,100000.0,100000.0,Federal Grant Fund,Chicago Police Department,Indirect Costs,0.0,0.0
925F,57,0991,10000.0,10000.0,Federal Grant Fund,Chicago Police Department,To Provide for Matching and Supplementary Grant Funds Currently in Effect as Well as New Grants,0.0,0.0
925F,57,909A,75000000.0,75000000.0,Federal Grant Fund,Chicago Police Department,Reserve Balance,0.0,0.0
925F,58,0140,3000000.0,3000000.0,Federal Grant Fund,Office of Emergency Management and Communications,For Professional and Technical Services and Other Third Party Benefit Agreements,0.0,0.0
925F,58,909A,4791000.0,4791000.0,Federal Grant Fund,Office of Emergency Management and Communications,Reserve Balance,0.0,0.0
925F,59,0005,360519.0,360519.0,Federal Grant Fund,Chicago Fire Department,Salaries and Wages - on Payroll,0.0,0.0
925F,59,0006,72106.0,72106.0,Federal Grant Fund,Chicago Fire Department,Salary Provision,0.0,0.0
925F,59,0015,2512.0,2512.0,Federal Grant Fund,Chicago Fire Department,Schedule Salary Adjustments,0.0,0.0
925F,59,0020,0.0,0.0,Federal Grant Fund,Chicago Fire Department,OVERTIME,0.0,0.0
925F,59,0044,214863.0,214863.0,Federal Grant Fund,Chicago Fire Department,Fringe Benefits,0.0,0.0
925F,59,0140,8551000.0,8551000.0,Federal Grant Fund,Chicago Fire Department,For Professional and Technical Services and Other Third Party Benefit Agreements,0.0,0.0
925F,59,0181,0.0,0.0,Federal Grant Fund,Chicago Fire Department,MOBILE COMMUNICATION SERVICES,0.0,0.0
925F,59,0340,0.0,0.0,Federal Grant Fund,Chicago Fire Department,MATERIAL AND SUPPLIES,0.0,0.0
925F,59,0421,0.0,0.0,Federal Grant Fund,Chicago Fire Department,MACHINERY AND EQUIPMENT,0.0,0.0
925F,59,0801,0.0,0.0,Federal Grant Fund,Chicago Fire Department,INDIRECT COSTS,0.0,0.0
925F,59,0991,0.0,0.0,Federal Grant Fund,Chicago Fire Department,MATCHING AND SUPPLEMENTAL GRANTS,0.0,0.0
925F,59,909A,19275000.0,19275000.0,Federal Grant Fund,Chicago Fire Department,Reserve Balance,0.0,0.0
925F,67,0140,0.0,0.0,Federal Grant Fund,Department of Buildings,PROFESSIONAL AND TECHNICAL SERVICES,0.0,0.0
925F,67,909A,224000.0,224000.0,Federal Grant Fund,Department of Buildings,Reserve Balance,0.0,0.0
925F,72,909A,483000.0,483000.0,Federal Grant Fund,Department of Environment,Reserve Balance,0.0,0.0
925F,81,0005,128571.0,128571.0,Federal Grant Fund,Department of Streets and Sanitation,Salaries and Wages - on Payroll,0.0,0.0
925F,81,0044,87443.0,87443.0,Federal Grant Fund,Department of Streets and Sanitation,Fringe Benefits,0.0,0.0
925F,81,0140,0.0,0.0,Federal Grant Fund,Department of Streets and Sanitation,PROFESSIONAL AND TECHNICAL SERVICES,0.0,0.0
925F,81,909A,2783986.0,2783986.0,Federal Grant Fund,Department of Streets and Sanitation,Reserve Balance,0.0,0.0
925F,84,0005,278790.0,192270.0,Federal Grant Fund,Chicago Department of Transportation,Salaries and Wages - on Payroll,86520.0,44.999219847090025
925F,84,0015,2765.0,2765.0,Federal Grant Fund,Chicago Department of Transportation,Schedule Salary Adjustments,0.0,0.0
925F,84,0044,114589.0,114589.0,Federal Grant Fund,Chicago Department of Transportation,Fringe Benefits,0.0,0.0
925F,84,0140,143000000.0,143000000.0,Federal Grant Fund,Chicago Department of Transportation,For Professional and Technical Services and Other Third Party Benefit Agreements,0.0,0.0
925F,84,0540,138913000.0,138913000.0,Federal Grant Fund,Chicago Department of Transportation,Construction of Buildings and Other Structures,0.0,0.0
925F,84,9000,3825000.0,3825000.0,Federal Grant Fund,Chicago Department of Transportation,Purposes as Specified,0.0,0.0
925F,84,909A,309306000.0,309306000.0,Federal Grant Fund,Chicago Department of Transportation,Reserve Balance,0.0,0.0
925F,85,0140,140000000.0,140000000.0,Federal Grant Fund,Chicago Department of Aviation,For Professional and Technical Services and Other Third Party Benefit Agreements,0.0,0.0
925F,85,909A,367060000.0,367060000.0,Federal Grant Fund,Chicago Department of Aviation,Reserve Balance,0.0,0.0
925F,88,909A,1960000.0,1960000.0,Federal Grant Fund,Department of Water Management,Reserve Balance,0.0,0.0
925L,1,0005,166510.0,166510.0,Local Public and Private Grant Fund,Office of the Mayor,Salaries and Wages - on Payroll,0.0,0.0
925L,1,0006,0.0,0.0,Local Public and Private Grant Fund,Office of the Mayor,SALARY PROVISION,0.0,0.0
925L,1,0044,99237.0,99237.0,Local Public and Private Grant Fund,Office of the Mayor,Fringe Benefits,0.0,0.0
925L,1,0140,0.0,0.0,Local Public and Private Grant Fund,Office of the Mayor,PROFESSIONAL AND TECHNICAL SERVICES,0.0,0.0
925L,1,909A,409253.0,409253.0,Local Public and Private Grant Fund,Office of the Mayor,Reserve Balance,0.0,0.0
925L,5,909A,0.0,0.0,Local Public and Private Grant Fund,Office of Budget and Management,RESERVE BALANCE,0.0,0.0
925L,21,0140,0.0,0.0,Local Public and Private Grant Fund,Department of Housing,PROFESSIONAL AND TECHNICAL SERVICES,0.0,0.0
925L,21,909A,10000000.0,708000.0,Local Public and Private Grant Fund,Department of Housing,Reserve Balance,9292000.0,1312.4293785310736
925L,23,0140,3000000.0,3000000.0,Local Public and Private Grant Fund,Department of Cultural Affairs and Special Events,For Professional and Technical Services and Other Third Party Benefit Agreements,0.0,0.0
925L,23,0991,1800000.0,1800000.0,Local Public and Private Grant Fund,Department of Cultural Affairs and Special Events,To Provide for Matching and Supplementary Grant Funds Currently in Effect as Well as New Grants,0.0,0.0
925L,23,909A,8112000.0,8112000.0,Local Public and Private Grant Fund,Department of Cultural Affairs and Special Events,Reserve Balance,0.0,0.0
925L,25,0340,39000.0,39000.0,Local Public and Private Grant Fund,Office of City Clerk,Material and Supplies,0.0,0.0
925L,27,0005,0.0,69216.0,Local Public and Private Grant Fund,Department of Finance,SALARIES AND WAGES - ON PAYROLL,-69216.0,-100.0
925L,27,0006,0.0,697.0,Local Public and Private Grant Fund,Department of Finance,SALARY PROVISION,-697.0,-100.0
925L,27,0015,0.0,2070.0,Local Public and Private Grant Fund,Department of Finance,SCHEDULE SALARY ADJUSTMENTS,-2070.0,-100.0
925L,27,0044,0.0,50017.0,Local Public and Private Grant Fund,Department of Finance,FRINGE BENEFITS,-50017.0,-100.0
925L,31,0005,0.0,60662.0,Local Public and Private Grant Fund,Department of Law,SALARIES AND WAGES - ON PAYROLL,-60662.0,-100.0
925L,31,0006,0.0,502.0,Local Public and Private Grant Fund,Department of Law,SALARY PROVISION,-502.0,-100.0
925L,31,0044,0.0,43836.0,Local Public and Private Grant Fund,Department of Law,FRINGE BENEFITS,-43836.0,-100.0
925L,41,0005,184249.0,184249.0,Local Public and Private Grant Fund,Chicago Department of Public Health,Salaries and Wages - on Payroll,0.0,0.0
925L,41,0020,0.0,0.0,Local Public and Private Grant Fund,Chicago Department of Public Health,OVERTIME,0.0,0.0
925L,41,0044,115039.0,115039.0,Local Public and Private Grant Fund,Chicago Department of Public Health,Fringe Benefits,0.0,0.0
925L,41,0140,66287.0,66287.0,Local Public and Private Grant Fund,Chicago Department of Public Health,For Professional and Technical Services and Other Third Party Benefit Agreements,0.0,0.0
925L,41,0229,8000.0,8000.0,Local Public and Private Grant Fund,Chicago Department of Public Health,Transportation and Expense Allowance,0.0,0.0
925L,41,0340,7312.0,7312.0,Local Public and Private Grant Fund,Chicago Department of Public Health,Material and Supplies,0.0,0.0
925L,41,0991,29113.0,29113.0,Local Public and Private Grant Fund,Chicago Department of Public Health,To Provide for Matching and Supplementary Grant Funds Currently in Effect as Well as New Grants,0.0,0.0
925L,41,909A,813000.0,813000.0,Local Public and Private Grant Fund,Chicago Department of Public Health,Reserve Balance,0.0,0.0
925L,48,0006,40000.0,40000.0,Local Public and Private Grant Fund,Mayor's Office for People with Disabilities,Salary Provision,0.0,0.0
925L,48,0140,0.0,0.0,Local Public and Private Grant Fund,Mayor's Office for People with Disabilities,PROFESSIONAL AND TECHNICAL SERVICES,0.0,0.0
925L,48,909A,183000.0,183000.0,Local Public and Private Grant Fund,Mayor's Office for People with Disabilities,Reserve Balance,0.0,0.0
925L,50,0135,2000000.0,2000000.0,Local Public and Private Grant Fund,Department of Family and Support Services,For Delegate Agencies,0.0,0.0
925L,50,0140,140000.0,140000.0,Local Public and Private Grant Fund,Department of Family and Support Services,For Professional and Technical Services and Other Third Party Benefit Agreements,0.0,0.0
925L,50,0991,490000.0,490000.0,Local Public and Private Grant Fund,Department of Family and Support Services,To Provide for Matching and Supplementary Grant Funds Currently in Effect as Well as New Grants,0.0,0.0
925L,50,909A,2678000.0,2678000.0,Local Public and Private Grant Fund,Department of Family and Support Services,Reserve Balance,0.0,0.0
925L,51,0140,0.0,0.0,Local Public and Private Grant Fund,Office of Public Safety Administration,PROFESSIONAL AND TECHNICAL SERVICES,0.0,0.0
925L,51,909A,953000.0,953000.0,Local Public and Private Grant Fund,Office of Public Safety Administration,Reserve Balance,0.0,0.0
925L,54,0006,0.0,0.0,Local Public and Private Grant Fund,Department of Planning and Development,SALARY PROVISION,0.0,0.0
925L,54,0140,285000.0,285000.0,Local Public and Private Grant Fund,Department of Planning and Development,For Professional and Technical Services and Other Third Party Benefit Agreements,0.0,0.0
925L,54,909A,150000.0,150000.0,Local Public and Private Grant Fund,Department of Planning and Development,Reserve Balance,0.0,0.0
925L,57,0005,4368018.0,4368018.0,Local Public and Private Grant Fund,Chicago Police Department,Salaries and Wages - on Payroll,0.0,0.0
925L,57,0006,1265519.0,1265519.0,Local Public and Private Grant Fund,Chicago Police Department,Salary Provision,0.0,0.0
925L,57,0015,114540.0,114540.0,Local Public and Private Grant Fund,Chicago Police Department,Schedule Salary Adjustments,0.0,0.0
925L,57,0044,2620923.0,2620923.0,Local Public and Private Grant Fund,Chicago Police Department,Fringe Benefits,0.0,0.0
925L,57,0140,151000.0,151000.0,Local Public and Private Grant Fund,Chicago Police Department,For Professional and Technical Services and Other Third Party Benefit Agreements,0.0,0.0
925L,57,909A,7161000.0,7161000.0,Local Public and Private Grant Fund,Chicago Police Department,Reserve Balance,0.0,0.0
925L,58,0140,0.0,0.0,Local Public and Private Grant Fund,Office of Emergency Management and Communications,PROFESSIONAL AND TECHNICAL SERVICES,0.0,0.0
925L,58,909A,338000.0,338000.0,Local Public and Private Grant Fund,Office of Emergency Management and Communications,Reserve Balance,0.0,0.0
925L,59,0140,0.0,0.0,Local Public and Private Grant Fund,Chicago Fire Department,PROFESSIONAL AND TECHNICAL SERVICES,0.0,0.0
925L,59,0991,0.0,0.0,Local Public and Private Grant Fund,Chicago Fire Department,MATCHING AND SUPPLEMENTAL GRANTS,0.0,0.0
925L,59,909A,186000.0,186000.0,Local Public and Private Grant Fund,Chicago Fire Department,Reserve Balance,0.0,0.0
925L,70,0005,1798401.0,836217.0,Local Public and Private Grant Fund,Department of Business Affairs and Consumer Protection,Salaries and Wages - on Payroll,962184.0,115.06391283602223
925L,70,0015,37607.0,12563.0,Local Public and Private Grant Fund,Department of Business Affairs and Consumer Protection,Schedule Salary Adjustments,25044.0,199.34728966011303
925L,70,0044,1069084.0,498367.0,Local Public and Private Grant Fund,Department of Business Affairs and Consumer Protection,Fringe Benefits,570717.0,114.51741387371155
925L,70,0138,0.0,0.0,Local Public and Private Grant Fund,Department of Business Affairs and Consumer Protection,IT MAINTENANCE,0.0,0.0
925L,70,0140,17104.0,0.0,Local Public and Private Grant Fund,Department of Business Affairs and Consumer Protection,For Professional and Technical Services and Other Third Party Benefit Agreements,17104.0,0.0
925L,70,0152,33000.0,0.0,Local Public and Private Grant Fund,Department of Business Affairs and Consumer Protection,Advertising,33000.0,0.0
925L,70,0350,5821.0,0.0,Local Public and Private Grant Fund,Department of Business Affairs and Consumer Protection,Stationery and Office Supplies,5821.0,0.0
925L,70,0446,0.0,0.0,Local Public and Private Grant Fund,Department of Business Affairs and Consumer Protection,PURCHASE - IT HARDWARE,0.0,0.0
925L,70,9046,3078983.0,5760853.0,Local Public and Private Grant Fund,Department of Business Affairs and Consumer Protection,For Operations and Maintenance Reserve,-2681870.0,-46.553348957177
925L,70,909A,0.0,5601000.0,Local Public and Private Grant Fund,Department of Business Affairs and Consumer Protection,RESERVE BALANCE,-5601000.0,-100.0
925L,70,9438,60000.0,0.0,Local Public and Private Grant Fund,Department of Business Affairs and Consumer Protection,For Services Provided by the Department of Fleet and Facilities Management,60000.0,0.0
925L,70,9470,0.0,0.0,Local Public and Private Grant Fund,Department of Business Affairs and Consumer Protection,REIMBURSEMENT - BACP,0.0,0.0
925L,84,0140,9000000.0,9000000.0,Local Public and Private Grant Fund,Chicago Department of Transportation,For Professional and Technical Services and Other Third Party Benefit Agreements,0.0,0.0
925L,84,0540,28000000.0,28000000.0,Local Public and Private Grant Fund,Chicago Department of Transportation,Construction of Buildings and Other Structures,0.0,0.0
925L,84,0991,350000.0,350000.0,Local Public and Private Grant Fund,Chicago Department of Transportation,To Provide for Matching and Supplementary Grant Funds Currently in Effect as Well as New Grants,0.0,0.0
925L,84,909A,24064000.0,24064000.0,Local Public and Private Grant Fund,Chicago Department of Transportation,Reserve Balance,0.0,0.0
925P,21,909A,11746000.0,11746000.0,Program Income Fund,Department of Housing,Reserve Balance,0.0,0.0
925P,21,9103,16847000.0,16847000.0,Program Income Fund,Department of Housing,Rehabilitation Loans and Grants,0.0,0.0
925P,50,0135,150000.0,150000.0,Program Income Fund,Department of Family and Support Services,For Delegate Agencies,0.0,0.0
925P,50,909A,541000.0,541000.0,Program Income Fund,Department of Family and Support Services,Reserve Balance,0.0,0.0
925S,21,0005,62169.0,62169.0,State Grant Fund,Department of Housing,Salaries and Wages - on Payroll,0.0,0.0
925S,21,0044,42282.0,42282.0,State Grant Fund,Department of Housing,Fringe Benefits,0.0,0.0
925S,21,0135,9895549.0,9895549.0,State Grant Fund,Department of Housing,For Delegate Agencies,0.0,0.0
925S,21,909A,19773000.0,20000000.0,State Grant Fund,Department of Housing,Reserve Balance,-227000.0,-1.135
925S,23,0991,141000.0,141000.0,State Grant Fund,Department of Cultural Affairs and Special Events,To Provide for Matching and Supplementary Grant Funds Currently in Effect as Well as New Grants,0.0,0.0
925S,23,909A,450000.0,450000.0,State Grant Fund,Department of Cultural Affairs and Special Events,Reserve Balance,0.0,0.0
925S,27,0005,69216.0,0.0,State Grant Fund,Department of Finance,Salaries and Wages - on Payroll,69216.0,0.0
925S,27,0006,697.0,0.0,State Grant Fund,Department of Finance,Salary Provision,697.0,0.0
925S,27,0015,2070.0,0.0,State Grant Fund,Department of Finance,Schedule Salary Adjustments,2070.0,0.0
925S,27,0044,50017.0,0.0,State Grant Fund,Department of Finance,Fringe Benefits,50017.0,0.0
925S,31,0005,60662.0,0.0,State Grant Fund,Department of Law,Salaries and Wages - on Payroll,60662.0,0.0
925S,31,0006,502.0,0.0,State Grant Fund,Department of Law,Salary Provision,502.0,0.0
925S,31,0044,43836.0,0.0,State Grant Fund,Department of Law,Fringe Benefits,43836.0,0.0
925S,41,0005,3759936.0,3752124.0,State Grant Fund,Chicago Department of Public Health,Salaries and Wages - on Payroll,7812.0,0.20820207434509094
925S,41,0006,0.0,0.0,State Grant Fund,Chicago Department of Public Health,SALARY PROVISION,0.0,0.0
925S,41,0015,15572.0,15572.0,State Grant Fund,Chicago Department of Public Health,Schedule Salary Adjustments,0.0,0.0
925S,41,0044,2255546.0,2255546.0,State Grant Fund,Chicago Department of Public Health,Fringe Benefits,0.0,0.0
925S,41,0140,95157.0,95157.0,State Grant Fund,Chicago Department of Public Health,For Professional and Technical Services and Other Third Party Benefit Agreements,0.0,0.0
925S,41,0801,155115.0,155115.0,State Grant Fund,Chicago Department of Public Health,Indirect Costs,0.0,0.0
925S,41,909A,4931758.0,4931758.0,State Grant Fund,Chicago Department of Public Health,Reserve Balance,0.0,0.0
925S,48,0005,0.0,0.0,State Grant Fund,Mayor's Office for People with Disabilities,SALARIES AND WAGES - ON PAYROLL,0.0,0.0
925S,48,0006,0.0,0.0,State Grant Fund,Mayor's Office for People with Disabilities,SALARY PROVISION,0.0,0.0
925S,48,0015,0.0,0.0,State Grant Fund,Mayor's Office for People with Disabilities,SCHEDULE SALARY ADJUSTMENTS,0.0,0.0
925S,48,0044,0.0,0.0,State Grant Fund,Mayor's Office for People with Disabilities,FRINGE BENEFITS,0.0,0.0
925S,50,0005,1406591.0,1406591.0,State Grant Fund,Department of Family and Support Services,Salaries and Wages - on Payroll,0.0,0.0
925S,50,0006,60022.0,60022.0,State Grant Fund,Department of Family and Support Services,Salary Provision,0.0,0.0
925S,50,0015,19469.0,19469.0,State Grant Fund,Department of Family and Support Services,Schedule Salary Adjustments,0.0,0.0
925S,50,0044,867323.0,867323.0,State Grant Fund,Department of Family and Support Services,Fringe Benefits,0.0,0.0
925S,50,0135,75125000.0,75125000.0,State Grant Fund,Department of Family and Support Services,For Delegate Agencies,0.0,0.0
925S,50,0140,40614479.0,40614479.0,State Grant Fund,Department of Family and Support Services,For Professional and Technical Services and Other Third Party Benefit Agreements,0.0,0.0
925S,50,0190,4359.0,4359.0,State Grant Fund,Department of Family and Support Services,Telephone - Centrex Billings,0.0,0.0
925S,50,0801,102759.0,102759.0,State Grant Fund,Department of Family and Support Services,Indirect Costs,0.0,0.0
925S,50,909A,116325000.0,116325000.0,State Grant Fund,Department of Family and Support Services,Reserve Balance,0.0,0.0
925S,54,909A,0.0,0.0,State Grant Fund,Department of Planning and Development,RESERVE BALANCE,0.0,0.0
925S,54,9103,0.0,0.0,State Grant Fund,Department of Planning and Development,REHABILITATION LOANS GT,0.0,0.0
925S,57,0140,1776000.0,1776000.0,State Grant Fund,Chicago Police Department,For Professional and Technical Services and Other Third Party Benefit Agreements,0.0,0.0
925S,57,909A,9500000.0,9500000.0,State Grant Fund,Chicago Police Department,Reserve Balance,0.0,0.0
925S,58,0005,169781.0,169781.0,State Grant Fund,Office of Emergency Management and Communications,Salaries and Wages - on Payroll,0.0,0.0
925S,58,0044,101186.0,101186.0,State Grant Fund,Office of Emergency Management and Communications,Fringe Benefits,0.0,0.0
925S,58,0140,0.0,0.0,State Grant Fund,Office of Emergency Management and Communications,PROFESSIONAL AND TECHNICAL SERVICES,0.0,0.0
925S,58,909A,2019033.0,2019033.0,State Grant Fund,Office of Emergency Management and Communications,Reserve Balance,0.0,0.0
925S,59,0005,1401462.0,1401462.0,State Grant Fund,Chicago Fire Department,Salaries and Wages - on Payroll,0.0,0.0
925S,59,0015,4987.0,4987.0,State Grant Fund,Chicago Fire Department,Schedule Salary Adjustments,0.0,0.0
925S,59,0044,851826.0,851826.0,State Grant Fund,Chicago Fire Department,Fringe Benefits,0.0,0.0
925S,59,0140,3241725.0,3241725.0,State Grant Fund,Chicago Fire Department,For Professional and Technical Services and Other Third Party Benefit Agreements,0.0,0.0
925S,59,909A,5199600.0,5199600.0,State Grant Fund,Chicago Fire Department,Reserve Balance,0.0,0.0
925S,70,0006,273433.0,273433.0,State Grant Fund,Department of Business Affairs and Consumer Protection,Salary Provision,0.0,0.0
925S,70,0130,6567.0,6567.0,State Grant Fund,Department of Business Affairs and Consumer Protection,Postage,0.0,0.0
925S,70,0140,50000.0,50000.0,State Grant Fund,Department of Business Affairs and Consumer Protection,For Professional and Technical Services and Other Third Party Benefit Agreements,0.0,0.0
925S,70,909A,295000.0,295000.0,State Grant Fund,Department of Business Affairs and Consumer Protection,Reserve Balance,0.0,0.0
925S,84,0140,0.0,0.0,State Grant Fund,Chicago Department of Transportation,PROFESSIONAL AND TECHNICAL SERVICES,0.0,0.0
925S,84,0540,123332000.0,123332000.0,State Grant Fund,Chicago Department of Transportation,Construction of Buildings and Other Structures,0.0,0.0
925S,84,909A,141315000.0,141315000.0,State Grant Fund,Chicago Department of Transportation,Reserve Balance,0.0,0.0
925S,91,0005,5569878.0,5577690.0,State Grant Fund,Chicago Public Library,Salaries and Wages - on Payroll,-7812.0,-0.14005798099213115
925S,91,0006,0.0,0.0,State Grant Fund,Chicago Public Library,SALARY PROVISION,0.0,0.0
925S,91,0015,25043.0,25043.0,State Grant Fund,Chicago Public Library,Schedule Salary Adjustments,0.0,0.0
925S,91,0044,3389777.0,3389777.0,State Grant Fund,Chicago Public Library,Fringe Benefits,0.0,0.0
925S,91,0540,0.0,0.0,State Grant Fund,Chicago Public Library,CONSTRUCTION OF BUILDINGS AND STRUCTURES,0.0,0.0
925S,91,909A,14245490.0,14245490.0,State Grant Fund,Chicago Public Library,Reserve Balance,0.0,0.0
GA00,1,0005,647103.0,647103.0,Coronavirus Local Fiscal Recovery Fund,Office of the Mayor,Salaries and Wages - on Payroll,0.0,0.0
GA00,1,0006,238.0,238.0,Coronavirus Local Fiscal Recovery Fund,Office of the Mayor,Salary Provision,0.0,0.0
GA00,1,0044,385659.0,385659.0,Coronavirus Local Fiscal Recovery Fund,Office of the Mayor,Fringe Benefits,0.0,0.0
GA00,1,909A,815000.0,1694000.0,Coronavirus Local Fiscal Recovery Fund,Office of the Mayor,Reserve Balance,-879000.0,-51.88902007083826
GA00,5,0005,230891.0,230891.0,Coronavirus Local Fiscal Recovery Fund,Office of Budget and Management,Salaries and Wages - on Payroll,0.0,0.0
GA00,5,0006,0.0,0.0,Coronavirus Local Fiscal Recovery Fund,Office of Budget and Management,SALARY PROVISION,0.0,0.0
GA00,5,0044,137606.0,137606.0,Coronavirus Local Fiscal Recovery Fund,Office of Budget and Management,Fringe Benefits,0.0,0.0
GA00,5,0135,0.0,0.0,Coronavirus Local Fiscal Recovery Fund,Office of Budget and Management,DELEGATE AGENCIES,0.0,0.0
GA00,5,0140,2049503.0,2049503.0,Coronavirus Local Fiscal Recovery Fund,Office of Budget and Management,For Professional and Technical Services and Other Third Party Benefit Agreements,0.0,0.0
GA00,5,0157,0.0,0.0,Coronavirus Local Fiscal Recovery Fund,Office of Budget and Management,RENTAL EQUIPMENT AND SERVICES,0.0,0.0
GA00,5,0350,0.0,0.0,Coronavirus Local Fiscal Recovery Fund,Office of Budget and Management,STATIONERY AND OFFICE SUPPLIES,0.0,0.0
GA00,5,0446,0.0,0.0,Coronavirus Local Fiscal Recovery Fund,Office of Budget and Management,PURCHASE - IT HARDWARE,0.0,0.0
GA00,5,909A,8482000.0,10482000.0,Coronavirus Local Fiscal Recovery Fund,Office of Budget and Management,Reserve Balance,-2000000.0,-19.080328181644724
GA00,5,9246,0.0,0.0,Coronavirus Local Fiscal Recovery Fund,Office of Budget and Management,AMERICAN RESCUE PLAN INVESTMENT,0.0,0.0
GA00,6,0006,0.0,0.0,Coronavirus Local Fiscal Recovery Fund,Department of Technology and Innovation,SALARY PROVISION,0.0,0.0
GA00,6,909A,0.0,0.0,Coronavirus Local Fiscal Recovery Fund,Department of Technology and Innovation,RESERVE BALANCE,0.0,0.0
GA00,21,0005,0.0,0.0,Coronavirus Local Fiscal Recovery Fund,Department of Housing,SALARIES AND WAGES - ON PAYROLL,0.0,0.0
GA00,21,0006,0.0,0.0,Coronavirus Local Fiscal Recovery Fund,Department of Housing,SALARY PROVISION,0.0,0.0
GA00,21,0044,0.0,0.0,Coronavirus Local Fiscal Recovery Fund,Department of Housing,FRINGE BENEFITS,0.0,0.0
GA00,21,909A,0.0,0.0,Coronavirus Local Fiscal Recovery Fund,Department of Housing,RESERVE BALANCE,0.0,0.0
GA00,23,0005,0.0,0.0,Coronavirus Local Fiscal Recovery Fund,Department of Cultural Affairs and Special Events,SALARIES AND WAGES - ON PAYROLL,0.0,0.0
GA00,23,0006,0.0,0.0,Coronavirus Local Fiscal Recovery Fund,Department of Cultural Affairs and Special Events,SALARY PROVISION,0.0,0.0
GA00,23,0044,0.0,0.0,Coronavirus Local Fiscal Recovery Fund,Department of Cultural Affairs and Special Events,FRINGE BENEFITS,0.0,0.0
GA00,23,0135,2885000.0,2885000.0,Coronavirus Local Fiscal Recovery Fund,Department of Cultural Affairs and Special Events,For Delegate Agencies,0.0,0.0
GA00,23,909A,10760000.0,10760000.0,Coronavirus Local Fiscal Recovery Fund,Department of Cultural Affairs and Special Events,Reserve Balance,0.0,0.0
GA00,23,9219,0.0,0.0,Coronavirus Local Fiscal Recovery Fund,Department of Cultural Affairs and Special Events,IMPLEMENTATION OF CULTURAL PLAN,0.0,0.0
GA00,23,9246,0.0,0.0,Coronavirus Local Fiscal Recovery Fund,Department of Cultural Affairs and Special Events,AMERICAN RESCUE PLAN INVESTMENT,0.0,0.0
GA00,27,0135,4449000.0,4449000.0,Coronavirus Local Fiscal Recovery Fund,Department of Finance,For Delegate Agencies,0.0,0.0
GA00,27,0140,0.0,0.0,Coronavirus Local Fiscal Recovery Fund,Department of Finance,PROFESSIONAL AND TECHNICAL SERVICES,0.0,0.0
GA00,27,909A,0.0,0.0,Coronavirus Local Fiscal Recovery Fund,Department of Finance,RESERVE BALANCE,0.0,0.0
GA00,33,0006,0.0,0.0,Coronavirus Local Fiscal Recovery Fund,Department of Human Resources,SALARY PROVISION,0.0,0.0
GA00,33,909A,0.0,0.0,Coronavirus Local Fiscal Recovery Fund,Department of Human Resources,RESERVE BALANCE,0.0,0.0
GA00,38,0125,0.0,0.0,Coronavirus Local Fiscal Recovery Fund,Department of Fleet and Facility Management,OFFICE AND BUILDING SERVICES,0.0,0.0
GA00,41,0005,5567660.0,5567660.0,Coronavirus Local Fiscal Recovery Fund,Chicago Department of Public Health,Salaries and Wages - on Payroll,0.0,0.0
GA00,41,0006,361216.0,361216.0,Coronavirus Local Fiscal Recovery Fund,Chicago Department of Public Health,Salary Provision,0.0,0.0
GA00,41,0015,45084.0,45084.0,Coronavirus Local Fiscal Recovery Fund,Chicago Department of Public Health,Schedule Salary Adjustments,0.0,0.0
GA00,41,0044,3473844.0,3473844.0,Coronavirus Local Fiscal Recovery Fund,Chicago Department of Public Health,Fringe Benefits,0.0,0.0
GA00,41,0091,0.0,0.0,Coronavirus Local Fiscal Recovery Fund,Chicago Department of Public Health,UNIFORM ALLOWANCE,0.0,0.0
GA00,41,0135,25450627.0,25450627.0,Coronavirus Local Fiscal Recovery Fund,Chicago Department of Public Health,For Delegate Agencies,0.0,0.0
GA00,41,0140,2645569.0,2645569.0,Coronavirus Local Fiscal Recovery Fund,Chicago Department of Public Health,For Professional and Technical Services and Other Third Party Benefit Agreements,0.0,0.0
GA00,41,0149,0.0,0.0,Coronavirus Local Fiscal Recovery Fund,Chicago Department of Public Health,SOFTWARE MAINTENANCE AND LICENSING,0.0,0.0
GA00,41,0150,0.0,0.0,Coronavirus Local Fiscal Recovery Fund,Chicago Department of Public Health,OUTSIDE GRAPHIC SERVICES,0.0,0.0
GA00,41,0155,0.0,0.0,Coronavirus Local Fiscal Recovery Fund,Chicago Department of Public Health,RENTAL OF PROPERTY,0.0,0.0
GA00,41,0157,0.0,0.0,Coronavirus Local Fiscal Recovery Fund,Chicago Department of Public Health,RENTAL EQUIPMENT AND SERVICES,0.0,0.0
GA00,41,0159,0.0,0.0,Coronavirus Local Fiscal Recovery Fund,Chicago Department of Public Health,LEASE/PURCHASE EQUIPMENT,0.0,0.0
GA00,41,0162,0.0,0.0,Coronavirus Local Fiscal Recovery Fund,Chicago Department of Public Health,REPAIR/MAINT EQUIPMENT,0.0,0.0
GA00,41,0169,5500.0,5500.0,Coronavirus Local Fiscal Recovery Fund,Chicago Department of Public Health,Technical Meeting Costs,0.0,0.0
GA00,41,0181,0.0,0.0,Coronavirus Local Fiscal Recovery Fund,Chicago Department of Public Health,MOBILE COMMUNICATION SERVICES,0.0,0.0
GA00,41,0189,0.0,0.0,Coronavirus Local Fiscal Recovery Fund,Chicago Department of Public Health,TELEPHONE - NON-CENTREX BILLINGS,0.0,0.0
GA00,41,0190,0.0,0.0,Coronavirus Local Fiscal Recovery Fund,Chicago Department of Public Health,TELEPHONE - CENTREX BILLINGS,0.0,0.0
GA00,41,0196,0.0,0.0,Coronavirus Local Fiscal Recovery Fund,Chicago Department of Public Health,DATA CIRCUITS,0.0,0.0
GA00,41,0229,2500.0,2500.0,Coronavirus Local Fiscal Recovery Fund,Chicago Department of Public Health,Transportation and Expense Allowance,0.0,0.0
GA00,41,0270,0.0,0.0,Coronavirus Local Fiscal Recovery Fund,Chicago Department of Public Health,LOCAL TRANSPORTATION,0.0,0.0
GA00,41,0340,0.0,0.0,Coronavirus Local Fiscal Recovery Fund,Chicago Department of Public Health,MATERIAL AND SUPPLIES,0.0,0.0
GA00,41,0342,0.0,0.0,Coronavirus Local Fiscal Recovery Fund,Chicago Department of Public Health,DRUGS  MEDICINE AND CHEMICAL MATERIALS,0.0,0.0
GA00,41,0350,4000.0,4000.0,Coronavirus Local Fiscal Recovery Fund,Chicago Department of Public Health,Stationery and Office Supplies,0.0,0.0
GA00,41,0420,0.0,0.0,Coronavirus Local Fiscal Recovery Fund,Chicago Department of Public Health,FURNITURE AND FIXTURES,0.0,0.0
GA00,41,0446,0.0,0.0,Coronavirus Local Fiscal Recovery Fund,Chicago Department of Public Health,PURCHASE - IT HARDWARE,0.0,0.0
GA00,41,909A,30694000.0,40378000.0,Coronavirus Local Fiscal Recovery Fund,Chicago Department of Public Health,Reserve Balance,-9684000.0,-23.98335727376294
GA00,48,0006,0.0,0.0,Coronavirus Local Fiscal Recovery Fund,Mayor's Office for People with Disabilities,SALARY PROVISION,0.0,0.0
GA00,48,0135,0.0,0.0,Coronavirus Local Fiscal Recovery Fund,Mayor's Office for People with Disabilities,DELEGATE AGENCIES,0.0,0.0
GA00,48,0140,0.0,0.0,Coronavirus Local Fiscal Recovery Fund,Mayor's Office for People with Disabilities,PROFESSIONAL AND TECHNICAL SERVICES,0.0,0.0
GA00,48,0270,0.0,0.0,Coronavirus Local Fiscal Recovery Fund,Mayor's Office for People with Disabilities,LOCAL TRANSPORTATION,0.0,0.0
GA00,48,0340,0.0,0.0,Coronavirus Local Fiscal Recovery Fund,Mayor's Office for People with Disabilities,MATERIAL AND SUPPLIES,0.0,0.0
GA00,48,909A,4879000.0,4879000.0,Coronavirus Local Fiscal Recovery Fund,Mayor's Office for People with Disabilities,Reserve Balance,0.0,0.0
GA00,50,0005,1898366.0,1898366.0,Coronavirus Local Fiscal Recovery Fund,Department of Family and Support Services,Salaries and Wages - on Payroll,0.0,0.0
GA00,50,0006,-51789.0,-51789.0,Coronavirus Local Fiscal Recovery Fund,Department of Family and Support Services,Salary Provision,0.0,-0.0
GA00,50,0015,9563.0,9563.0,Coronavirus Local Fiscal Recovery Fund,Department of Family and Support Services,Schedule Salary Adjustments,0.0,0.0
GA00,50,0044,1149049.0,1149049.0,Coronavirus Local Fiscal Recovery Fund,Department of Family and Support Services,Fringe Benefits,0.0,0.0
GA00,50,0135,47705811.0,47705811.0,Coronavirus Local Fiscal Recovery Fund,Department of Family and Support Services,For Delegate Agencies,0.0,0.0
GA00,50,0140,0.0,0.0,Coronavirus Local Fiscal Recovery Fund,Department of Family and Support Services,PROFESSIONAL AND TECHNICAL SERVICES,0.0,0.0
GA00,50,909A,58733023.0,90689000.0,Coronavirus Local Fiscal Recovery Fund,Department of Family and Support Services,Reserve Balance,-31955977.0,-35.23688319421319
GA00,54,0005,211194.0,211194.0,Coronavirus Local Fiscal Recovery Fund,Department of Planning and Development,Salaries and Wages - on Payroll,0.0,0.0
GA00,54,0006,50896.0,50896.0,Coronavirus Local Fiscal Recovery Fund,Department of Planning and Development,Salary Provision,0.0,0.0
GA00,54,0044,132910.0,132910.0,Coronavirus Local Fiscal Recovery Fund,Department of Planning and Development,Fringe Benefits,0.0,0.0
GA00,54,0135,0.0,0.0,Coronavirus Local Fiscal Recovery Fund,Department of Planning and Development,DELEGATE AGENCIES,0.0,0.0
GA00,54,0140,1200000.0,1200000.0,Coronavirus Local Fiscal Recovery Fund,Department of Planning and Development,For Professional and Technical Services and Other Third Party Benefit Agreements,0.0,0.0
GA00,54,0149,0.0,0.0,Coronavirus Local Fiscal Recovery Fund,Department of Planning and Development,SOFTWARE MAINTENANCE AND LICENSING,0.0,0.0
GA00,54,0169,0.0,0.0,Coronavirus Local Fiscal Recovery Fund,Department of Planning and Development,TECHNICAL MEETING COSTS,0.0,0.0
GA00,54,0446,0.0,0.0,Coronavirus Local Fiscal Recovery Fund,Department of Planning and Development,PURCHASE - IT HARDWARE,0.0,0.0
GA00,54,909A,12379000.0,12379000.0,Coronavirus Local Fiscal Recovery Fund,Department of Planning and Development,Reserve Balance,0.0,0.0
GA00,54,9103,0.0,0.0,Coronavirus Local Fiscal Recovery Fund,Department of Planning and Development,REHABILITATION LOANS GT,0.0,0.0
GA00,59,9646,74000000.0,0.0,Coronavirus Local Fiscal Recovery Fund,Chicago Fire Department,American Rescue Plan Revenue Replacement,74000000.0,0.0
GA00,70,0005,668091.0,668091.0,Coronavirus Local Fiscal Recovery Fund,Department of Business Affairs and Consumer Protection,Salaries and Wages - on Payroll,0.0,0.0
GA00,70,0006,48529.0,48529.0,Coronavirus Local Fiscal Recovery Fund,Department of Business Affairs and Consumer Protection,Salary Provision,0.0,0.0
GA00,70,0015,10836.0,10836.0,Coronavirus Local Fiscal Recovery Fund,Department of Business Affairs and Consumer Protection,Schedule Salary Adjustments,0.0,0.0
GA00,70,0044,410544.0,410544.0,Coronavirus Local Fiscal Recovery Fund,Department of Business Affairs and Consumer Protection,Fringe Benefits,0.0,0.0
GA00,70,0135,937977.0,29520000.0,Coronavirus Local Fiscal Recovery Fund,Department of Business Affairs and Consumer Protection,For Delegate Agencies,-28582023.0,-96.82257113821137
GA00,70,0149,0.0,0.0,Coronavirus Local Fiscal Recovery Fund,Department of Business Affairs and Consumer Protection,SOFTWARE MAINTENANCE AND LICENSING,0.0,0.0
GA00,70,0159,0.0,0.0,Coronavirus Local Fiscal Recovery Fund,Department of Business Affairs and Consumer Protection,LEASE/PURCHASE EQUIPMENT,0.0,0.0
GA00,70,0350,0.0,0.0,Coronavirus Local Fiscal Recovery Fund,Department of Business Affairs and Consumer Protection,STATIONERY AND OFFICE SUPPLIES,0.0,0.0
GA00,70,909A,8444000.0,9343000.0,Coronavirus Local Fiscal Recovery Fund,Department of Business Affairs and Consumer Protection,Reserve Balance,-899000.0,-9.622177030932248
GA00,70,9438,0.0,0.0,Coronavirus Local Fiscal Recovery Fund,Department of Business Affairs and Consumer Protection,REIMBURSEMENT - FFM,0.0,0.0
GJ51,5,0005,0.0,0.0,Community Development Block Grant Year LI,Office of Budget and Management,SALARIES AND WAGES - ON PAYROLL,0.0,0.0
GJ51,5,0039,0.0,0.0,Community Development Block Grant Year LI,Office of Budget and Management,STUDENT AS TRAINEES,0.0,0.0
GJ51,5,0044,0.0,0.0,Community Development Block Grant Year LI,Office of Budget and Management,FRINGE BENEFITS,0.0,0.0
GJ51,5,0140,0.0,0.0,Community Development Block Grant Year LI,Office of Budget and Management,PROFESSIONAL AND TECHNICAL SERVICES,0.0,0.0
GJ51,5,0152,0.0,0.0,Community Development Block Grant Year LI,Office of Budget and Management,ADVERTISING,0.0,0.0
GJ51,5,0157,0.0,0.0,Community Development Block Grant Year LI,Office of Budget and Management,RENTAL EQUIPMENT AND SERVICES,0.0,0.0
GJ51,5,0159,0.0,0.0,Community Development Block Grant Year LI,Office of Budget and Management,LEASE/PURCHASE EQUIPMENT,0.0,0.0
GJ51,5,0169,0.0,0.0,Community Development Block Grant Year LI,Office of Budget and Management,TECHNICAL MEETING COSTS,0.0,0.0
GJ51,5,0190,0.0,0.0,Community Development Block Grant Year LI,Office of Budget and Management,TELEPHONE - CENTREX BILLINGS,0.0,0.0
GJ51,5,0270,0.0,0.0,Community Development Block Grant Year LI,Office of Budget and Management,LOCAL TRANSPORTATION,0.0,0.0
GJ51,5,0348,0.0,0.0,Community Development Block Grant Year LI,Office of Budget and Management,BOOKS AND RELATED MATERIAL,0.0,0.0
GJ51,5,0350,0.0,0.0,Community Development Block Grant Year LI,Office of Budget and Management,STATIONERY AND OFFICE SUPPLIES,0.0,0.0
GJ51,5,9438,0.0,0.0,Community Development Block Grant Year LI,Office of Budget and Management,REIMBURSEMENT - FFM,0.0,0.0
GJ51,21,0005,1913031.0,1913031.0,Community Development Block Grant Year LI,Department of Housing,Salaries and Wages - on Payroll,0.0,0.0
GJ51,21,0006,83846.0,83846.0,Community Development Block Grant Year LI,Department of Housing,Salary Provision,0.0,0.0
GJ51,21,0015,31920.0,31920.0,Community Development Block Grant Year LI,Department of Housing,Schedule Salary Adjustments,0.0,0.0
GJ51,21,0044,1193649.0,1193649.0,Community Development Block Grant Year LI,Department of Housing,Fringe Benefits,0.0,0.0
GJ51,21,0135,1446000.0,1446000.0,Community Development Block Grant Year LI,Department of Housing,For Delegate Agencies,0.0,0.0
GJ51,21,0140,200000.0,200000.0,Community Development Block Grant Year LI,Department of Housing,For Professional and Technical Services and Other Third Party Benefit Agreements,0.0,0.0
GJ51,21,0143,0.0,0.0,Community Development Block Grant Year LI,Department of Housing,COURT REPORTING,0.0,0.0
GJ51,21,0149,4400.0,4400.0,Community Development Block Grant Year LI,Department of Housing,For Software Maintenance and Licensing,0.0,0.0
GJ51,21,0155,300000.0,300000.0,Community Development Block Grant Year LI,Department of Housing,Rental of Property,0.0,0.0
GJ51,21,0169,49000.0,49000.0,Community Development Block Grant Year LI,Department of Housing,Technical Meeting Costs,0.0,0.0
GJ51,21,0340,1000.0,1000.0,Community Development Block Grant Year LI,Department of Housing,Material and Supplies,0.0,0.0
GJ51,21,0801,1346000.0,1346000.0,Community Development Block Grant Year LI,Department of Housing,Indirect Costs,0.0,0.0
GJ51,21,909A,20721000.0,20721000.0,Community Development Block Grant Year LI,Department of Housing,Reserve Balance,0.0,0.0
GJ51,21,9103,12561000.0,12561000.0,Community Development Block Grant Year LI,Department of Housing,Rehabilitation Loans and Grants,0.0,0.0
GJ51,38,0005,249084.0,249084.0,Community Development Block Grant Year LI,Department of Fleet and Facility Management,Salaries and Wages - on Payroll,0.0,0.0
GJ51,38,0015,2070.0,2070.0,Community Development Block Grant Year LI,Department of Fleet and Facility Management,Schedule Salary Adjustments,0.0,0.0
GJ51,38,0044,148449.0,148449.0,Community Development Block Grant Year LI,Department of Fleet and Facility Management,Fringe Benefits,0.0,0.0
GJ51,38,0140,163397.0,163397.0,Community Development Block Grant Year LI,Department of Fleet and Facility Management,For Professional and Technical Services and Other Third Party Benefit Agreements,0.0,0.0
GJ51,41,0005,5009013.0,5009013.0,Community Development Block Grant Year LI,Chicago Department of Public Health,Salaries and Wages - on Payroll,0.0,0.0
GJ51,41,0006,54662.0,54662.0,Community Development Block Grant Year LI,Chicago Department of Public Health,Salary Provision,0.0,0.0
GJ51,41,0015,33710.0,33710.0,Community Development Block Grant Year LI,Chicago Department of Public Health,Schedule Salary Adjustments,0.0,0.0
GJ51,41,0044,3039694.0,3039694.0,Community Development Block Grant Year LI,Chicago Department of Public Health,Fringe Benefits,0.0,0.0
GJ51,41,0135,500000.0,500000.0,Community Development Block Grant Year LI,Chicago Department of Public Health,For Delegate Agencies,0.0,0.0
GJ51,41,0140,356501.0,356501.0,Community Development Block Grant Year LI,Chicago Department of Public Health,For Professional and Technical Services and Other Third Party Benefit Agreements,0.0,0.0
GJ51,41,0149,38500.0,38500.0,Community Development Block Grant Year LI,Chicago Department of Public Health,For Software Maintenance and Licensing,0.0,0.0
GJ51,41,0229,10879.0,10879.0,Community Development Block Grant Year LI,Chicago Department of Public Health,Transportation and Expense Allowance,0.0,0.0
GJ51,41,0342,0.0,0.0,Community Development Block Grant Year LI,Chicago Department of Public Health,DRUGS  MEDICINE AND CHEMICAL MATERIALS,0.0,0.0
GJ51,41,0801,0.0,0.0,Community Development Block Grant Year LI,Chicago Department of Public Health,INDIRECT COSTS,0.0,0.0
GJ51,45,0005,540341.0,540341.0,Community Development Block Grant Year LI,Chicago Commission on Human Relations,Salaries and Wages - on Payroll,0.0,0.0
GJ51,45,0006,108139.0,108139.0,Community Development Block Grant Year LI,Chicago Commission on Human Relations,Salary Provision,0.0,0.0
GJ51,45,0015,3010.0,3010.0,Community Development Block Grant Year LI,Chicago Commission on Human Relations,Schedule Salary Adjustments,0.0,0.0
GJ51,45,0044,322032.0,322032.0,Community Development Block Grant Year LI,Chicago Commission on Human Relations,Fringe Benefits,0.0,0.0
GJ51,45,0140,11589.0,11589.0,Community Development Block Grant Year LI,Chicago Commission on Human Relations,For Professional and Technical Services and Other Third Party Benefit Agreements,0.0,0.0
GJ51,45,0143,4000.0,4000.0,Community Development Block Grant Year LI,Chicago Commission on Human Relations,Court Reporting,0.0,0.0
GJ51,45,0152,8800.0,8800.0,Community Development Block Grant Year LI,Chicago Commission on Human Relations,Advertising,0.0,0.0
GJ51,45,0153,3200.0,3200.0,Community Development Block Grant Year LI,Chicago Commission on Human Relations,Promotions,0.0,0.0
GJ51,45,0159,1600.0,1600.0,Community Development Block Grant Year LI,Chicago Commission on Human Relations,Lease Purchase Agreements for Equipment and Machinery,0.0,0.0
GJ51,45,0169,7000.0,7000.0,Community Development Block Grant Year LI,Chicago Commission on Human Relations,Technical Meeting Costs,0.0,0.0
GJ51,45,0801,0.0,0.0,Community Development Block Grant Year LI,Chicago Commission on Human Relations,INDIRECT COSTS,0.0,0.0
GJ51,48,0005,399263.0,399263.0,Community Development Block Grant Year LI,Mayor's Office for People with Disabilities,Salaries and Wages - on Payroll,0.0,0.0
GJ51,48,0006,103.0,103.0,Community Development Block Grant Year LI,Mayor's Office for People with Disabilities,Salary Provision,0.0,0.0
GJ51,48,0015,3667.0,3667.0,Community Development Block Grant Year LI,Mayor's Office for People with Disabilities,Schedule Salary Adjustments,0.0,0.0
GJ51,48,0039,8728.0,8728.0,Community Development Block Grant Year LI,Mayor's Office for People with Disabilities,For the Employment of Students as Trainees,0.0,0.0
GJ51,48,0044,237953.0,237953.0,Community Development Block Grant Year LI,Mayor's Office for People with Disabilities,Fringe Benefits,0.0,0.0
GJ51,48,0135,2696000.0,2696000.0,Community Development Block Grant Year LI,Mayor's Office for People with Disabilities,For Delegate Agencies,0.0,0.0
GJ51,48,0138,75117.0,75117.0,Community Development Block Grant Year LI,Mayor's Office for People with Disabilities,For Professional Services for Information Technology Maintenance,0.0,0.0
GJ51,48,0140,158800.0,158800.0,Community Development Block Grant Year LI,Mayor's Office for People with Disabilities,For Professional and Technical Services and Other Third Party Benefit Agreements,0.0,0.0
GJ51,48,0270,210.0,210.0,Community Development Block Grant Year LI,Mayor's Office for People with Disabilities,Local Transportation,0.0,0.0
GJ51,48,0340,645.0,645.0,Community Development Block Grant Year LI,Mayor's Office for People with Disabilities,Material and Supplies,0.0,0.0
GJ51,48,0348,600.0,600.0,Community Development Block Grant Year LI,Mayor's Office for People with Disabilities,Books and Related Material,0.0,0.0
GJ51,48,0350,3950.0,3950.0,Community Development Block Grant Year LI,Mayor's Office for People with Disabilities,Stationery and Office Supplies,0.0,0.0
GJ51,48,0446,4255.0,4255.0,Community Development Block Grant Year LI,Mayor's Office for People with Disabilities,For the Purchase of IT and Data Communication Hardware,0.0,0.0
GJ51,48,0801,0.0,0.0,Community Development Block Grant Year LI,Mayor's Office for People with Disabilities,INDIRECT COSTS,0.0,0.0
GJ51,48,909A,0.0,0.0,Community Development Block Grant Year LI,Mayor's Office for People with Disabilities,RESERVE BALANCE,0.0,0.0
GJ51,50,0005,1351485.0,1351485.0,Community Development Block Grant Year LI,Department of Family and Support Services,Salaries and Wages - on Payroll,0.0,0.0
GJ51,50,0006,50772.0,50772.0,Community Development Block Grant Year LI,Department of Family and Support Services,Salary Provision,0.0,0.0
GJ51,50,0012,1474.0,1474.0,Community Development Block Grant Year LI,Department of Family and Support Services,Contract Wage Increment - Prevailing Rate,0.0,0.0
GJ51,50,0015,16531.0,16531.0,Community Development Block Grant Year LI,Department of Family and Support Services,Schedule Salary Adjustments,0.0,0.0
GJ51,50,0044,814660.0,814660.0,Community Development Block Grant Year LI,Department of Family and Support Services,Fringe Benefits,0.0,0.0
GJ51,50,0125,4500.0,4500.0,Community Development Block Grant Year LI,Department of Family and Support Services,Office and Building Services,0.0,0.0
GJ51,50,0135,8894140.0,8893850.0,Community Development Block Grant Year LI,Department of Family and Support Services,For Delegate Agencies,290.0,0.0032606801329008246
GJ51,50,0140,239808.0,239808.0,Community Development Block Grant Year LI,Department of Family and Support Services,For Professional and Technical Services and Other Third Party Benefit Agreements,0.0,0.0
GJ51,50,0152,500.0,500.0,Community Development Block Grant Year LI,Department of Family and Support Services,Advertising,0.0,0.0
GJ51,50,0157,200.0,200.0,Community Development Block Grant Year LI,Department of Family and Support Services,Rental of Equipment and Services,0.0,0.0
GJ51,50,0159,22625.0,22625.0,Community Development Block Grant Year LI,Department of Family and Support Services,Lease Purchase Agreements for Equipment and Machinery,0.0,0.0
GJ51,50,0166,69355.0,50000.0,Community Development Block Grant Year LI,Department of Family and Support Services,"Dues, Subscriptions and Memberships",19355.0,38.71
GJ51,50,0169,5026.0,5026.0,Community Development Block Grant Year LI,Department of Family and Support Services,Technical Meeting Costs,0.0,0.0
GJ51,50,0190,0.0,0.0,Community Development Block Grant Year LI,Department of Family and Support Services,TELEPHONE - CENTREX BILLINGS,0.0,0.0
GJ51,50,0197,0.0,0.0,Community Development Block Grant Year LI,Department of Family and Support Services,TELEPHONE - MAINTENANCE,0.0,0.0
GJ51,50,0270,450.0,450.0,Community Development Block Grant Year LI,Department of Family and Support Services,Local Transportation,0.0,0.0
GJ51,50,0340,3775.0,3775.0,Community Development Block Grant Year LI,Department of Family and Support Services,Material and Supplies,0.0,0.0
GJ51,50,0350,2400.0,2400.0,Community Development Block Grant Year LI,Department of Family and Support Services,Stationery and Office Supplies,0.0,0.0
GJ51,50,0801,0.0,0.0,Community Development Block Grant Year LI,Department of Family and Support Services,INDIRECT COSTS,0.0,0.0
GJ51,50,909A,0.0,0.0,Community Development Block Grant Year LI,Department of Family and Support Services,RESERVE BALANCE,0.0,0.0
GJ51,50,9438,13148.0,13148.0,Community Development Block Grant Year LI,Department of Family and Support Services,For Services Provided by the Department of Fleet and Facilities Management,0.0,0.0
GJ51,54,0005,981641.0,981641.0,Community Development Block Grant Year LI,Department of Planning and Development,Salaries and Wages - on Payroll,0.0,0.0
GJ51,54,0015,6918.0,6918.0,Community Development Block Grant Year LI,Department of Planning and Development,Schedule Salary Adjustments,0.0,0.0
GJ51,54,0044,608441.0,608441.0,Community Development Block Grant Year LI,Department of Planning and Development,Fringe Benefits,0.0,0.0
GJ51,54,0130,30000.0,30000.0,Community Development Block Grant Year LI,Department of Planning and Development,Postage,0.0,0.0
GJ51,54,0140,50000.0,50000.0,Community Development Block Grant Year LI,Department of Planning and Development,For Professional and Technical Services and Other Third Party Benefit Agreements,0.0,0.0
GJ51,54,0801,0.0,0.0,Community Development Block Grant Year LI,Department of Planning and Development,INDIRECT COSTS,0.0,0.0
GJ51,84,0140,0.0,0.0,Community Development Block Grant Year LI,Chicago Department of Transportation,PROFESSIONAL AND TECHNICAL SERVICES,0.0,0.0
GJ51,88,0140,0.0,0.0,Community Development Block Grant Year LI,Department of Water Management,PROFESSIONAL AND TECHNICAL SERVICES,0.0,0.0
GJ51,88,0540,4768000.0,4768000.0,Community Development Block Grant Year LI,Department of Water Management,Construction of Buildings and Other Structures,0.0,0.0
GJ51,88,909A,9950000.0,9950000.0,Community Development Block Grant Year LI,Department of Water Management,Reserve Balance,0.0,0.0
